,genero,edad,ciudad,fecha_registro,fecha_pedido,nombre_restaurante,nombre_plato,categoria,cantidad,precio,metodo_pago,frecuencia_pedidos,fecha_ultimo_pedido,puntos_fidelidad,abandono,calificacion,fecha_calificacion,estado_entrega
0,Male,Adult,Peshawar,2024-01-14,2023-08-23,McDonald's,Burger,Italian,5,1478.27,Cash,38,2025-07-19,238,Active,3,2024-10-14,Cancelled
1,Male,Adult,Multan,2024-07-07,2023-08-23,KFC,Burger,Italian,3,956.04,Wallet,24,2024-11-25,81,Active,2,2025-08-21,Delayed
2,Other,Senior,Multan,2025-06-20,2023-08-23,Pizza Hut,Fries,Italian,2,882.51,Cash,42,2025-10-05,82,Inactive,3,2024-09-19,Delayed
3,Female,Senior,Peshawar,2023-05-09,2023-08-23,Subway,Pizza,Dessert,4,231.3,Card,27,2025-07-24,45,Inactive,2,2025-06-29,Delayed
4,Other,Senior,Lahore,2023-12-29,2023-08-24,KFC,Sandwich,Dessert,1,1156.69,Cash,35,2024-12-21,418,Inactive,3,2025-06-03,Cancelled
5,Other,Adult,Karachi,2023-09-28,2023-08-24,Burger King,Pizza,Fast Food,5,1213.62,Cash,45,2024-10-10,418,Inactive,4,2025-01-06,Delivered
6,Male,Adult,Lahore,2025-08-04,2023-08-24,McDonald's,Pasta,Continental,5,672.91,Wallet,31,2025-05-25,347,Active,1,2025-04-03,Cancelled
7,Male,Adult,Peshawar,2024-05-02,2023-08-24,Pizza Hut,Pizza,Chinese,2,271.74,Cash,14,2025-01-05,429,Active,2,2024-09-30,Delivered
8,Other,Senior,Karachi,2024-12-17,2023-08-24,KFC,Pizza,Dessert,5,596.96,Wallet,1,2025-05-16,24,Active,4,2024-10-27,Delayed
9,Male,Adult,Karachi,2023-10-13,2023-08-24,Pizza Hut,Pizza,Continental,2,1443.25,Cash,15,2025-02-23,270,Inactive,3,2024-11-10,Delayed
10,Male,Adult,Lahore,2025-07-30,2023-08-24,Subway,Sandwich,Continental,2,645.52,Cash,32,2025-08-04,133,Active,4,2024-05-12,Delayed
11,Female,Senior,Multan,2025-01-24,2023-08-24,Burger King,Burger,Fast Food,1,126.53,Wallet,45,2024-09-26,48,Inactive,2,2025-08-20,Cancelled
12,Male,Senior,Islamabad,2024-12-27,2023-08-24,Subway,Pizza,Italian,1,465.75,Card,29,2024-12-26,394,Active,4,2025-04-16,Cancelled
13,Female,Senior,Multan,2025-11-04,2023-08-24,Burger King,Sandwich,Continental,3,796.91,Wallet,39,2024-12-11,5,Inactive,5,2025-02-27,Delivered
14,Male,Teenager,Islamabad,2023-11-29,2023-08-24,KFC,Pizza,Fast Food,4,1140.76,Wallet,23,2025-04-22,492,Inactive,5,2025-04-19,Delayed
15,Other,Adult,Islamabad,2024-11-25,2023-08-25,Subway,Pizza,Continental,1,1285.18,Cash,10,2025-09-04,196,Inactive,2,2025-10-06,Delayed
16,Female,Teenager,Karachi,2025-06-20,2023-08-25,Burger King,Burger,Dessert,1,673.86,Wallet,38,2025-07-07,439,Inactive,2,2025-09-07,Delivered
17,Female,Senior,Islamabad,2024-12-30,2023-08-25,KFC,Burger,Chinese,2,330.93,Cash,45,2025-07-17,455,Active,2,2024-11-28,Cancelled
18,Other,Teenager,Peshawar,2024-05-08,2023-08-25,Subway,Pasta,Fast Food,2,991.17,Wallet,6,2025-04-22,101,Active,2,2025-03-27,Cancelled
19,Female,Adult,Lahore,2023-05-10,2023-08-25,Subway,Pasta,Chinese,1,1485.16,Card,46,2025-04-24,171,Inactive,3,2025-05-08,Delayed
20,Female,Adult,Lahore,2024-08-30,2023-08-25,Subway,Sandwich,Italian,2,802.12,Wallet,22,2024-09-15,32,Inactive,4,2025-11-06,Cancelled
21,Female,Teenager,Lahore,2024-02-25,2023-08-25,Pizza Hut,Sandwich,Italian,1,1394.47,Cash,13,2025-06-16,273,Inactive,2,2025-07-20,Delayed
22,Male,Teenager,Multan,2024-09-28,2023-08-25,Pizza Hut,Pizza,Italian,3,1287.69,Wallet,49,2025-05-06,35,Active,4,2024-10-11,Delivered
23,Other,Adult,Lahore,2025-01-26,2023-08-25,Burger King,Pasta,Continental,5,785.37,Card,49,2024-10-21,463,Active,2,2025-05-19,Delivered
24,Other,Teenager,Karachi,2024-07-07,2023-08-25,Pizza Hut,Fries,Dessert,2,1304.8,Cash,2,2024-01-12,435,Inactive,1,2024-11-29,Cancelled
25,Female,Teenager,Peshawar,2023-11-27,2023-08-26,KFC,Fries,Continental,1,599.7,Wallet,35,2025-06-26,172,Active,4,2024-10-11,Delayed
26,Male,Adult,Lahore,2025-05-25,2023-08-26,McDonald's,Burger,Continental,3,1065.15,Cash,38,2024-12-13,250,Inactive,2,2025-04-18,Cancelled
27,Male,Teenager,Lahore,2024-06-29,2023-08-26,McDonald's,Pasta,Chinese,5,576.33,Card,7,2025-03-05,60,Active,3,2025-03-06,Cancelled
28,Female,Adult,Karachi,2024-06-16,2023-08-26,KFC,Fries,Chinese,3,761.47,Card,3,2025-08-01,240,Inactive,2,2024-11-29,Delivered
29,Female,Senior,Islamabad,2023-07-11,2023-08-26,KFC,Pizza,Italian,5,1267.2,Card,32,2024-10-11,72,Active,5,2024-10-21,Delayed
30,Male,Teenager,Islamabad,2025-07-20,2023-08-26,KFC,Pizza,Continental,3,1044.89,Card,31,2024-09-15,496,Inactive,2,2024-12-27,Delayed
31,Female,Senior,Islamabad,2023-11-22,2023-08-26,Burger King,Pizza,Chinese,4,343.52,Card,34,2024-09-29,164,Active,3,2025-01-25,Delivered
32,Male,Senior,Multan,2025-07-07,2023-08-26,Burger King,Sandwich,Continental,2,209.77,Cash,16,2024-11-20,453,Active,3,2024-04-09,Cancelled
33,Other,Teenager,Peshawar,2025-02-07,2023-08-26,Subway,Pasta,Chinese,3,1052.17,Cash,12,2025-04-21,14,Inactive,3,2025-08-02,Delayed
34,Female,Adult,Islamabad,2025-01-07,2023-08-26,McDonald's,Pizza,Italian,2,1030.25,Wallet,5,2025-06-26,273,Active,1,2025-05-02,Cancelled
35,Other,Adult,Peshawar,2024-10-03,2023-08-26,Subway,Sandwich,Italian,5,909.48,Wallet,3,2025-07-28,224,Inactive,3,2025-05-25,Cancelled
36,Male,Teenager,Multan,2025-05-03,2023-08-26,Pizza Hut,Sandwich,Italian,3,192.88,Wallet,26,2025-03-06,18,Active,3,2025-01-13,Cancelled
37,Female,Senior,Lahore,2023-04-12,2023-08-26,McDonald's,Burger,Chinese,2,1471.81,Wallet,25,2024-12-27,444,Active,3,2025-06-14,Delivered
38,Other,Adult,Lahore,2023-12-31,2023-08-26,Subway,Pizza,Italian,1,956.03,Card,39,2025-04-19,167,Inactive,5,2025-04-01,Delivered
39,Male,Senior,Multan,2025-01-20,2023-08-27,Pizza Hut,Pizza,Dessert,3,222.14,Wallet,4,2025-03-25,148,Inactive,2,2025-01-01,Delayed
40,Other,Adult,Lahore,2024-05-24,2023-08-27,Burger King,Pasta,Italian,2,522.0,Cash,12,2025-03-30,246,Inactive,3,2024-09-20,Delayed
41,Male,Teenager,Islamabad,2024-03-25,2023-08-27,Pizza Hut,Pizza,Italian,3,795.3,Card,15,2025-02-06,179,Inactive,4,2025-01-13,Delayed
42,Other,Teenager,Multan,2024-02-26,2023-08-27,Subway,Burger,Chinese,3,768.49,Wallet,40,2024-12-23,495,Inactive,5,2025-06-01,Delivered
43,Female,Teenager,Multan,2025-07-18,2023-08-27,KFC,Fries,Chinese,2,198.12,Card,7,2025-01-31,13,Inactive,3,2025-06-27,Cancelled
44,Other,Teenager,Islamabad,2024-08-15,2023-08-27,KFC,Fries,Chinese,1,196.28,Card,22,2025-08-17,378,Inactive,4,2025-04-03,Delivered
45,Other,Teenager,Lahore,2024-07-01,2023-08-27,Subway,Burger,Continental,1,364.91,Card,1,2025-06-05,98,Active,5,2025-08-18,Delayed
46,Female,Senior,Multan,2023-11-27,2023-08-27,McDonald's,Sandwich,Italian,5,275.53,Cash,7,2024-06-12,138,Active,2,2025-06-22,Delivered
47,Other,Teenager,Karachi,2023-04-12,2023-08-27,KFC,Pizza,Italian,1,249.9,Cash,20,2025-03-22,70,Inactive,1,2025-07-20,Delayed
48,Other,Adult,Karachi,2024-10-11,2023-08-27,Subway,Sandwich,Continental,4,1226.08,Cash,32,2025-06-02,372,Active,4,2025-06-18,Delivered
49,Female,Adult,Lahore,2023-09-10,2023-08-28,Subway,Fries,Continental,3,1120.65,Card,46,2024-02-12,453,Active,4,2025-08-19,Cancelled
50,Other,Senior,Multan,2024-07-11,2023-08-28,Subway,Sandwich,Fast Food,3,1056.2,Card,26,2024-10-14,116,Active,5,2025-02-16,Cancelled
51,Female,Adult,Peshawar,2025-01-16,2023-08-28,Burger King,Burger,Continental,3,931.02,Wallet,30,2025-10-07,211,Inactive,3,2025-03-18,Delayed
52,Other,Senior,Lahore,2024-02-12,2023-08-28,Pizza Hut,Pizza,Fast Food,2,1431.45,Wallet,15,2025-04-05,190,Inactive,4,2024-08-10,Cancelled
53,Male,Adult,Multan,2024-04-17,2023-08-28,KFC,Pizza,Italian,5,167.62,Card,13,2024-08-09,388,Active,4,2024-07-11,Delivered
54,Male,Adult,Islamabad,2024-10-22,2023-08-28,Subway,Pasta,Chinese,2,118.82,Card,12,2025-10-05,87,Active,1,2024-09-14,Cancelled
55,Female,Adult,Karachi,2024-10-08,2023-08-29,Pizza Hut,Pasta,Fast Food,1,492.46,Cash,10,2025-01-16,383,Active,1,2024-09-09,Delivered
56,Male,Teenager,Multan,2023-11-28,2023-08-29,Pizza Hut,Pasta,Chinese,5,1275.96,Card,28,2024-09-11,312,Inactive,2,2024-12-29,Delivered
57,Male,Teenager,Multan,2024-03-06,2023-08-29,McDonald's,Sandwich,Chinese,1,1462.99,Wallet,36,2025-03-26,316,Inactive,4,2024-11-30,Cancelled
58,Female,Adult,Karachi,2025-02-19,2023-08-29,McDonald's,Pasta,Chinese,2,1221.24,Cash,13,2025-12-02,286,Active,4,2025-03-15,Cancelled
59,Male,Adult,Multan,2023-03-09,2023-08-29,McDonald's,Pasta,Fast Food,1,1033.71,Card,47,2024-08-30,4,Active,2,2024-12-24,Delivered
60,Female,Adult,Islamabad,2024-10-30,2023-08-30,Burger King,Pizza,Continental,4,299.44,Cash,27,2025-06-02,480,Inactive,3,2024-01-12,Delivered
61,Other,Senior,Islamabad,2024-06-07,2023-08-30,Pizza Hut,Pasta,Dessert,3,1310.72,Wallet,41,2025-07-08,47,Active,3,2024-11-20,Cancelled
62,Male,Teenager,Islamabad,2025-07-19,2023-08-30,KFC,Pizza,Italian,4,343.94,Cash,20,2025-01-27,389,Active,3,2024-11-20,Cancelled
63,Other,Senior,Karachi,2024-11-27,2023-08-30,Subway,Pizza,Continental,1,1416.38,Wallet,27,2024-05-11,25,Inactive,3,2025-06-28,Cancelled
64,Other,Adult,Islamabad,2024-03-08,2023-08-30,Pizza Hut,Fries,Dessert,3,622.55,Cash,32,2024-08-26,92,Active,3,2025-05-15,Delayed
65,Other,Teenager,Islamabad,2024-08-05,2023-08-30,Burger King,Burger,Chinese,3,266.63,Wallet,13,2024-09-14,429,Active,2,2025-05-25,Cancelled
66,Other,Adult,Peshawar,2025-09-03,2023-08-30,KFC,Fries,Continental,4,1052.03,Cash,44,2025-04-16,107,Inactive,4,2025-12-03,Delivered
67,Other,Adult,Peshawar,2023-12-19,2023-08-30,McDonald's,Burger,Italian,3,519.94,Card,30,2024-08-10,195,Active,1,2025-08-02,Delivered
68,Female,Adult,Islamabad,2025-01-22,2023-08-30,Burger King,Pizza,Italian,2,1296.57,Card,16,2024-12-13,31,Inactive,3,2025-03-13,Cancelled
69,Other,Teenager,Lahore,2024-06-20,2023-08-31,Subway,Sandwich,Continental,5,575.25,Card,8,2025-04-15,168,Active,1,2025-06-05,Cancelled
70,Female,Teenager,Lahore,2025-04-27,2023-08-31,Pizza Hut,Pasta,Dessert,3,1487.08,Cash,2,2024-09-17,205,Active,5,2024-09-13,Delivered
71,Female,Teenager,Peshawar,2024-11-01,2023-08-31,Burger King,Pizza,Chinese,1,1071.22,Cash,5,2025-06-15,56,Inactive,5,2024-11-10,Delivered
72,Other,Senior,Lahore,2024-10-14,2023-08-31,Pizza Hut,Burger,Fast Food,2,181.27,Cash,12,2024-08-28,364,Inactive,5,2024-11-20,Cancelled
73,Female,Senior,Peshawar,2024-11-08,2023-08-31,KFC,Burger,Fast Food,1,397.47,Wallet,5,2025-12-04,180,Active,1,2025-10-06,Cancelled
74,Female,Senior,Lahore,2023-09-13,2023-08-31,Pizza Hut,Fries,Chinese,5,1475.86,Card,13,2025-07-13,59,Active,4,2025-09-02,Cancelled
75,Other,Teenager,Peshawar,2023-09-23,2023-08-31,McDonald's,Pizza,Italian,4,1143.99,Wallet,26,2024-09-26,323,Inactive,4,2025-03-24,Delivered
76,Other,Senior,Islamabad,2024-02-14,2023-08-31,KFC,Fries,Chinese,1,1492.84,Wallet,50,2025-03-28,423,Active,1,2025-09-02,Cancelled
77,Other,Adult,Islamabad,2025-10-06,2023-01-09,KFC,Pasta,Italian,3,101.29,Wallet,28,2025-01-17,468,Inactive,3,2025-07-02,Delivered
78,Other,Teenager,Karachi,2025-05-06,2023-01-09,Burger King,Pasta,Fast Food,2,528.24,Cash,24,2025-08-02,149,Inactive,4,2024-08-24,Delayed
79,Female,Teenager,Peshawar,2023-11-17,2023-01-09,McDonald's,Burger,Continental,3,716.53,Card,3,2025-02-20,432,Inactive,1,2024-09-17,Cancelled
80,Male,Senior,Peshawar,2025-02-08,2023-01-09,Subway,Pasta,Fast Food,3,1135.18,Cash,2,2024-01-10,113,Active,2,2024-11-29,Cancelled
81,Other,Adult,Multan,2024-12-29,2023-01-09,Burger King,Fries,Chinese,2,388.86,Cash,31,2024-01-09,39,Inactive,3,2024-05-10,Cancelled
82,Other,Teenager,Islamabad,2024-03-25,2023-01-09,Subway,Pasta,Dessert,5,362.35,Cash,23,2025-02-28,309,Active,5,2025-03-01,Delayed
83,Male,Adult,Multan,2024-12-18,2023-01-09,Burger King,Sandwich,Continental,4,172.76,Wallet,23,2025-05-18,356,Inactive,5,2025-01-25,Delivered
84,Male,Senior,Lahore,2025-02-05,2023-02-09,Burger King,Sandwich,Chinese,3,184.12,Card,41,2025-02-23,491,Inactive,4,2025-02-02,Cancelled
85,Other,Adult,Peshawar,2024-08-23,2023-02-09,Pizza Hut,Fries,Italian,3,124.6,Card,26,2025-06-05,297,Inactive,2,2024-11-28,Cancelled
86,Other,Teenager,Lahore,2025-07-26,2023-02-09,McDonald's,Pizza,Dessert,4,664.08,Cash,20,2025-10-04,354,Inactive,3,2025-09-04,Cancelled
87,Female,Senior,Peshawar,2024-01-23,2023-02-09,Pizza Hut,Pizza,Continental,1,1465.02,Card,45,2025-04-07,420,Active,1,2025-02-20,Delivered
88,Female,Adult,Peshawar,2023-10-27,2023-02-09,Subway,Pizza,Continental,2,158.21,Cash,8,2024-12-27,321,Active,3,2025-12-02,Delayed
89,Other,Adult,Peshawar,2024-11-06,2023-02-09,Pizza Hut,Pizza,Continental,2,949.78,Card,46,2025-04-14,435,Active,1,2025-08-14,Cancelled
90,Male,Teenager,Peshawar,2024-09-05,2023-02-09,McDonald's,Pasta,Continental,1,1047.07,Wallet,50,2025-01-29,328,Inactive,2,2024-01-09,Delayed
91,Male,Adult,Islamabad,2025-05-25,2023-02-09,KFC,Pizza,Dessert,2,1491.88,Cash,44,2025-12-03,330,Active,5,2024-07-09,Delayed
92,Other,Senior,Multan,2025-10-04,2023-02-09,KFC,Pizza,Italian,4,1014.28,Card,41,2025-07-22,0,Active,1,2025-01-23,Delivered
93,Male,Teenager,Lahore,2024-09-13,2023-02-09,Subway,Burger,Fast Food,2,941.02,Wallet,5,2025-07-18,468,Active,1,2025-02-27,Delivered
94,Other,Senior,Islamabad,2023-12-29,2023-03-09,Subway,Pasta,Chinese,1,1187.79,Cash,41,2025-05-07,22,Inactive,2,2024-12-13,Cancelled
95,Other,Senior,Multan,2025-03-30,2023-03-09,McDonald's,Pizza,Chinese,3,1201.49,Cash,37,2025-04-30,293,Active,1,2024-11-30,Delayed
96,Female,Senior,Islamabad,2024-03-15,2023-03-09,Pizza Hut,Pizza,Dessert,4,579.72,Wallet,40,2025-07-14,170,Inactive,3,2025-06-02,Delayed
97,Other,Adult,Peshawar,2025-06-06,2023-03-09,KFC,Burger,Chinese,4,599.35,Cash,3,2025-08-04,322,Inactive,2,2025-01-15,Cancelled
98,Male,Senior,Peshawar,2024-07-02,2023-03-09,Burger King,Pasta,Fast Food,4,1418.27,Wallet,14,2025-05-18,291,Inactive,3,2025-10-02,Cancelled
99,Female,Adult,Lahore,2024-08-11,2023-03-09,Subway,Pasta,Continental,2,1174.62,Card,50,2025-11-02,64,Active,5,2025-03-24,Cancelled
100,Other,Teenager,Islamabad,2024-10-22,2023-03-09,KFC,Fries,Continental,4,213.52,Cash,50,2025-01-22,24,Active,3,2024-12-14,Cancelled
101,Male,Senior,Islamabad,2024-04-27,2023-04-09,KFC,Fries,Chinese,3,566.9,Wallet,22,2025-03-27,387,Active,3,2025-02-22,Cancelled
102,Other,Teenager,Lahore,2024-05-15,2023-04-09,Burger King,Pasta,Italian,3,881.71,Wallet,16,2025-06-25,26,Active,2,2024-11-20,Cancelled
103,Other,Adult,Multan,2023-01-11,2023-04-09,Subway,Fries,Chinese,3,1142.45,Wallet,9,2024-08-09,397,Inactive,1,2025-03-20,Delayed
104,Male,Teenager,Islamabad,2024-12-28,2023-04-09,McDonald's,Fries,Continental,3,734.85,Card,48,2024-09-21,245,Active,4,2024-10-17,Delivered
105,Female,Teenager,Lahore,2024-01-27,2023-04-09,Subway,Pasta,Fast Food,4,1303.08,Wallet,19,2025-09-07,62,Active,1,2025-08-04,Delayed
106,Female,Adult,Peshawar,2025-05-05,2023-04-09,Subway,Pizza,Italian,2,526.39,Wallet,7,2025-06-22,83,Inactive,1,2025-04-04,Delayed
107,Male,Teenager,Islamabad,2024-11-02,2023-04-09,Pizza Hut,Sandwich,Fast Food,3,897.81,Cash,15,2025-08-14,193,Active,5,2025-06-19,Cancelled
108,Other,Senior,Multan,2024-03-16,2023-05-09,Subway,Burger,Chinese,4,949.24,Card,21,2025-06-15,264,Active,2,2024-11-21,Cancelled
109,Male,Teenager,Lahore,2024-07-21,2023-05-09,Subway,Fries,Italian,5,904.16,Card,10,2025-02-20,118,Inactive,4,2025-03-02,Delayed
110,Other,Senior,Islamabad,2023-10-12,2023-05-09,Subway,Pizza,Continental,4,321.23,Wallet,32,2025-03-17,145,Inactive,2,2025-06-06,Delivered
111,Other,Teenager,Multan,2024-10-30,2023-05-09,McDonald's,Fries,Fast Food,4,1071.49,Card,39,2025-04-06,1,Active,2,2025-02-15,Delayed
112,Male,Adult,Multan,2023-08-26,2023-05-09,Burger King,Fries,Dessert,3,465.28,Wallet,4,2025-06-06,71,Active,4,2025-06-15,Delivered
113,Male,Teenager,Peshawar,2024-11-13,2023-05-09,Pizza Hut,Pizza,Continental,3,141.58,Wallet,30,2024-05-09,363,Active,2,2025-04-27,Delivered
114,Female,Senior,Peshawar,2025-12-04,2023-05-09,Pizza Hut,Pizza,Continental,5,699.7,Cash,20,2024-09-16,183,Active,3,2025-07-24,Delivered
115,Male,Teenager,Islamabad,2025-01-17,2023-06-09,McDonald's,Sandwich,Continental,3,1428.01,Cash,50,2024-10-10,185,Active,4,2025-05-21,Cancelled
116,Other,Adult,Lahore,2025-05-20,2023-06-09,KFC,Fries,Italian,5,218.68,Wallet,26,2024-07-12,249,Active,4,2025-10-03,Delivered
117,Other,Adult,Multan,2023-06-10,2023-06-09,Pizza Hut,Burger,Dessert,4,395.88,Card,37,2024-11-11,113,Inactive,3,2025-04-16,Delayed
118,Female,Teenager,Islamabad,2024-10-13,2023-06-09,Burger King,Sandwich,Dessert,2,235.82,Wallet,28,2025-08-16,452,Inactive,1,2024-08-25,Delayed
119,Female,Senior,Lahore,2024-03-18,2023-06-09,KFC,Sandwich,Italian,5,626.86,Card,47,2025-03-28,117,Inactive,4,2025-03-21,Delayed
120,Other,Adult,Peshawar,2025-10-08,2023-06-09,McDonald's,Fries,Dessert,3,667.31,Cash,22,2024-12-29,375,Active,3,2024-09-15,Delivered
121,Male,Adult,Multan,2024-12-18,2023-06-09,KFC,Sandwich,Dessert,2,893.55,Cash,17,2024-10-21,497,Inactive,3,2024-11-20,Delayed
122,Female,Adult,Karachi,2025-01-31,2023-06-09,Subway,Pasta,Italian,1,368.03,Cash,25,2024-12-19,83,Inactive,4,2024-12-21,Delayed
123,Male,Teenager,Karachi,2025-06-04,2023-07-09,KFC,Fries,Fast Food,1,708.22,Cash,39,2025-01-19,441,Active,5,2024-12-09,Delayed
124,Male,Teenager,Multan,2024-10-08,2023-07-09,Burger King,Burger,Fast Food,3,892.81,Cash,25,2025-02-07,335,Inactive,4,2025-02-20,Cancelled
125,Other,Teenager,Lahore,2024-12-04,2023-07-09,Burger King,Burger,Continental,4,1043.78,Card,6,2025-04-15,114,Active,2,2025-05-06,Delayed
126,Other,Senior,Islamabad,2025-05-28,2023-07-09,Burger King,Fries,Italian,5,162.05,Wallet,27,2025-01-24,271,Inactive,2,2025-09-06,Cancelled
127,Other,Teenager,Peshawar,2024-03-07,2023-07-09,McDonald's,Pasta,Italian,4,792.08,Card,19,2024-09-21,296,Inactive,4,2024-09-13,Delivered
128,Female,Teenager,Islamabad,2025-06-02,2023-07-09,KFC,Pasta,Dessert,5,1356.66,Card,30,2024-11-13,470,Inactive,4,2024-07-11,Cancelled
129,Male,Senior,Karachi,2024-08-19,2023-07-09,KFC,Pizza,Italian,1,820.53,Card,18,2025-05-24,402,Inactive,1,2025-08-21,Delivered
130,Female,Adult,Multan,2025-06-27,2023-07-09,KFC,Burger,Fast Food,2,1115.36,Card,9,2024-10-20,294,Active,2,2025-04-30,Delayed
131,Male,Senior,Lahore,2025-04-27,2023-07-09,KFC,Pasta,Chinese,3,1186.98,Card,11,2025-12-04,134,Inactive,2,2025-08-07,Cancelled
132,Male,Teenager,Multan,2025-06-26,2023-07-09,Burger King,Fries,Continental,2,1215.67,Wallet,8,2025-06-29,186,Inactive,4,2024-12-27,Delivered
133,Male,Teenager,Peshawar,2025-05-17,2023-07-09,Burger King,Pizza,Chinese,2,614.0,Card,21,2025-05-03,52,Active,3,2024-05-11,Cancelled
134,Male,Adult,Peshawar,2024-10-18,2023-08-09,Burger King,Sandwich,Chinese,2,212.59,Cash,26,2025-06-26,302,Active,1,2024-09-20,Delivered
135,Male,Senior,Lahore,2024-01-03,2023-08-09,Subway,Fries,Continental,3,1097.28,Card,20,2024-09-22,22,Active,5,2024-11-30,Delayed
136,Female,Adult,Multan,2024-05-16,2023-08-09,Subway,Sandwich,Continental,2,1033.59,Card,1,2025-01-16,255,Active,1,2024-06-10,Delayed
137,Female,Senior,Islamabad,2024-01-07,2023-09-09,Burger King,Burger,Fast Food,4,466.04,Cash,27,2024-09-25,169,Inactive,1,2025-10-04,Cancelled
138,Other,Teenager,Lahore,2024-02-27,2023-09-09,KFC,Burger,Chinese,2,724.91,Cash,18,2024-04-12,438,Inactive,4,2025-03-23,Cancelled
139,Male,Adult,Multan,2025-02-22,2023-09-09,Burger King,Burger,Fast Food,3,1128.96,Card,12,2025-08-17,487,Active,3,2025-05-13,Cancelled
140,Male,Teenager,Karachi,2025-07-04,2023-09-09,Pizza Hut,Fries,Italian,5,122.84,Cash,43,2025-05-24,104,Active,5,2025-03-29,Delivered
141,Male,Senior,Lahore,2023-11-29,2023-09-09,Subway,Fries,Continental,3,440.0,Wallet,11,2024-12-23,497,Active,3,2025-01-13,Delivered
142,Male,Adult,Karachi,2024-06-22,2023-09-09,Burger King,Sandwich,Chinese,2,1207.62,Wallet,46,2025-02-22,91,Active,2,2025-03-13,Delivered
143,Female,Adult,Peshawar,2025-03-20,2023-09-09,McDonald's,Pizza,Continental,3,1147.65,Wallet,45,2025-04-15,353,Active,4,2024-12-12,Delivered
144,Other,Adult,Peshawar,2023-08-31,2023-09-09,Pizza Hut,Sandwich,Continental,5,1203.99,Wallet,1,2025-04-17,106,Inactive,4,2025-02-07,Delayed
145,Female,Teenager,Karachi,2024-06-30,2023-09-09,McDonald's,Burger,Chinese,2,1417.09,Card,46,2025-01-01,355,Active,3,2025-05-03,Cancelled
146,Male,Teenager,Karachi,2024-06-21,2023-09-09,Pizza Hut,Fries,Italian,5,1010.15,Cash,25,2025-08-03,461,Active,3,2025-07-16,Cancelled
147,Other,Teenager,Peshawar,2025-03-25,2023-10-09,KFC,Sandwich,Italian,4,589.82,Cash,28,2024-11-12,162,Inactive,2,2025-07-08,Delivered
148,Female,Senior,Karachi,2025-01-20,2023-10-09,KFC,Pizza,Fast Food,1,394.08,Card,1,2025-06-02,169,Inactive,4,2024-12-14,Delayed
149,Male,Senior,Multan,2025-01-30,2023-10-09,McDonald's,Sandwich,Italian,4,1460.35,Card,9,2025-04-19,315,Active,5,2025-01-25,Cancelled
150,Other,Senior,Lahore,2023-09-25,2023-10-09,Subway,Pasta,Fast Food,5,1397.42,Card,18,2024-08-27,36,Active,2,2025-11-03,Cancelled
151,Other,Adult,Lahore,2023-03-10,2023-10-09,Burger King,Sandwich,Italian,3,257.86,Wallet,47,2025-01-25,327,Inactive,5,2025-07-27,Cancelled
152,Female,Adult,Karachi,2023-12-26,2023-10-09,McDonald's,Burger,Fast Food,3,882.75,Wallet,16,2025-01-28,13,Active,4,2024-08-10,Delayed
153,Male,Teenager,Multan,2024-10-05,2023-10-09,Burger King,Pasta,Dessert,5,689.01,Card,3,2025-08-03,189,Inactive,3,2024-12-20,Cancelled
154,Male,Adult,Lahore,2023-09-24,2023-10-09,Subway,Pasta,Continental,2,1452.79,Cash,30,2024-06-10,382,Active,4,2025-12-04,Cancelled
155,Other,Teenager,Islamabad,2024-11-16,2023-10-09,Subway,Pasta,Chinese,3,460.45,Card,40,2024-11-23,4,Active,4,2025-03-05,Cancelled
156,Male,Senior,Lahore,2025-01-26,2023-10-09,Burger King,Pasta,Continental,3,648.85,Card,36,2025-08-19,289,Inactive,5,2025-07-07,Delivered
157,Male,Senior,Multan,2023-09-30,2023-10-09,Subway,Fries,Continental,1,512.77,Cash,18,2025-01-01,434,Inactive,1,2025-01-14,Cancelled
158,Other,Adult,Islamabad,2025-04-08,2023-11-09,Burger King,Burger,Italian,3,1443.13,Card,1,2024-04-12,0,Inactive,1,2025-07-16,Delayed
159,Male,Adult,Karachi,2025-06-03,2023-11-09,Burger King,Sandwich,Continental,3,191.26,Card,33,2024-09-17,393,Inactive,2,2025-04-05,Cancelled
160,Female,Senior,Karachi,2025-03-07,2023-11-09,Pizza Hut,Pasta,Fast Food,1,309.02,Card,2,2024-08-31,477,Active,5,2025-03-23,Cancelled
161,Other,Senior,Karachi,2024-07-16,2023-11-09,Pizza Hut,Burger,Dessert,3,465.95,Card,38,2024-10-26,275,Inactive,4,2024-10-13,Cancelled
162,Other,Senior,Islamabad,2025-06-24,2023-11-09,McDonald's,Pasta,Fast Food,5,749.95,Card,38,2025-04-03,84,Active,2,2024-10-18,Delayed
163,Other,Teenager,Lahore,2025-03-30,2023-11-09,Pizza Hut,Pizza,Chinese,5,365.02,Cash,49,2024-09-25,296,Inactive,4,2025-03-27,Cancelled
164,Other,Teenager,Multan,2024-08-24,2023-11-09,KFC,Sandwich,Dessert,5,172.45,Cash,6,2025-07-01,338,Active,5,2025-03-13,Cancelled
165,Female,Teenager,Karachi,2025-03-14,2023-11-09,KFC,Sandwich,Dessert,4,167.37,Cash,24,2025-03-14,442,Inactive,3,2025-03-05,Delayed
166,Female,Adult,Islamabad,2024-11-02,2023-11-09,Burger King,Fries,Fast Food,3,1442.35,Wallet,13,2025-07-03,188,Inactive,1,2025-06-05,Delayed
167,Female,Adult,Peshawar,2025-02-21,2023-11-09,Burger King,Pizza,Fast Food,5,1381.09,Wallet,23,2025-04-14,193,Inactive,1,2025-10-07,Delivered
168,Female,Adult,Multan,2024-10-31,2023-11-09,KFC,Burger,Chinese,4,412.61,Cash,47,2025-06-19,392,Active,2,2024-02-10,Delayed
169,Other,Teenager,Lahore,2023-12-25,2023-11-09,McDonald's,Burger,Dessert,5,819.6,Cash,47,2024-11-20,317,Inactive,3,2025-02-27,Delivered
170,Other,Adult,Islamabad,2025-06-06,2023-11-09,Burger King,Pasta,Continental,1,1423.77,Wallet,24,2025-01-30,197,Inactive,3,2025-03-07,Cancelled
171,Male,Teenager,Karachi,2024-05-10,2023-11-09,McDonald's,Burger,Chinese,1,739.3,Cash,14,2024-10-29,481,Inactive,2,2024-11-29,Cancelled
172,Female,Teenager,Karachi,2024-06-29,2023-11-09,McDonald's,Pasta,Chinese,3,898.92,Cash,27,2024-12-31,169,Active,3,2024-11-29,Delivered
173,Male,Adult,Karachi,2023-11-22,2023-12-09,McDonald's,Sandwich,Italian,1,1394.3,Cash,16,2025-06-07,288,Inactive,5,2025-03-23,Cancelled
174,Other,Senior,Multan,2025-02-07,2023-12-09,Pizza Hut,Pizza,Continental,1,664.72,Card,11,2025-07-01,356,Inactive,2,2025-06-06,Delayed
175,Other,Senior,Peshawar,2023-08-24,2023-12-09,KFC,Sandwich,Italian,1,1064.71,Card,12,2025-08-13,41,Active,4,2024-12-26,Delivered
176,Male,Senior,Multan,2024-01-13,2023-12-09,Burger King,Sandwich,Continental,2,1217.64,Cash,27,2025-01-03,115,Active,4,2025-05-29,Delayed
177,Other,Adult,Lahore,2025-04-19,2023-12-09,Pizza Hut,Sandwich,Dessert,2,746.63,Card,47,2025-08-15,162,Active,5,2025-06-13,Delivered
178,Other,Senior,Peshawar,2024-11-20,2023-12-09,Burger King,Pizza,Continental,3,889.41,Cash,24,2025-07-24,101,Active,5,2025-06-25,Cancelled
179,Other,Adult,Karachi,2024-05-04,2023-12-09,Subway,Fries,Chinese,5,752.8,Card,33,2025-04-19,76,Inactive,4,2024-08-30,Delivered
180,Male,Senior,Multan,2024-10-08,2023-12-09,Pizza Hut,Burger,Fast Food,1,582.15,Cash,13,2024-12-25,492,Active,5,2024-01-11,Delayed
181,Male,Teenager,Multan,2023-11-29,2023-12-09,Pizza Hut,Pasta,Continental,5,1367.65,Wallet,7,2025-05-03,297,Inactive,4,2025-07-21,Delivered
182,Male,Teenager,Lahore,2024-12-26,2023-09-13,KFC,Burger,Chinese,5,1454.36,Card,32,2024-02-11,80,Inactive,4,2025-03-14,Cancelled
183,Female,Teenager,Lahore,2024-12-01,2023-09-13,Subway,Sandwich,Chinese,4,802.86,Wallet,44,2024-09-24,97,Active,4,2025-05-21,Delayed
184,Male,Senior,Karachi,2025-03-02,2023-09-13,Subway,Pasta,Italian,3,1382.02,Wallet,6,2025-05-03,26,Inactive,1,2025-06-06,Cancelled
185,Male,Adult,Multan,2024-01-03,2023-09-13,Burger King,Pizza,Chinese,3,1275.91,Card,33,2024-08-30,368,Active,4,2024-11-14,Delayed
186,Other,Adult,Karachi,2024-02-25,2023-09-13,McDonald's,Fries,Fast Food,2,899.49,Card,29,2025-04-01,209,Active,3,2024-12-20,Delayed
187,Male,Adult,Islamabad,2024-03-21,2023-09-13,McDonald's,Fries,Dessert,4,483.89,Cash,11,2024-08-10,493,Active,2,2024-10-31,Delayed
188,Other,Senior,Lahore,2023-09-21,2023-09-13,Subway,Burger,Continental,1,390.24,Cash,49,2025-02-15,180,Inactive,1,2024-12-10,Delayed
189,Female,Adult,Lahore,2024-08-03,2023-09-13,Subway,Fries,Italian,5,1070.43,Wallet,20,2025-09-08,248,Active,4,2024-01-09,Delayed
190,Other,Senior,Multan,2024-10-04,2023-09-14,McDonald's,Fries,Fast Food,4,1264.25,Cash,26,2024-08-22,337,Inactive,1,2024-12-30,Cancelled
191,Female,Teenager,Islamabad,2025-04-02,2023-09-14,Pizza Hut,Pizza,Chinese,3,1317.92,Card,19,2025-04-27,60,Active,3,2024-10-29,Delayed
192,Other,Senior,Peshawar,2025-08-19,2023-09-14,Burger King,Pizza,Chinese,1,1116.09,Card,14,2025-07-19,83,Active,2,2024-10-30,Cancelled
193,Female,Senior,Multan,2025-08-02,2023-09-14,McDonald's,Pizza,Fast Food,5,1335.23,Wallet,11,2024-12-30,302,Active,5,2025-03-05,Delivered
194,Female,Senior,Islamabad,2024-06-26,2023-09-14,Pizza Hut,Pasta,Italian,1,1352.98,Wallet,42,2025-01-29,494,Active,3,2025-09-07,Delivered
195,Female,Senior,Lahore,2024-08-21,2023-09-14,Subway,Pasta,Fast Food,4,1125.3,Cash,1,2025-10-02,10,Inactive,2,2025-04-25,Cancelled
196,Male,Teenager,Karachi,2025-01-05,2023-09-14,Pizza Hut,Burger,Fast Food,2,940.68,Card,49,2025-06-03,225,Inactive,4,2025-06-14,Delivered
197,Female,Senior,Karachi,2025-05-13,2023-09-14,McDonald's,Pizza,Chinese,3,952.38,Card,31,2025-05-02,12,Active,3,2025-07-17,Delivered
198,Male,Teenager,Karachi,2024-04-07,2023-09-14,Subway,Burger,Fast Food,2,502.9,Wallet,32,2025-03-04,189,Inactive,2,2025-05-05,Delivered
199,Other,Senior,Peshawar,2023-09-21,2023-09-14,Subway,Pizza,Italian,3,1262.54,Card,39,2024-10-24,114,Active,1,2025-04-27,Cancelled
200,Male,Senior,Islamabad,2023-12-10,2023-09-14,Subway,Pasta,Fast Food,3,1023.64,Wallet,24,2025-07-17,443,Active,5,2025-11-02,Delayed
201,Other,Senior,Multan,2024-10-26,2023-09-15,Subway,Burger,Chinese,5,532.27,Cash,4,2025-05-30,9,Active,1,2025-03-08,Cancelled
202,Other,Senior,Peshawar,2025-06-29,2023-09-15,Burger King,Burger,Continental,4,1219.14,Wallet,48,2025-12-05,167,Inactive,2,2025-01-13,Delivered
203,Other,Teenager,Lahore,2025-08-19,2023-09-15,Pizza Hut,Fries,Fast Food,3,1435.15,Cash,31,2025-04-23,8,Active,4,2024-09-24,Delivered
204,Male,Teenager,Lahore,2025-06-28,2023-09-15,Pizza Hut,Fries,Italian,4,1072.07,Card,24,2025-08-18,429,Active,4,2024-04-10,Delivered
205,Male,Teenager,Lahore,2024-10-13,2023-09-15,McDonald's,Pizza,Dessert,1,1419.33,Cash,48,2025-11-08,155,Active,5,2025-06-27,Delayed
206,Other,Senior,Multan,2024-02-28,2023-09-15,McDonald's,Burger,Fast Food,3,1016.5,Card,23,2025-06-13,235,Inactive,3,2025-01-28,Delayed
207,Other,Senior,Islamabad,2025-01-26,2023-09-15,Subway,Burger,Continental,4,1364.01,Wallet,48,2024-01-12,165,Inactive,1,2025-04-24,Delivered
208,Other,Senior,Multan,2024-05-27,2023-09-15,Subway,Burger,Chinese,2,489.76,Wallet,26,2024-09-19,120,Active,5,2025-04-25,Cancelled
209,Female,Senior,Multan,2024-06-24,2023-09-16,Pizza Hut,Sandwich,Chinese,1,1266.44,Wallet,3,2024-08-27,437,Inactive,5,2025-10-03,Delayed
210,Male,Adult,Multan,2024-08-23,2023-09-16,Subway,Burger,Italian,4,1161.7,Wallet,21,2024-11-10,177,Active,5,2025-04-17,Delivered
211,Other,Adult,Islamabad,2023-08-26,2023-09-16,Subway,Burger,Continental,2,647.62,Wallet,16,2024-10-17,375,Inactive,5,2025-03-22,Delayed
212,Male,Senior,Multan,2024-04-22,2023-09-16,KFC,Sandwich,Dessert,2,179.31,Card,17,2024-10-11,210,Active,5,2025-01-17,Delayed
213,Male,Adult,Karachi,2024-09-28,2023-09-16,KFC,Burger,Italian,3,923.55,Cash,18,2025-05-15,275,Inactive,2,2024-08-26,Cancelled
214,Male,Senior,Peshawar,2023-04-10,2023-09-16,KFC,Fries,Chinese,1,184.89,Wallet,9,2024-09-15,231,Active,2,2025-06-19,Delivered
215,Male,Adult,Karachi,2025-08-13,2023-09-16,McDonald's,Pizza,Continental,4,1314.73,Wallet,18,2025-11-02,310,Active,5,2025-03-28,Delivered
216,Female,Senior,Multan,2024-05-21,2023-09-16,KFC,Pasta,Fast Food,2,257.44,Card,41,2025-07-02,98,Active,4,2024-09-24,Delivered
217,Other,Senior,Multan,2023-10-20,2023-09-16,Burger King,Pasta,Dessert,4,200.97,Wallet,3,2024-12-09,238,Inactive,5,2025-12-06,Delayed
218,Female,Teenager,Karachi,2025-03-15,2023-09-16,Burger King,Fries,Dessert,4,1074.93,Card,5,2025-01-22,215,Active,3,2024-10-12,Cancelled
219,Female,Senior,Islamabad,2024-08-05,2023-09-16,Subway,Sandwich,Continental,1,1094.1,Wallet,39,2024-12-28,110,Active,4,2024-10-10,Delayed
220,Female,Senior,Karachi,2023-10-21,2023-09-16,Pizza Hut,Burger,Fast Food,2,209.07,Wallet,23,2024-01-11,257,Active,2,2024-09-18,Delivered
221,Male,Adult,Lahore,2025-05-16,2023-09-17,Burger King,Pizza,Continental,2,226.01,Cash,30,2024-11-14,402,Active,1,2025-01-15,Cancelled
222,Male,Adult,Multan,2024-07-24,2023-09-17,McDonald's,Burger,Dessert,4,1312.55,Card,39,2025-07-24,138,Active,1,2024-10-12,Delivered
223,Other,Senior,Peshawar,2024-01-13,2023-09-17,Burger King,Pizza,Fast Food,1,219.65,Wallet,14,2025-09-07,394,Active,3,2024-04-09,Delayed
224,Female,Teenager,Multan,2024-09-13,2023-09-17,Pizza Hut,Fries,Continental,4,293.44,Wallet,30,2024-09-18,327,Inactive,1,2025-05-07,Delivered
225,Female,Adult,Islamabad,2024-05-02,2023-09-17,Subway,Fries,Chinese,2,831.6,Wallet,12,2024-12-19,44,Active,4,2024-08-09,Delayed
226,Female,Adult,Lahore,2024-05-14,2023-09-17,Pizza Hut,Pasta,Chinese,5,690.91,Cash,14,2025-10-07,307,Active,3,2025-01-14,Delayed
227,Male,Teenager,Islamabad,2024-05-27,2023-09-17,KFC,Pasta,Dessert,1,1352.59,Wallet,45,2024-11-15,107,Inactive,3,2025-08-06,Delivered
228,Male,Adult,Lahore,2025-08-07,2023-09-18,McDonald's,Pizza,Continental,4,535.89,Card,46,2025-02-26,261,Inactive,5,2024-09-20,Delayed
229,Female,Adult,Karachi,2024-03-21,2023-09-18,Pizza Hut,Pizza,Chinese,1,1353.56,Wallet,34,2025-06-25,385,Active,4,2025-07-14,Delivered
230,Male,Senior,Islamabad,2023-10-30,2023-09-18,KFC,Sandwich,Italian,1,1149.56,Wallet,43,2025-08-07,130,Inactive,1,2025-05-20,Delivered
231,Male,Senior,Lahore,2025-06-05,2023-09-18,McDonald's,Pizza,Italian,4,1349.15,Wallet,48,2025-11-08,275,Inactive,3,2024-12-31,Cancelled
232,Female,Teenager,Multan,2025-05-16,2023-09-18,Burger King,Pizza,Dessert,5,1287.99,Wallet,6,2024-08-30,186,Inactive,4,2024-11-19,Cancelled
233,Female,Senior,Islamabad,2025-01-27,2023-09-18,Subway,Fries,Continental,2,125.86,Wallet,7,2024-10-22,148,Inactive,4,2024-10-17,Delivered
234,Other,Teenager,Karachi,2024-10-28,2023-09-18,Subway,Sandwich,Continental,1,284.05,Cash,2,2024-08-10,459,Inactive,1,2024-11-15,Cancelled
235,Other,Teenager,Multan,2024-08-12,2023-09-18,KFC,Sandwich,Fast Food,2,972.83,Card,2,2025-02-23,403,Active,3,2025-04-08,Delayed
236,Male,Senior,Karachi,2024-08-29,2023-09-18,McDonald's,Fries,Dessert,4,938.61,Card,49,2025-02-14,119,Inactive,5,2025-01-29,Cancelled
237,Other,Senior,Karachi,2023-03-12,2023-09-18,Subway,Pasta,Fast Food,3,1214.61,Card,5,2025-05-28,330,Inactive,4,2025-01-22,Delayed
238,Female,Adult,Lahore,2025-08-08,2023-09-18,Subway,Fries,Continental,5,233.74,Card,15,2024-09-23,148,Active,4,2024-10-30,Cancelled
239,Male,Adult,Lahore,2023-02-12,2023-09-18,Subway,Fries,Chinese,5,1117.95,Cash,6,2025-04-27,477,Active,1,2025-02-25,Delivered
240,Other,Senior,Peshawar,2024-05-09,2023-09-18,KFC,Pasta,Continental,4,1073.05,Cash,23,2025-07-04,109,Active,5,2025-07-03,Cancelled
241,Other,Teenager,Multan,2025-07-31,2023-09-18,Pizza Hut,Pasta,Fast Food,2,127.52,Wallet,1,2025-07-27,204,Active,1,2025-01-08,Delayed
242,Other,Adult,Peshawar,2024-12-12,2023-09-19,Pizza Hut,Pasta,Fast Food,5,1487.56,Wallet,38,2025-08-01,356,Inactive,3,2025-02-23,Cancelled
243,Female,Senior,Peshawar,2024-05-31,2023-09-19,Subway,Sandwich,Dessert,1,839.84,Card,46,2025-05-24,426,Active,3,2024-12-28,Delivered
244,Other,Senior,Karachi,2025-03-18,2023-09-19,KFC,Pasta,Fast Food,2,923.22,Wallet,31,2024-10-29,431,Inactive,2,2025-02-02,Delivered
245,Female,Teenager,Karachi,2023-09-15,2023-09-19,KFC,Fries,Italian,3,1223.56,Cash,32,2025-01-27,200,Active,5,2024-05-12,Cancelled
246,Female,Senior,Islamabad,2024-10-02,2023-09-19,McDonald's,Pizza,Continental,3,1052.58,Card,2,2025-08-18,27,Inactive,1,2025-01-27,Delivered
247,Female,Adult,Multan,2025-06-14,2023-09-19,Subway,Burger,Chinese,2,946.03,Card,32,2024-09-12,193,Inactive,5,2024-12-17,Delayed
248,Other,Adult,Multan,2024-05-04,2023-09-20,Pizza Hut,Pasta,Italian,5,434.85,Wallet,14,2024-12-09,148,Inactive,5,2025-08-20,Delivered
249,Female,Adult,Islamabad,2024-09-26,2023-09-20,McDonald's,Pasta,Fast Food,3,356.66,Wallet,11,2024-08-22,258,Inactive,2,2024-10-17,Delayed
250,Female,Adult,Karachi,2024-03-01,2023-09-20,Subway,Pizza,Continental,5,695.11,Wallet,13,2025-04-29,17,Inactive,2,2025-04-25,Delayed
251,Other,Adult,Peshawar,2024-08-22,2023-09-20,KFC,Pasta,Dessert,1,1132.4,Cash,46,2025-08-19,426,Inactive,2,2025-05-26,Cancelled
252,Female,Adult,Multan,2025-03-26,2023-09-20,McDonald's,Pasta,Dessert,3,808.42,Wallet,29,2025-11-03,423,Inactive,4,2024-10-28,Cancelled
253,Female,Teenager,Karachi,2024-10-09,2023-09-20,McDonald's,Pizza,Continental,5,1088.13,Cash,40,2025-11-03,382,Inactive,2,2025-04-22,Cancelled
254,Female,Adult,Multan,2024-07-22,2023-09-20,KFC,Burger,Continental,1,1323.97,Card,36,2025-01-05,448,Inactive,5,2025-02-08,Delayed
255,Other,Senior,Peshawar,2024-01-02,2023-09-20,Burger King,Sandwich,Chinese,1,1336.88,Wallet,9,2025-08-14,175,Active,3,2024-10-31,Delayed
256,Other,Adult,Islamabad,2023-08-22,2023-09-20,Burger King,Pizza,Dessert,5,348.25,Cash,43,2024-09-19,143,Active,3,2025-10-01,Cancelled
257,Male,Senior,Lahore,2024-06-08,2023-09-20,Subway,Fries,Italian,1,490.52,Card,30,2024-10-31,371,Inactive,5,2025-10-01,Delayed
258,Female,Teenager,Lahore,2024-04-09,2023-09-20,Subway,Burger,Dessert,1,102.75,Wallet,33,2024-09-12,204,Inactive,5,2024-10-11,Cancelled
259,Female,Adult,Islamabad,2023-10-14,2023-09-20,Subway,Sandwich,Chinese,4,1491.6,Cash,20,2025-06-25,436,Active,4,2025-07-28,Delivered
260,Male,Teenager,Multan,2025-07-31,2023-09-20,KFC,Burger,Continental,2,1441.48,Wallet,2,2025-01-15,40,Active,5,2025-05-14,Delivered
261,Male,Teenager,Islamabad,2024-02-09,2023-09-20,Pizza Hut,Sandwich,Chinese,3,832.33,Card,19,2025-10-03,365,Inactive,3,2024-10-22,Delayed
262,Other,Senior,Multan,2024-12-13,2023-09-21,Burger King,Pasta,Chinese,2,681.72,Card,10,2025-03-22,397,Inactive,5,2025-03-23,Delivered
263,Other,Teenager,Lahore,2024-01-02,2023-09-21,KFC,Burger,Chinese,4,703.58,Cash,10,2025-08-01,342,Active,4,2025-04-26,Delivered
264,Other,Senior,Multan,2024-10-07,2023-09-21,KFC,Burger,Continental,3,841.78,Cash,25,2025-07-02,233,Inactive,4,2024-06-09,Delivered
265,Other,Teenager,Multan,2023-01-11,2023-09-21,KFC,Fries,Fast Food,3,436.54,Wallet,26,2025-01-30,391,Inactive,4,2024-03-11,Cancelled
266,Male,Adult,Lahore,2025-05-04,2023-09-21,Subway,Burger,Chinese,1,829.09,Cash,20,2025-01-05,228,Inactive,4,2025-11-01,Delivered
267,Female,Adult,Lahore,2025-01-31,2023-09-21,KFC,Pizza,Continental,2,954.85,Card,19,2025-06-14,49,Inactive,4,2024-09-15,Cancelled
268,Female,Teenager,Peshawar,2024-10-25,2023-09-21,Burger King,Pizza,Fast Food,4,548.53,Card,21,2025-05-08,468,Active,4,2024-10-21,Delivered
269,Other,Senior,Lahore,2024-12-30,2023-09-21,KFC,Burger,Continental,1,856.2,Wallet,3,2025-08-06,169,Active,2,2024-11-21,Delivered
270,Other,Teenager,Lahore,2023-03-11,2023-09-21,McDonald's,Sandwich,Chinese,4,1025.77,Card,19,2025-02-28,124,Inactive,5,2025-08-17,Delivered
271,Male,Adult,Karachi,2023-09-20,2023-09-21,Burger King,Sandwich,Fast Food,5,1065.93,Wallet,32,2025-12-07,97,Active,3,2025-05-22,Delivered
272,Other,Teenager,Islamabad,2023-11-27,2023-09-22,McDonald's,Fries,Continental,4,396.85,Card,1,2025-04-25,88,Active,3,2025-05-14,Delayed
273,Female,Senior,Karachi,2024-02-01,2023-09-22,KFC,Burger,Chinese,3,862.59,Wallet,45,2025-08-01,152,Inactive,3,2025-01-20,Delivered
274,Female,Adult,Peshawar,2024-03-17,2023-09-22,KFC,Pizza,Dessert,1,333.7,Cash,44,2025-08-18,361,Active,1,2024-08-25,Cancelled
275,Female,Senior,Multan,2024-03-20,2023-09-22,Pizza Hut,Sandwich,Italian,3,931.67,Cash,3,2025-05-08,246,Active,2,2025-02-02,Cancelled
276,Male,Teenager,Peshawar,2024-01-15,2023-09-22,Pizza Hut,Fries,Dessert,5,1076.91,Card,14,2024-11-27,416,Active,4,2024-12-31,Delayed
277,Other,Teenager,Multan,2024-07-15,2023-09-22,Subway,Sandwich,Italian,4,160.81,Cash,2,2024-10-16,152,Active,1,2025-10-04,Cancelled
278,Male,Teenager,Karachi,2024-11-01,2023-09-22,Burger King,Sandwich,Fast Food,4,292.18,Cash,2,2025-12-07,374,Active,5,2025-07-01,Delivered
279,Male,Senior,Multan,2025-07-16,2023-09-22,Burger King,Pasta,Italian,4,1395.01,Cash,19,2025-07-14,103,Active,4,2025-06-17,Delayed
280,Female,Senior,Karachi,2025-12-02,2023-09-22,Subway,Sandwich,Fast Food,1,1340.07,Cash,36,2024-12-17,347,Active,1,2025-03-15,Cancelled
281,Other,Senior,Karachi,2024-08-10,2023-09-22,KFC,Sandwich,Chinese,2,121.9,Wallet,15,2024-08-28,492,Inactive,1,2024-12-13,Delivered
282,Female,Teenager,Lahore,2023-12-17,2023-09-22,KFC,Pasta,Dessert,1,1399.93,Wallet,26,2024-07-10,76,Active,3,2025-12-04,Delivered
283,Female,Senior,Multan,2025-07-22,2023-09-23,KFC,Pasta,Continental,5,1414.0,Wallet,13,2025-02-01,338,Active,4,2025-07-21,Delayed
284,Female,Teenager,Islamabad,2024-12-22,2023-09-23,Burger King,Sandwich,Fast Food,2,224.91,Card,15,2025-08-19,443,Active,1,2024-01-10,Cancelled
285,Female,Senior,Islamabad,2024-11-21,2023-09-23,Burger King,Pizza,Dessert,1,262.5,Cash,18,2025-05-26,60,Active,3,2024-02-11,Delayed
286,Male,Adult,Peshawar,2024-12-05,2023-09-23,Burger King,Pasta,Continental,3,494.59,Card,6,2025-08-19,20,Inactive,3,2025-06-20,Delivered
287,Other,Adult,Multan,2024-01-29,2023-09-23,KFC,Burger,Continental,4,980.0,Cash,1,2025-08-08,353,Inactive,4,2024-12-23,Cancelled
288,Female,Teenager,Karachi,2024-08-11,2023-09-23,Burger King,Pizza,Italian,1,228.02,Cash,7,2024-08-26,458,Active,4,2025-04-17,Delayed
289,Other,Adult,Islamabad,2023-09-09,2023-09-23,Pizza Hut,Burger,Dessert,1,1333.52,Card,22,2025-06-17,326,Inactive,5,2025-05-08,Delivered
290,Male,Senior,Lahore,2024-02-29,2023-09-23,KFC,Burger,Chinese,5,1111.68,Card,42,2024-09-20,384,Inactive,5,2024-12-20,Delayed
291,Other,Senior,Lahore,2024-01-27,2023-09-23,Pizza Hut,Burger,Dessert,4,1071.37,Cash,8,2025-06-24,491,Active,5,2025-10-06,Delayed
292,Male,Teenager,Karachi,2024-11-23,2023-09-24,McDonald's,Pasta,Continental,4,1104.37,Card,6,2025-02-25,223,Active,5,2024-12-20,Delivered
293,Male,Adult,Islamabad,2024-04-18,2023-09-24,McDonald's,Burger,Italian,1,901.81,Cash,15,2025-08-05,26,Active,3,2025-11-03,Cancelled
294,Female,Teenager,Multan,2025-01-28,2023-09-24,KFC,Pasta,Dessert,5,745.64,Cash,2,2025-05-24,429,Inactive,1,2025-07-16,Delivered
295,Female,Teenager,Islamabad,2025-02-13,2023-09-24,Subway,Burger,Dessert,3,121.03,Card,21,2025-11-04,69,Active,5,2025-08-15,Cancelled
296,Male,Senior,Lahore,2025-07-25,2023-09-24,Subway,Burger,Dessert,1,1376.4,Wallet,42,2025-07-21,76,Inactive,1,2025-02-15,Cancelled
297,Male,Adult,Karachi,2024-11-23,2023-09-24,KFC,Sandwich,Chinese,1,1359.52,Card,6,2024-10-14,228,Active,1,2024-03-12,Cancelled
298,Other,Senior,Karachi,2024-02-02,2023-09-24,Subway,Pizza,Chinese,1,273.98,Card,37,2024-02-09,173,Active,5,2024-09-25,Cancelled
299,Male,Adult,Peshawar,2023-12-30,2023-09-24,Burger King,Pizza,Continental,2,760.42,Cash,10,2025-12-05,135,Active,3,2025-08-13,Delayed
300,Other,Senior,Peshawar,2025-07-07,2023-09-24,Subway,Pizza,Chinese,5,570.24,Cash,16,2025-11-02,21,Inactive,3,2025-08-13,Cancelled
301,Other,Senior,Multan,2023-12-21,2023-09-24,Pizza Hut,Pasta,Dessert,5,576.53,Wallet,17,2024-06-09,40,Inactive,5,2025-01-18,Delivered
302,Other,Adult,Multan,2025-07-20,2023-09-25,McDonald's,Pizza,Fast Food,4,195.48,Cash,6,2025-08-08,213,Inactive,5,2025-03-05,Cancelled
303,Male,Teenager,Lahore,2024-02-21,2023-09-25,McDonald's,Pasta,Chinese,5,751.35,Card,27,2024-08-27,214,Active,5,2025-05-06,Delivered
304,Female,Adult,Lahore,2025-06-14,2023-09-25,Burger King,Sandwich,Fast Food,2,714.38,Wallet,45,2025-02-22,252,Active,2,2024-06-11,Cancelled
305,Other,Adult,Peshawar,2025-06-02,2023-09-25,Burger King,Pasta,Fast Food,2,1435.8,Card,42,2025-01-22,451,Active,3,2025-06-17,Delivered
306,Other,Senior,Peshawar,2025-01-28,2023-09-25,McDonald's,Sandwich,Dessert,4,1243.61,Cash,45,2024-11-27,274,Inactive,2,2024-10-23,Delayed
307,Male,Senior,Multan,2024-01-07,2023-09-25,Subway,Fries,Italian,2,1164.01,Cash,5,2024-12-18,187,Inactive,3,2024-11-24,Delivered
308,Other,Adult,Islamabad,2024-10-06,2023-09-26,Subway,Sandwich,Continental,2,1428.87,Cash,50,2025-12-04,4,Active,4,2025-04-14,Delayed
309,Female,Senior,Multan,2024-12-21,2023-09-26,McDonald's,Burger,Continental,3,1025.94,Cash,9,2025-04-14,488,Inactive,3,2025-07-04,Delivered
310,Other,Senior,Peshawar,2025-07-03,2023-09-26,Subway,Pasta,Italian,5,1173.77,Card,19,2024-08-22,174,Inactive,4,2025-03-13,Cancelled
311,Other,Teenager,Multan,2023-08-09,2023-09-26,Subway,Fries,Chinese,2,1421.08,Card,12,2025-09-03,116,Active,2,2025-08-04,Delayed
312,Female,Senior,Peshawar,2024-11-16,2023-09-26,KFC,Pizza,Dessert,4,1316.87,Card,37,2025-09-06,129,Active,3,2025-06-08,Delivered
313,Male,Adult,Lahore,2024-07-12,2023-09-26,Pizza Hut,Pizza,Continental,5,1332.69,Wallet,10,2024-09-10,93,Active,3,2025-01-29,Delayed
314,Other,Senior,Karachi,2024-04-22,2023-09-27,KFC,Pizza,Fast Food,3,1271.96,Cash,49,2024-10-30,27,Inactive,5,2024-12-22,Delayed
315,Other,Teenager,Karachi,2025-11-04,2023-09-27,KFC,Pizza,Fast Food,3,392.26,Card,16,2025-03-08,294,Inactive,2,2025-08-13,Delayed
316,Female,Adult,Multan,2025-07-14,2023-09-27,Subway,Fries,Italian,1,908.4,Cash,47,2024-04-10,145,Active,3,2024-01-12,Delivered
317,Female,Teenager,Peshawar,2023-11-15,2023-09-27,KFC,Pizza,Italian,3,994.25,Wallet,45,2025-01-14,118,Inactive,4,2024-10-31,Delayed
318,Other,Teenager,Islamabad,2024-06-07,2023-09-27,Subway,Sandwich,Continental,3,925.84,Card,49,2025-04-19,81,Inactive,5,2025-11-05,Delayed
319,Other,Senior,Islamabad,2023-03-12,2023-09-27,Pizza Hut,Sandwich,Dessert,5,993.8,Cash,34,2024-12-27,471,Active,4,2025-06-25,Delivered
320,Male,Teenager,Peshawar,2025-04-04,2023-09-27,KFC,Burger,Chinese,4,1155.39,Wallet,34,2024-09-19,263,Inactive,5,2025-01-08,Cancelled
321,Female,Adult,Islamabad,2025-07-08,2023-09-27,Burger King,Pasta,Continental,1,1047.83,Cash,48,2024-11-23,13,Active,5,2025-04-03,Delayed
322,Male,Senior,Multan,2024-02-16,2023-09-27,Pizza Hut,Burger,Chinese,1,969.41,Wallet,37,2025-03-08,352,Inactive,1,2024-11-24,Delayed
323,Female,Teenager,Karachi,2024-04-25,2023-09-27,Burger King,Pasta,Continental,2,782.3,Cash,42,2025-04-02,344,Inactive,4,2025-07-27,Delayed
324,Other,Teenager,Karachi,2024-10-30,2023-09-28,McDonald's,Pizza,Dessert,3,379.4,Cash,38,2025-03-07,357,Active,1,2025-05-04,Delivered
325,Female,Teenager,Lahore,2024-09-26,2023-09-28,Pizza Hut,Burger,Dessert,5,1493.64,Card,42,2025-10-06,38,Inactive,3,2025-06-16,Delivered
326,Female,Teenager,Multan,2025-04-14,2023-09-28,KFC,Burger,Fast Food,2,523.13,Wallet,14,2025-06-22,201,Inactive,1,2024-12-15,Cancelled
327,Male,Teenager,Multan,2024-01-30,2023-09-28,Subway,Burger,Dessert,3,717.91,Card,29,2025-01-19,493,Active,5,2025-01-20,Delayed
328,Female,Senior,Lahore,2025-01-05,2023-09-28,KFC,Fries,Chinese,2,821.46,Wallet,49,2025-05-15,411,Active,3,2024-07-11,Cancelled
329,Male,Adult,Islamabad,2025-07-23,2023-09-28,Subway,Fries,Dessert,1,126.7,Wallet,11,2025-05-16,389,Inactive,5,2024-05-09,Delayed
330,Other,Senior,Multan,2024-05-31,2023-09-28,Burger King,Burger,Continental,3,1422.21,Cash,16,2024-11-13,468,Active,3,2025-02-28,Delivered
331,Male,Teenager,Lahore,2023-10-17,2023-09-28,Subway,Pasta,Fast Food,5,1223.45,Card,17,2025-01-28,310,Inactive,1,2025-04-26,Delivered
332,Male,Senior,Multan,2025-03-16,2023-09-29,Burger King,Fries,Fast Food,3,1271.26,Wallet,33,2024-10-12,386,Inactive,3,2025-04-28,Cancelled
333,Other,Teenager,Peshawar,2024-01-28,2023-09-29,KFC,Pasta,Chinese,1,1234.59,Wallet,47,2025-05-24,294,Inactive,4,2024-11-11,Cancelled
334,Other,Senior,Multan,2025-07-25,2023-09-29,Burger King,Fries,Continental,4,547.68,Card,44,2025-05-20,413,Inactive,3,2025-03-30,Cancelled
335,Male,Teenager,Lahore,2025-01-06,2023-09-29,KFC,Pasta,Italian,4,350.62,Card,6,2025-05-25,331,Active,2,2025-03-31,Cancelled
336,Female,Adult,Multan,2023-08-31,2023-09-29,KFC,Pasta,Italian,2,828.19,Cash,49,2025-03-05,214,Inactive,5,2025-02-03,Delivered
337,Other,Senior,Peshawar,2025-03-01,2023-09-29,Burger King,Burger,Fast Food,4,1266.35,Wallet,2,2025-01-21,181,Active,4,2025-02-01,Delayed
338,Male,Teenager,Multan,2024-06-21,2023-09-29,McDonald's,Pizza,Continental,5,904.34,Card,13,2024-11-14,109,Active,4,2025-01-22,Delivered
339,Other,Senior,Peshawar,2025-05-30,2023-09-29,Burger King,Sandwich,Continental,4,1035.72,Cash,42,2025-02-08,95,Inactive,3,2025-02-16,Cancelled
340,Other,Teenager,Lahore,2024-07-07,2023-09-29,KFC,Pizza,Continental,3,852.7,Cash,26,2024-08-09,415,Active,2,2025-01-24,Delivered
341,Male,Adult,Lahore,2024-04-28,2023-09-30,Pizza Hut,Pizza,Dessert,4,1450.3,Wallet,39,2025-01-26,444,Inactive,4,2024-01-09,Delivered
342,Female,Teenager,Peshawar,2024-12-20,2023-09-30,Subway,Fries,Dessert,4,777.89,Cash,14,2025-11-05,333,Inactive,2,2024-09-28,Delivered
343,Male,Adult,Lahore,2024-09-02,2023-09-30,Burger King,Pizza,Italian,4,733.84,Cash,44,2025-11-04,331,Active,1,2025-02-19,Cancelled
344,Female,Adult,Islamabad,2024-05-06,2023-09-30,KFC,Pasta,Dessert,3,689.88,Card,19,2025-05-02,221,Inactive,5,2025-05-03,Delivered
345,Male,Senior,Karachi,2023-10-18,2023-09-30,McDonald's,Pasta,Continental,2,1378.13,Card,6,2025-08-04,435,Active,5,2024-07-12,Delayed
346,Male,Teenager,Karachi,2024-05-08,2023-09-30,McDonald's,Burger,Continental,5,658.32,Cash,8,2025-06-27,142,Active,4,2025-01-26,Delayed
347,Male,Adult,Islamabad,2023-09-26,2023-09-30,Pizza Hut,Burger,Italian,5,482.24,Cash,26,2025-06-02,256,Active,3,2025-10-08,Delivered
348,Male,Adult,Islamabad,2024-03-03,2023-09-30,McDonald's,Sandwich,Continental,1,722.27,Card,24,2025-07-14,6,Inactive,5,2025-03-13,Cancelled
349,Male,Teenager,Peshawar,2025-02-14,2023-09-30,Pizza Hut,Pasta,Chinese,2,328.22,Wallet,15,2025-09-08,447,Active,1,2025-11-02,Delayed
350,Female,Teenager,Lahore,2024-05-08,2023-09-30,KFC,Pasta,Continental,2,902.1,Card,25,2025-07-15,280,Active,5,2024-07-10,Delivered
351,Other,Teenager,Multan,2025-11-04,2023-01-10,KFC,Pasta,Chinese,2,558.34,Wallet,40,2025-04-06,361,Inactive,2,2025-04-16,Cancelled
352,Other,Adult,Multan,2024-10-19,2023-01-10,KFC,Fries,Chinese,1,689.59,Wallet,32,2024-11-12,387,Inactive,1,2024-05-12,Delayed
353,Male,Adult,Multan,2023-08-11,2023-01-10,KFC,Fries,Chinese,4,539.86,Wallet,28,2025-01-05,26,Active,4,2024-08-21,Delayed
354,Other,Senior,Multan,2023-11-25,2023-01-10,Burger King,Burger,Italian,3,1456.76,Wallet,43,2025-03-13,291,Inactive,3,2024-12-09,Cancelled
355,Other,Adult,Multan,2024-09-30,2023-01-10,KFC,Pasta,Chinese,5,1472.72,Wallet,49,2025-03-30,112,Active,4,2025-01-21,Delayed
356,Male,Senior,Peshawar,2023-10-24,2023-01-10,Pizza Hut,Sandwich,Fast Food,4,274.84,Wallet,22,2025-02-16,186,Inactive,3,2024-09-27,Delivered
357,Female,Adult,Karachi,2024-01-09,2023-01-10,Burger King,Pasta,Continental,3,602.79,Card,29,2025-12-04,166,Active,2,2024-02-11,Delayed
358,Male,Teenager,Peshawar,2023-09-27,2023-02-10,McDonald's,Fries,Chinese,5,1420.1,Card,15,2025-06-05,217,Active,1,2025-05-04,Delivered
359,Male,Teenager,Lahore,2025-06-23,2023-02-10,Subway,Fries,Dessert,4,1007.04,Cash,22,2025-02-27,18,Inactive,3,2024-11-13,Delayed
360,Female,Teenager,Multan,2025-06-14,2023-02-10,Subway,Fries,Dessert,1,184.69,Cash,25,2024-11-27,21,Inactive,2,2024-03-12,Delivered
361,Male,Senior,Lahore,2024-09-27,2023-02-10,Burger King,Sandwich,Dessert,2,859.16,Cash,18,2025-08-20,107,Active,2,2025-07-14,Cancelled
362,Other,Adult,Islamabad,2024-03-25,2023-02-10,Pizza Hut,Burger,Fast Food,4,788.71,Card,27,2025-12-03,166,Inactive,1,2025-02-19,Delivered
363,Male,Teenager,Karachi,2024-11-14,2023-03-10,Burger King,Burger,Continental,1,1479.44,Wallet,15,2024-11-18,268,Active,3,2025-01-27,Cancelled
364,Male,Adult,Multan,2024-01-16,2023-03-10,Subway,Pasta,Italian,5,1232.59,Cash,49,2024-10-30,43,Active,3,2025-01-21,Delayed
365,Male,Adult,Multan,2024-07-02,2023-03-10,Subway,Burger,Fast Food,5,918.17,Card,30,2025-04-30,347,Inactive,3,2025-05-27,Delayed
366,Other,Adult,Lahore,2024-05-14,2023-03-10,Burger King,Fries,Chinese,5,413.8,Cash,43,2025-05-27,105,Active,3,2024-11-23,Delivered
367,Other,Senior,Karachi,2024-05-15,2023-03-10,Subway,Sandwich,Dessert,5,1184.79,Cash,35,2024-09-11,315,Inactive,5,2025-05-30,Delayed
368,Male,Teenager,Multan,2024-08-22,2023-04-10,Burger King,Pizza,Italian,3,341.1,Wallet,1,2025-05-15,183,Inactive,4,2024-10-11,Delayed
369,Other,Adult,Islamabad,2025-01-16,2023-04-10,Pizza Hut,Burger,Dessert,5,1461.61,Cash,15,2024-11-22,231,Active,1,2025-08-02,Delayed
370,Other,Adult,Peshawar,2023-10-22,2023-04-10,McDonald's,Fries,Chinese,5,457.3,Card,5,2025-06-06,458,Active,3,2025-05-20,Cancelled
371,Male,Teenager,Multan,2024-07-20,2023-04-10,McDonald's,Pasta,Dessert,2,863.59,Wallet,36,2025-03-27,120,Inactive,4,2025-04-13,Delivered
372,Male,Teenager,Lahore,2024-09-22,2023-04-10,Pizza Hut,Fries,Italian,5,693.72,Wallet,22,2025-09-06,59,Inactive,2,2025-01-30,Delayed
373,Female,Senior,Lahore,2024-12-03,2023-04-10,Pizza Hut,Burger,Chinese,1,1409.53,Cash,25,2025-07-06,329,Inactive,5,2025-07-27,Cancelled
374,Female,Teenager,Lahore,2024-10-23,2023-04-10,KFC,Pasta,Fast Food,3,1003.16,Wallet,23,2025-03-26,210,Active,1,2024-11-28,Delayed
375,Male,Teenager,Karachi,2024-05-24,2023-04-10,Burger King,Pizza,Fast Food,2,837.52,Wallet,32,2024-10-27,268,Inactive,4,2025-04-02,Cancelled
376,Female,Adult,Multan,2024-01-13,2023-05-10,McDonald's,Burger,Fast Food,5,1067.86,Cash,41,2024-08-27,164,Inactive,1,2025-08-05,Delivered
377,Female,Senior,Karachi,2025-08-15,2023-05-10,Burger King,Sandwich,Fast Food,4,658.8,Wallet,10,2025-03-19,19,Active,3,2025-09-08,Cancelled
378,Male,Adult,Islamabad,2025-02-22,2023-05-10,Burger King,Burger,Continental,3,1352.38,Cash,47,2025-04-20,352,Active,5,2025-07-28,Cancelled
379,Other,Senior,Islamabad,2025-09-03,2023-05-10,McDonald's,Burger,Chinese,5,239.8,Wallet,9,2025-06-30,79,Inactive,5,2024-11-15,Delivered
380,Female,Teenager,Lahore,2024-06-10,2023-05-10,Pizza Hut,Pasta,Continental,5,352.94,Wallet,25,2025-02-26,492,Inactive,4,2025-06-27,Delivered
381,Other,Senior,Multan,2025-03-30,2023-05-10,Burger King,Pasta,Chinese,2,1353.28,Wallet,10,2025-05-30,175,Active,5,2025-04-16,Cancelled
382,Female,Adult,Karachi,2023-08-09,2023-05-10,KFC,Fries,Continental,3,307.64,Card,37,2025-09-01,17,Active,2,2025-02-05,Delivered
383,Male,Adult,Islamabad,2025-04-06,2023-06-10,McDonald's,Pasta,Italian,5,468.95,Wallet,16,2024-09-24,355,Inactive,5,2025-06-23,Cancelled
384,Other,Teenager,Islamabad,2025-02-26,2023-06-10,Burger King,Pasta,Continental,2,242.87,Wallet,7,2025-04-02,267,Active,2,2025-03-18,Delivered
385,Female,Teenager,Multan,2025-02-04,2023-06-10,Subway,Pizza,Italian,4,197.71,Cash,20,2025-05-01,140,Inactive,3,2024-06-09,Delivered
386,Other,Teenager,Lahore,2025-07-25,2023-06-10,Pizza Hut,Pizza,Italian,2,1399.34,Cash,31,2025-01-02,314,Active,2,2025-07-30,Cancelled
387,Other,Teenager,Islamabad,2024-11-06,2023-06-10,Burger King,Burger,Continental,3,1257.67,Card,48,2025-03-29,252,Active,1,2024-10-25,Delivered
388,Male,Senior,Karachi,2024-05-16,2023-06-10,McDonald's,Fries,Italian,5,1111.88,Wallet,1,2024-05-11,202,Inactive,5,2025-06-23,Delayed
389,Female,Teenager,Peshawar,2024-11-22,2023-06-10,Burger King,Pasta,Dessert,2,1480.26,Card,37,2024-11-12,332,Inactive,4,2024-06-09,Delayed
390,Male,Senior,Peshawar,2025-09-02,2023-06-10,Burger King,Sandwich,Continental,5,1351.93,Wallet,34,2025-09-07,90,Active,3,2024-11-09,Delivered
391,Other,Adult,Multan,2024-09-05,2023-06-10,McDonald's,Pasta,Continental,2,743.12,Cash,34,2025-03-14,184,Active,2,2025-04-22,Delayed
392,Other,Teenager,Islamabad,2024-12-26,2023-07-10,Burger King,Pasta,Chinese,2,1014.57,Wallet,39,2024-11-28,300,Inactive,2,2024-11-17,Delayed
393,Male,Adult,Multan,2023-11-12,2023-07-10,Burger King,Pizza,Continental,3,489.92,Wallet,7,2025-06-06,363,Active,2,2024-09-23,Delayed
394,Female,Teenager,Peshawar,2024-09-21,2023-07-10,KFC,Sandwich,Continental,4,1182.82,Cash,12,2025-02-08,252,Active,3,2025-06-19,Delivered
395,Other,Senior,Karachi,2023-09-14,2023-07-10,KFC,Burger,Chinese,1,1404.83,Cash,45,2024-12-31,31,Active,5,2025-08-16,Delayed
396,Other,Adult,Lahore,2025-06-08,2023-07-10,Pizza Hut,Pizza,Chinese,3,1269.92,Cash,43,2025-03-24,82,Active,2,2025-03-05,Cancelled
397,Female,Senior,Karachi,2025-04-21,2023-07-10,Pizza Hut,Pizza,Fast Food,1,321.34,Wallet,22,2024-08-12,29,Active,2,2024-10-16,Delivered
398,Female,Adult,Karachi,2023-02-09,2023-07-10,Subway,Sandwich,Continental,1,504.21,Wallet,37,2025-02-21,467,Active,5,2024-07-12,Delayed
399,Male,Adult,Lahore,2024-06-28,2023-07-10,Pizza Hut,Sandwich,Continental,1,353.12,Wallet,49,2025-04-26,20,Active,4,2025-01-29,Delayed
400,Female,Senior,Islamabad,2024-12-11,2023-08-10,Burger King,Pasta,Dessert,2,1366.0,Card,35,2025-08-16,436,Inactive,4,2025-09-01,Delivered
401,Male,Senior,Islamabad,2024-01-26,2023-08-10,Burger King,Pizza,Fast Food,5,268.56,Cash,37,2024-10-20,281,Active,1,2024-10-24,Cancelled
402,Male,Senior,Islamabad,2024-05-06,2023-08-10,McDonald's,Sandwich,Chinese,2,906.01,Card,16,2024-03-11,387,Inactive,3,2025-09-04,Delivered
403,Male,Senior,Karachi,2024-04-25,2023-08-10,Subway,Sandwich,Chinese,5,914.58,Cash,11,2024-10-23,500,Inactive,5,2025-01-25,Cancelled
404,Other,Senior,Multan,2025-06-22,2023-09-10,Subway,Pasta,Italian,2,948.7,Cash,14,2024-10-29,221,Active,1,2024-12-17,Delayed
405,Female,Senior,Multan,2024-10-18,2023-09-10,Subway,Pizza,Dessert,5,623.82,Wallet,28,2024-12-19,419,Active,1,2025-06-22,Delivered
406,Female,Adult,Peshawar,2025-03-18,2023-09-10,Burger King,Pizza,Fast Food,1,1165.15,Wallet,45,2024-10-27,90,Active,5,2024-12-13,Delayed
407,Female,Adult,Karachi,2025-08-05,2023-09-10,KFC,Pizza,Chinese,5,1175.72,Card,38,2025-01-18,68,Inactive,1,2025-06-21,Cancelled
408,Female,Senior,Peshawar,2024-02-12,2023-09-10,Pizza Hut,Fries,Italian,4,722.13,Wallet,18,2025-03-24,390,Active,2,2025-02-23,Delivered
409,Male,Senior,Multan,2024-01-08,2023-09-10,Pizza Hut,Pizza,Continental,2,387.95,Cash,2,2025-02-18,482,Active,2,2025-06-15,Cancelled
410,Female,Teenager,Multan,2023-06-12,2023-09-10,Subway,Fries,Fast Food,5,374.54,Cash,26,2024-10-24,442,Active,1,2025-02-27,Delayed
411,Female,Teenager,Islamabad,2025-08-08,2023-09-10,Burger King,Fries,Continental,4,363.5,Cash,11,2025-12-04,310,Active,4,2025-02-05,Delivered
412,Female,Senior,Karachi,2024-06-01,2023-09-10,McDonald's,Burger,Italian,4,292.59,Card,11,2025-09-02,105,Inactive,3,2025-03-06,Delayed
413,Other,Teenager,Lahore,2023-10-26,2023-09-10,Pizza Hut,Pizza,Fast Food,1,1474.28,Card,34,2025-07-28,249,Active,4,2025-04-21,Delivered
414,Other,Senior,Lahore,2023-02-12,2023-10-10,Burger King,Pizza,Fast Food,1,1448.45,Card,45,2025-09-08,138,Inactive,1,2024-12-26,Delayed
415,Male,Senior,Karachi,2025-01-21,2023-10-10,KFC,Pizza,Fast Food,3,1016.59,Wallet,32,2024-10-29,373,Inactive,5,2025-04-21,Cancelled
416,Other,Adult,Karachi,2024-05-13,2023-10-10,Pizza Hut,Fries,Dessert,4,740.92,Wallet,13,2025-05-29,311,Active,4,2025-06-07,Cancelled
417,Male,Teenager,Lahore,2023-02-09,2023-10-10,Burger King,Pasta,Chinese,4,911.26,Cash,48,2025-07-28,221,Active,1,2025-06-14,Delivered
418,Other,Senior,Lahore,2024-04-15,2023-10-10,Burger King,Sandwich,Italian,2,378.24,Card,34,2024-01-10,490,Inactive,3,2025-09-04,Delayed
419,Other,Adult,Peshawar,2025-11-06,2023-10-10,McDonald's,Pizza,Continental,4,408.34,Card,37,2024-08-25,182,Active,1,2025-07-30,Cancelled
420,Male,Teenager,Islamabad,2025-05-01,2023-10-10,KFC,Burger,Dessert,5,1323.45,Wallet,43,2025-11-01,223,Inactive,5,2024-10-17,Delayed
421,Female,Teenager,Lahore,2023-07-10,2023-10-10,McDonald's,Burger,Chinese,4,632.66,Cash,14,2025-07-03,127,Active,5,2025-05-05,Cancelled
422,Other,Adult,Islamabad,2025-06-19,2023-11-10,Subway,Pasta,Continental,3,569.69,Card,2,2025-02-13,485,Inactive,4,2025-11-02,Delayed
423,Male,Senior,Multan,2025-06-07,2023-11-10,KFC,Pasta,Continental,5,130.33,Wallet,17,2024-10-12,283,Inactive,2,2025-04-05,Cancelled
424,Other,Teenager,Islamabad,2025-05-22,2023-11-10,KFC,Pizza,Dessert,2,1355.58,Cash,4,2025-11-07,428,Inactive,3,2024-10-12,Delayed
425,Other,Senior,Islamabad,2023-08-22,2023-11-10,Pizza Hut,Pasta,Continental,5,954.89,Wallet,5,2024-12-17,311,Inactive,1,2024-11-26,Cancelled
426,Female,Senior,Lahore,2024-12-22,2023-12-10,Pizza Hut,Sandwich,Dessert,2,863.87,Card,37,2025-07-16,428,Inactive,4,2025-10-03,Delivered
427,Female,Adult,Multan,2023-12-26,2023-12-10,KFC,Pasta,Italian,5,1036.39,Wallet,10,2024-09-19,108,Active,2,2024-08-24,Delayed
428,Male,Adult,Islamabad,2024-08-12,2023-12-10,Subway,Sandwich,Dessert,3,1420.4,Wallet,49,2024-02-09,250,Active,1,2025-07-31,Delayed
429,Male,Senior,Lahore,2024-09-08,2023-12-10,Pizza Hut,Fries,Chinese,5,844.54,Wallet,50,2025-03-29,121,Inactive,5,2024-09-12,Cancelled
430,Male,Adult,Lahore,2024-02-27,2023-12-10,McDonald's,Pasta,Italian,5,1187.55,Wallet,16,2024-12-12,364,Active,2,2025-11-06,Delivered
431,Male,Adult,Islamabad,2025-02-04,2023-12-10,McDonald's,Sandwich,Continental,1,1059.59,Card,45,2024-09-25,275,Active,3,2024-07-10,Cancelled
432,Female,Teenager,Lahore,2024-01-09,2023-12-10,Pizza Hut,Pizza,Chinese,3,397.24,Cash,17,2024-03-09,297,Active,3,2024-12-20,Cancelled
433,Male,Adult,Islamabad,2024-04-24,2023-12-10,Burger King,Fries,Continental,3,282.79,Cash,44,2025-06-07,136,Inactive,3,2025-02-25,Delayed
434,Male,Adult,Islamabad,2025-10-04,2023-12-10,KFC,Burger,Dessert,1,473.6,Wallet,35,2025-02-24,378,Inactive,1,2025-06-23,Delayed
435,Other,Adult,Islamabad,2025-04-30,2023-10-13,McDonald's,Sandwich,Chinese,5,1005.28,Wallet,36,2025-03-25,339,Active,2,2025-07-27,Cancelled
436,Male,Senior,Multan,2025-01-06,2023-10-13,KFC,Fries,Chinese,5,1069.32,Wallet,9,2025-01-04,291,Active,4,2025-08-14,Delayed
437,Other,Teenager,Karachi,2024-09-19,2023-10-13,Pizza Hut,Sandwich,Continental,4,802.55,Card,38,2025-11-06,125,Active,2,2025-03-18,Delivered
438,Female,Teenager,Islamabad,2025-01-06,2023-10-13,Subway,Pasta,Dessert,1,685.31,Wallet,31,2024-01-09,50,Active,5,2025-06-08,Cancelled
439,Female,Teenager,Karachi,2023-02-09,2023-10-13,KFC,Pizza,Continental,4,1189.0,Cash,4,2025-02-15,163,Active,4,2025-03-20,Delivered
440,Other,Teenager,Peshawar,2023-12-24,2023-10-13,Burger King,Fries,Fast Food,3,708.99,Wallet,50,2024-10-26,212,Inactive,5,2025-07-14,Delivered
441,Female,Adult,Multan,2024-07-02,2023-10-13,McDonald's,Burger,Fast Food,2,488.25,Cash,42,2025-01-26,459,Active,1,2024-09-12,Delivered
442,Female,Teenager,Peshawar,2023-08-29,2023-10-13,Pizza Hut,Pasta,Chinese,2,1104.81,Cash,49,2025-02-18,343,Inactive,2,2024-12-18,Cancelled
443,Female,Teenager,Karachi,2025-01-08,2023-10-13,McDonald's,Pizza,Continental,2,817.18,Cash,15,2024-12-23,417,Inactive,2,2025-02-16,Delayed
444,Female,Teenager,Lahore,2024-07-09,2023-10-13,McDonald's,Fries,Dessert,2,1397.6,Card,31,2025-04-30,8,Inactive,3,2025-07-21,Cancelled
445,Female,Adult,Multan,2024-12-23,2023-10-14,McDonald's,Pizza,Dessert,2,308.94,Cash,47,2025-04-18,429,Active,3,2025-06-07,Delayed
446,Male,Senior,Peshawar,2025-03-08,2023-10-14,Subway,Pasta,Italian,3,1295.91,Wallet,50,2024-08-25,424,Active,5,2025-07-27,Cancelled
447,Other,Teenager,Peshawar,2025-02-16,2023-10-14,KFC,Sandwich,Italian,4,617.77,Card,12,2025-07-05,284,Inactive,1,2025-06-01,Delivered
448,Male,Teenager,Islamabad,2025-07-13,2023-10-14,Burger King,Burger,Fast Food,2,1451.72,Card,45,2025-09-08,38,Inactive,5,2025-12-08,Delivered
449,Female,Teenager,Islamabad,2024-11-15,2023-10-14,Subway,Sandwich,Italian,5,564.16,Wallet,14,2025-03-01,379,Inactive,2,2025-06-04,Delayed
450,Other,Adult,Karachi,2024-05-01,2023-10-15,KFC,Sandwich,Fast Food,2,1368.1,Cash,32,2024-10-22,205,Inactive,1,2024-05-11,Cancelled
451,Male,Adult,Peshawar,2024-07-03,2023-10-15,Pizza Hut,Pasta,Chinese,3,1060.39,Cash,48,2025-02-13,381,Active,3,2025-04-01,Delivered
452,Male,Teenager,Multan,2024-02-05,2023-10-15,Burger King,Pizza,Fast Food,4,1019.58,Wallet,30,2024-11-10,92,Inactive,2,2025-04-07,Delivered
453,Male,Teenager,Islamabad,2025-07-26,2023-10-15,Pizza Hut,Fries,Dessert,3,229.14,Card,24,2024-11-19,248,Active,5,2025-05-02,Delivered
454,Other,Senior,Multan,2023-12-19,2023-10-15,Subway,Burger,Dessert,2,923.74,Cash,40,2025-03-19,118,Inactive,3,2024-10-30,Cancelled
455,Female,Adult,Lahore,2024-07-15,2023-10-15,Pizza Hut,Burger,Italian,3,239.36,Card,25,2025-04-25,331,Inactive,2,2024-08-21,Delivered
456,Other,Senior,Peshawar,2024-10-20,2023-10-16,Pizza Hut,Pizza,Fast Food,1,433.41,Card,21,2025-05-31,230,Inactive,5,2024-11-13,Delayed
457,Other,Teenager,Islamabad,2025-05-21,2023-10-16,Subway,Pizza,Italian,2,1242.0,Card,8,2025-02-01,251,Active,4,2025-01-23,Delayed
458,Male,Adult,Lahore,2025-03-15,2023-10-16,McDonald's,Sandwich,Dessert,1,1411.95,Card,17,2024-07-12,138,Active,1,2024-09-13,Cancelled
459,Female,Teenager,Multan,2024-07-22,2023-10-16,KFC,Sandwich,Italian,5,328.98,Cash,31,2025-08-18,200,Active,5,2025-10-04,Delayed
460,Female,Senior,Peshawar,2024-10-28,2023-10-16,Subway,Pasta,Continental,4,1153.33,Card,35,2025-01-26,423,Inactive,3,2025-07-03,Cancelled
461,Male,Senior,Karachi,2023-05-10,2023-10-16,Burger King,Pasta,Dessert,1,408.56,Wallet,24,2025-08-06,344,Inactive,1,2025-06-29,Delayed
462,Female,Teenager,Karachi,2025-03-03,2023-10-16,Pizza Hut,Burger,Continental,2,1019.81,Card,30,2025-07-03,191,Active,3,2025-12-03,Delayed
463,Other,Senior,Lahore,2024-06-18,2023-10-16,KFC,Burger,Chinese,1,637.28,Cash,41,2025-07-30,81,Inactive,3,2025-01-15,Delivered
464,Female,Teenager,Lahore,2024-04-25,2023-10-16,Pizza Hut,Pizza,Chinese,5,1255.63,Cash,15,2024-04-09,323,Inactive,2,2025-06-24,Delivered
465,Other,Senior,Peshawar,2024-11-22,2023-10-16,Burger King,Pasta,Continental,3,189.51,Cash,3,2024-09-27,173,Inactive,1,2025-03-19,Delivered
466,Other,Adult,Islamabad,2023-11-13,2023-10-16,Pizza Hut,Fries,Chinese,4,963.94,Cash,32,2024-10-23,146,Inactive,3,2025-07-30,Delayed
467,Female,Adult,Islamabad,2025-06-13,2023-10-16,Pizza Hut,Burger,Chinese,4,573.06,Wallet,14,2025-02-20,72,Active,2,2024-10-15,Delayed
468,Female,Senior,Lahore,2023-11-16,2023-10-16,Pizza Hut,Pasta,Dessert,5,731.14,Wallet,16,2025-09-01,447,Inactive,1,2024-10-31,Delayed
469,Male,Adult,Peshawar,2024-03-25,2023-10-16,Pizza Hut,Pasta,Chinese,2,1297.06,Card,24,2025-08-16,116,Active,1,2024-11-12,Delivered
470,Male,Senior,Karachi,2025-08-18,2023-10-16,McDonald's,Burger,Dessert,1,179.23,Card,50,2025-03-03,412,Active,2,2025-10-02,Delayed
471,Male,Adult,Multan,2025-06-06,2023-10-16,Pizza Hut,Pasta,Italian,1,1393.3,Cash,10,2025-05-16,84,Inactive,5,2025-03-04,Delayed
472,Male,Senior,Islamabad,2024-07-16,2023-10-16,Burger King,Sandwich,Chinese,5,154.1,Card,37,2024-10-11,439,Inactive,1,2024-05-11,Delayed
473,Male,Senior,Peshawar,2024-05-28,2023-10-17,McDonald's,Burger,Chinese,2,1456.87,Wallet,8,2025-08-07,264,Active,1,2025-05-20,Cancelled
474,Male,Senior,Lahore,2024-02-08,2023-10-17,Burger King,Fries,Italian,4,490.51,Cash,43,2025-03-03,102,Inactive,4,2025-05-24,Cancelled
475,Other,Teenager,Karachi,2024-03-02,2023-10-17,KFC,Fries,Fast Food,3,234.84,Cash,21,2024-09-27,377,Active,3,2025-05-03,Delivered
476,Male,Adult,Multan,2023-09-18,2023-10-17,Pizza Hut,Sandwich,Italian,1,716.46,Card,11,2024-11-15,145,Inactive,5,2025-04-03,Delivered
477,Other,Senior,Multan,2024-06-03,2023-10-17,McDonald's,Pizza,Italian,4,421.4,Cash,28,2024-09-17,182,Inactive,4,2024-04-10,Delivered
478,Other,Teenager,Islamabad,2024-08-03,2023-10-17,Burger King,Pizza,Dessert,4,535.23,Card,50,2024-03-10,285,Active,3,2025-06-06,Cancelled
479,Female,Adult,Karachi,2024-09-21,2023-10-17,Pizza Hut,Sandwich,Italian,2,838.2,Card,28,2025-05-24,366,Inactive,3,2024-08-26,Delivered
480,Female,Teenager,Lahore,2024-05-16,2023-10-17,Subway,Fries,Fast Food,4,693.04,Wallet,13,2025-07-29,452,Active,2,2024-09-26,Delayed
481,Male,Senior,Lahore,2023-09-29,2023-10-18,Subway,Pasta,Fast Food,5,1321.4,Card,20,2025-02-28,482,Active,5,2024-12-14,Delayed
482,Male,Teenager,Multan,2025-06-03,2023-10-18,Subway,Fries,Dessert,2,1302.76,Cash,29,2024-08-24,410,Inactive,4,2025-07-21,Delayed
483,Female,Adult,Multan,2025-05-01,2023-10-18,Burger King,Pasta,Dessert,2,623.28,Cash,38,2024-08-09,313,Active,1,2024-09-13,Delivered
484,Other,Senior,Lahore,2025-03-17,2023-10-18,KFC,Pasta,Italian,4,1350.64,Cash,45,2025-04-16,257,Inactive,3,2024-12-24,Delayed
485,Other,Senior,Peshawar,2025-05-15,2023-10-19,KFC,Fries,Dessert,5,709.05,Cash,50,2025-11-01,330,Inactive,5,2024-03-10,Delivered
486,Male,Teenager,Peshawar,2025-03-28,2023-10-19,McDonald's,Sandwich,Dessert,5,166.46,Card,36,2025-03-03,274,Active,1,2025-01-13,Cancelled
487,Male,Senior,Multan,2025-08-02,2023-10-19,McDonald's,Pasta,Fast Food,1,1034.47,Cash,44,2025-03-30,116,Inactive,4,2024-10-29,Delayed
488,Male,Teenager,Karachi,2024-04-03,2023-10-19,KFC,Pasta,Italian,1,503.13,Cash,15,2024-09-19,85,Active,2,2025-07-23,Delivered
489,Other,Adult,Islamabad,2025-03-03,2023-10-19,KFC,Fries,Chinese,1,923.65,Cash,34,2024-05-11,156,Inactive,5,2024-11-10,Delayed
490,Male,Adult,Karachi,2025-05-28,2023-10-19,Burger King,Burger,Fast Food,2,839.66,Card,7,2025-05-30,424,Active,1,2025-01-01,Delayed
491,Female,Senior,Islamabad,2025-05-20,2023-10-19,Subway,Sandwich,Chinese,3,1319.53,Card,44,2025-05-17,129,Inactive,2,2024-03-10,Cancelled
492,Female,Senior,Multan,2024-10-11,2023-10-19,McDonald's,Pasta,Chinese,4,221.81,Card,39,2025-05-15,420,Inactive,4,2024-09-14,Cancelled
493,Female,Senior,Peshawar,2025-07-26,2023-10-19,McDonald's,Pasta,Dessert,3,707.54,Card,22,2025-03-02,127,Active,4,2025-10-03,Cancelled
494,Female,Teenager,Multan,2024-07-29,2023-10-19,McDonald's,Pasta,Chinese,5,1372.76,Card,42,2024-03-11,448,Active,4,2025-02-27,Delayed
495,Female,Senior,Lahore,2025-02-15,2023-10-19,McDonald's,Sandwich,Italian,3,1253.72,Wallet,49,2025-07-17,260,Active,2,2024-09-10,Delayed
496,Female,Teenager,Islamabad,2025-03-31,2023-10-19,KFC,Pasta,Chinese,2,740.65,Card,8,2025-01-05,223,Active,3,2025-05-29,Cancelled
497,Male,Senior,Karachi,2024-04-01,2023-10-19,Pizza Hut,Burger,Continental,2,1029.96,Wallet,50,2024-12-24,439,Active,5,2025-04-03,Delayed
498,Male,Senior,Peshawar,2023-09-29,2023-10-19,McDonald's,Sandwich,Dessert,1,288.03,Wallet,15,2025-02-23,369,Inactive,4,2025-01-06,Delayed
499,Female,Adult,Multan,2024-03-27,2023-10-20,Burger King,Fries,Dessert,4,1196.17,Card,17,2025-10-02,452,Active,3,2025-11-03,Cancelled
500,Male,Adult,Lahore,2023-01-09,2023-10-20,McDonald's,Pasta,Continental,1,1103.76,Cash,36,2025-04-20,207,Active,4,2025-11-06,Cancelled
501,Female,Teenager,Islamabad,2025-01-27,2023-10-20,Burger King,Pizza,Fast Food,4,1307.57,Wallet,12,2025-06-24,102,Active,2,2024-08-29,Cancelled
502,Other,Adult,Peshawar,2024-01-26,2023-10-20,Burger King,Fries,Italian,4,137.6,Cash,6,2025-02-20,140,Active,1,2024-11-19,Delayed
503,Female,Teenager,Karachi,2023-12-17,2023-10-20,Pizza Hut,Pizza,Continental,5,149.23,Cash,1,2025-10-08,212,Inactive,1,2024-09-30,Cancelled
504,Other,Adult,Multan,2024-05-15,2023-10-20,Subway,Burger,Continental,3,700.13,Cash,28,2025-08-04,348,Inactive,3,2024-05-09,Cancelled
505,Other,Senior,Karachi,2024-03-12,2023-10-20,KFC,Sandwich,Italian,3,1466.23,Card,42,2024-08-27,488,Inactive,4,2024-10-11,Delivered
506,Other,Adult,Peshawar,2024-05-21,2023-10-21,Subway,Pasta,Chinese,1,1425.71,Card,18,2025-02-23,26,Active,4,2025-10-06,Delayed
507,Other,Adult,Karachi,2024-09-14,2023-10-21,Burger King,Pizza,Fast Food,3,557.9,Cash,20,2025-04-27,265,Inactive,5,2025-06-22,Delayed
508,Female,Teenager,Karachi,2023-10-29,2023-10-21,KFC,Pasta,Italian,3,1173.19,Wallet,46,2025-08-02,362,Inactive,1,2024-08-31,Delayed
509,Other,Senior,Karachi,2024-12-07,2023-10-21,McDonald's,Sandwich,Italian,3,686.97,Wallet,12,2025-09-01,431,Active,1,2025-01-03,Cancelled
510,Other,Adult,Lahore,2023-12-22,2023-10-21,McDonald's,Fries,Italian,4,1499.59,Cash,28,2025-06-06,452,Active,3,2025-01-23,Cancelled
511,Male,Teenager,Multan,2025-10-03,2023-10-21,McDonald's,Burger,Chinese,2,186.18,Cash,40,2025-05-19,389,Inactive,3,2025-09-07,Delivered
512,Other,Teenager,Karachi,2025-02-01,2023-10-21,Subway,Fries,Italian,5,232.07,Wallet,46,2025-01-15,180,Inactive,2,2025-01-30,Cancelled
513,Other,Teenager,Lahore,2023-12-25,2023-10-21,Burger King,Sandwich,Continental,1,1412.49,Wallet,45,2025-03-30,222,Inactive,2,2024-12-10,Cancelled
514,Male,Teenager,Islamabad,2024-09-16,2023-10-22,KFC,Burger,Fast Food,5,1133.59,Card,26,2024-10-14,474,Active,3,2024-09-30,Delayed
515,Male,Adult,Multan,2024-08-27,2023-10-22,Pizza Hut,Pasta,Fast Food,5,322.72,Cash,45,2025-01-25,417,Active,5,2024-12-27,Delayed
516,Male,Adult,Multan,2023-12-19,2023-10-22,Burger King,Sandwich,Continental,4,209.85,Wallet,14,2024-11-11,456,Inactive,3,2025-05-04,Delayed
517,Female,Senior,Peshawar,2025-05-31,2023-10-22,KFC,Pizza,Fast Food,4,1006.92,Card,45,2025-01-30,41,Active,3,2025-02-21,Delayed
518,Female,Senior,Lahore,2023-05-11,2023-10-22,Pizza Hut,Pasta,Continental,1,862.12,Wallet,4,2024-10-18,24,Active,5,2025-01-15,Delivered
519,Male,Senior,Peshawar,2024-05-30,2023-10-22,KFC,Sandwich,Fast Food,2,384.71,Cash,24,2025-01-02,420,Active,3,2024-09-11,Delayed
520,Other,Adult,Karachi,2024-02-17,2023-10-23,McDonald's,Fries,Continental,5,1271.19,Card,17,2025-03-01,143,Inactive,4,2024-12-10,Cancelled
521,Female,Teenager,Karachi,2024-09-03,2023-10-23,Pizza Hut,Sandwich,Chinese,2,823.3,Cash,49,2025-01-20,300,Active,5,2024-12-23,Delivered
522,Other,Teenager,Karachi,2024-01-21,2023-10-23,Pizza Hut,Sandwich,Italian,4,1014.88,Card,26,2024-11-28,54,Inactive,1,2024-09-21,Cancelled
523,Female,Adult,Lahore,2024-07-04,2023-10-23,Pizza Hut,Fries,Fast Food,2,804.72,Card,3,2025-08-01,328,Active,5,2024-11-09,Delayed
524,Female,Senior,Lahore,2024-04-24,2023-10-23,Pizza Hut,Fries,Chinese,4,1081.64,Cash,18,2025-05-01,27,Active,2,2025-05-03,Cancelled
525,Other,Teenager,Multan,2024-02-03,2023-10-23,Pizza Hut,Pasta,Chinese,2,815.3,Card,7,2024-09-29,343,Active,4,2025-05-17,Cancelled
526,Female,Teenager,Peshawar,2023-12-31,2023-10-23,Subway,Burger,Dessert,4,990.4,Cash,30,2024-09-25,88,Inactive,4,2025-06-23,Cancelled
527,Male,Teenager,Peshawar,2024-10-14,2023-10-23,KFC,Burger,Italian,2,881.98,Card,11,2025-07-08,471,Active,4,2025-08-21,Delayed
528,Male,Adult,Lahore,2025-02-05,2023-10-23,Subway,Sandwich,Italian,2,641.06,Wallet,24,2024-10-23,407,Active,3,2025-07-21,Cancelled
529,Other,Teenager,Islamabad,2025-02-28,2023-10-23,Subway,Fries,Chinese,4,293.46,Wallet,31,2025-04-23,193,Active,4,2025-01-03,Cancelled
530,Female,Teenager,Islamabad,2023-09-30,2023-10-23,Pizza Hut,Sandwich,Continental,2,1054.55,Cash,18,2025-02-06,43,Inactive,2,2024-12-10,Delivered
531,Male,Senior,Multan,2024-12-01,2023-10-23,Burger King,Burger,Continental,1,1033.01,Card,43,2025-03-27,27,Inactive,2,2025-02-15,Cancelled
532,Female,Senior,Islamabad,2024-12-25,2023-10-23,Subway,Fries,Continental,5,210.1,Wallet,50,2024-11-14,77,Inactive,4,2025-01-03,Cancelled
533,Other,Senior,Lahore,2023-10-30,2023-10-23,Subway,Pasta,Fast Food,1,1022.96,Card,25,2025-07-01,61,Inactive,5,2025-08-08,Delivered
534,Male,Teenager,Lahore,2023-10-15,2023-10-23,Pizza Hut,Burger,Italian,4,265.07,Card,2,2025-07-19,500,Active,1,2025-01-07,Delivered
535,Female,Adult,Karachi,2025-03-04,2023-10-23,Subway,Sandwich,Italian,5,841.99,Cash,23,2024-04-09,470,Inactive,1,2025-12-02,Delivered
536,Female,Teenager,Islamabad,2024-09-12,2023-10-24,Pizza Hut,Burger,Chinese,5,825.12,Card,12,2025-01-13,250,Active,2,2025-04-20,Cancelled
537,Male,Senior,Islamabad,2023-08-10,2023-10-24,KFC,Sandwich,Continental,3,1406.75,Cash,49,2024-10-13,86,Inactive,1,2024-09-10,Delayed
538,Other,Adult,Islamabad,2024-06-30,2023-10-24,McDonald's,Pasta,Chinese,4,1182.54,Card,3,2025-03-16,331,Inactive,1,2024-10-30,Delivered
539,Female,Senior,Islamabad,2023-10-14,2023-10-24,Subway,Burger,Chinese,4,500.85,Wallet,35,2024-11-10,166,Active,5,2025-10-08,Delivered
540,Male,Teenager,Lahore,2024-02-29,2023-10-24,McDonald's,Pasta,Continental,1,527.61,Card,37,2025-03-26,371,Active,3,2025-01-18,Cancelled
541,Other,Senior,Lahore,2024-10-05,2023-10-24,KFC,Pasta,Italian,5,277.78,Card,46,2025-02-24,412,Inactive,4,2024-06-12,Delivered
542,Other,Teenager,Lahore,2024-09-03,2023-10-24,KFC,Pizza,Fast Food,1,905.27,Wallet,15,2025-01-24,238,Inactive,5,2025-04-22,Delivered
543,Female,Adult,Karachi,2023-08-12,2023-10-24,McDonald's,Pasta,Italian,2,289.67,Cash,42,2025-08-07,107,Active,1,2025-03-26,Delivered
544,Male,Teenager,Karachi,2024-09-08,2023-10-24,Pizza Hut,Pizza,Fast Food,1,1470.46,Cash,4,2025-04-17,78,Active,3,2025-02-02,Cancelled
545,Female,Teenager,Lahore,2025-08-18,2023-10-24,Burger King,Pizza,Dessert,1,1025.78,Wallet,6,2025-06-02,85,Active,5,2024-10-20,Delayed
546,Male,Adult,Multan,2024-03-14,2023-10-24,Pizza Hut,Fries,Chinese,4,1018.61,Card,38,2025-04-08,142,Active,4,2024-09-18,Delayed
547,Female,Teenager,Peshawar,2023-12-20,2023-10-24,McDonald's,Burger,Italian,5,857.77,Cash,11,2024-11-17,263,Inactive,3,2025-08-19,Delivered
548,Female,Adult,Karachi,2024-11-19,2023-10-24,KFC,Sandwich,Chinese,4,371.85,Cash,31,2025-02-14,10,Inactive,1,2025-08-01,Delivered
549,Male,Teenager,Karachi,2024-03-28,2023-10-24,Subway,Pasta,Italian,2,1061.01,Wallet,18,2024-12-28,383,Inactive,2,2025-02-24,Cancelled
550,Male,Adult,Islamabad,2025-02-03,2023-10-24,McDonald's,Burger,Fast Food,3,309.01,Cash,23,2025-06-05,98,Inactive,5,2024-08-22,Cancelled
551,Male,Senior,Peshawar,2023-11-18,2023-10-25,KFC,Pizza,Fast Food,2,1288.98,Card,10,2025-05-07,8,Inactive,1,2024-05-11,Delivered
552,Other,Adult,Lahore,2024-05-25,2023-10-25,Pizza Hut,Burger,Italian,3,652.57,Wallet,43,2025-04-24,408,Active,3,2025-02-01,Delayed
553,Male,Senior,Lahore,2024-04-24,2023-10-25,Burger King,Sandwich,Continental,2,540.76,Cash,16,2025-07-14,398,Active,1,2025-09-08,Delayed
554,Female,Senior,Peshawar,2024-07-20,2023-10-25,Pizza Hut,Pasta,Chinese,1,1277.21,Cash,48,2025-07-13,251,Inactive,1,2025-07-19,Cancelled
555,Other,Senior,Lahore,2023-12-28,2023-10-25,Burger King,Fries,Fast Food,5,904.2,Card,22,2024-09-26,62,Active,1,2024-04-09,Delayed
556,Female,Teenager,Islamabad,2024-07-29,2023-10-25,KFC,Pasta,Continental,5,1212.26,Wallet,17,2025-06-14,160,Inactive,4,2025-03-16,Cancelled
557,Female,Teenager,Islamabad,2023-07-12,2023-10-25,Burger King,Sandwich,Fast Food,5,800.07,Wallet,20,2025-05-08,203,Inactive,4,2025-03-14,Delayed
558,Female,Teenager,Karachi,2024-11-21,2023-10-26,Pizza Hut,Sandwich,Dessert,2,746.82,Card,37,2025-01-07,213,Active,2,2025-07-27,Delivered
559,Female,Teenager,Peshawar,2024-11-21,2023-10-26,KFC,Pasta,Dessert,4,455.11,Card,25,2025-05-18,173,Active,3,2024-12-30,Delivered
560,Male,Teenager,Lahore,2023-11-26,2023-10-26,McDonald's,Sandwich,Fast Food,4,179.04,Card,48,2025-01-16,332,Inactive,3,2024-04-09,Cancelled
561,Male,Senior,Multan,2024-07-21,2023-10-26,Subway,Sandwich,Fast Food,2,185.45,Cash,25,2024-11-09,98,Inactive,4,2024-12-12,Delivered
562,Other,Teenager,Lahore,2024-01-12,2023-10-26,Burger King,Fries,Fast Food,5,618.18,Card,6,2025-03-16,406,Inactive,2,2025-03-18,Delivered
563,Female,Senior,Karachi,2025-07-17,2023-10-26,Pizza Hut,Sandwich,Fast Food,3,1433.0,Cash,19,2025-01-31,310,Inactive,5,2024-10-24,Cancelled
564,Female,Teenager,Multan,2024-03-18,2023-10-27,KFC,Sandwich,Dessert,1,814.63,Card,13,2025-09-04,486,Active,3,2025-02-18,Delivered
565,Female,Senior,Peshawar,2023-11-22,2023-10-27,McDonald's,Pasta,Dessert,3,1466.41,Card,26,2025-08-19,72,Active,3,2025-02-01,Delivered
566,Male,Senior,Peshawar,2024-11-29,2023-10-27,Pizza Hut,Pasta,Dessert,4,1313.69,Cash,15,2025-07-05,487,Inactive,1,2024-12-31,Cancelled
567,Other,Senior,Islamabad,2025-08-08,2023-10-27,Burger King,Fries,Dessert,3,943.38,Wallet,10,2024-12-26,16,Inactive,3,2024-12-29,Cancelled
568,Other,Senior,Karachi,2024-11-12,2023-10-27,Subway,Sandwich,Dessert,1,1264.17,Card,15,2024-01-09,246,Active,4,2024-11-15,Delivered
569,Other,Teenager,Multan,2024-10-05,2023-10-27,McDonald's,Sandwich,Dessert,1,1351.11,Card,48,2025-05-16,458,Inactive,1,2024-12-24,Delayed
570,Female,Adult,Peshawar,2025-07-14,2023-10-27,Burger King,Pizza,Chinese,5,1174.49,Wallet,13,2025-03-28,118,Inactive,2,2024-07-11,Cancelled
571,Female,Senior,Multan,2024-09-05,2023-10-27,Burger King,Burger,Italian,1,303.3,Card,42,2024-08-30,457,Active,3,2024-10-14,Cancelled
572,Other,Teenager,Lahore,2025-01-31,2023-10-27,Burger King,Fries,Fast Food,5,1053.52,Wallet,34,2025-08-02,186,Inactive,4,2024-11-22,Delayed
573,Male,Adult,Karachi,2024-07-27,2023-10-28,Burger King,Sandwich,Fast Food,5,1480.61,Card,6,2024-10-11,490,Active,5,2025-02-25,Cancelled
574,Other,Teenager,Peshawar,2025-12-04,2023-10-28,McDonald's,Pasta,Chinese,1,1016.6,Wallet,30,2024-12-29,108,Inactive,2,2025-02-18,Delayed
575,Male,Senior,Peshawar,2025-07-26,2023-10-28,Subway,Fries,Dessert,3,361.99,Wallet,15,2025-04-03,146,Inactive,4,2025-12-01,Delivered
576,Other,Senior,Islamabad,2024-10-04,2023-10-28,Burger King,Burger,Fast Food,5,558.63,Card,21,2024-11-09,439,Active,1,2025-07-25,Cancelled
577,Female,Senior,Lahore,2024-01-03,2023-10-28,Pizza Hut,Pasta,Chinese,5,1234.61,Wallet,24,2025-05-25,350,Active,5,2024-10-16,Delivered
578,Female,Adult,Multan,2024-12-27,2023-10-28,McDonald's,Fries,Chinese,2,294.61,Card,19,2025-08-13,254,Active,4,2024-10-25,Cancelled
579,Other,Senior,Peshawar,2024-06-27,2023-10-28,Subway,Pizza,Fast Food,4,963.48,Cash,25,2025-06-22,274,Inactive,3,2025-01-27,Delivered
580,Male,Teenager,Peshawar,2024-02-14,2023-10-28,Pizza Hut,Pizza,Italian,5,267.94,Wallet,16,2024-11-09,425,Active,4,2024-11-26,Delivered
581,Male,Teenager,Islamabad,2024-09-30,2023-10-29,Subway,Pizza,Italian,2,1053.87,Card,38,2024-09-13,411,Active,3,2024-03-09,Cancelled
582,Male,Adult,Peshawar,2024-05-29,2023-10-29,KFC,Fries,Continental,2,936.85,Cash,16,2025-07-27,493,Inactive,4,2025-05-26,Delayed
583,Female,Adult,Peshawar,2024-06-22,2023-10-29,McDonald's,Sandwich,Italian,2,933.33,Cash,30,2024-12-31,480,Active,5,2025-06-18,Cancelled
584,Female,Teenager,Lahore,2024-03-31,2023-10-29,McDonald's,Pizza,Dessert,5,290.86,Card,26,2024-11-28,45,Active,2,2025-04-22,Delivered
585,Male,Adult,Peshawar,2025-07-06,2023-10-29,KFC,Pasta,Italian,3,359.65,Wallet,24,2025-07-27,421,Inactive,3,2024-09-20,Delivered
586,Female,Adult,Lahore,2023-12-31,2023-10-29,Subway,Fries,Chinese,4,910.23,Cash,23,2025-05-23,97,Active,5,2025-01-01,Cancelled
587,Male,Adult,Peshawar,2024-02-06,2023-10-29,Subway,Pizza,Continental,5,544.34,Wallet,40,2024-09-20,74,Inactive,3,2025-04-25,Delayed
588,Male,Teenager,Lahore,2024-09-24,2023-10-29,KFC,Burger,Continental,2,762.24,Wallet,8,2025-12-06,244,Inactive,5,2025-05-06,Cancelled
589,Other,Teenager,Islamabad,2024-06-05,2023-10-29,Subway,Pasta,Italian,1,375.22,Cash,50,2025-04-17,435,Inactive,4,2024-04-11,Delayed
590,Male,Senior,Lahore,2023-09-21,2023-10-29,McDonald's,Pizza,Italian,5,428.61,Cash,37,2025-05-26,304,Active,1,2025-02-21,Delivered
591,Female,Senior,Islamabad,2024-06-06,2023-10-29,Subway,Pasta,Continental,2,793.33,Card,8,2024-12-30,499,Inactive,3,2024-11-25,Cancelled
592,Other,Teenager,Islamabad,2024-08-17,2023-10-29,KFC,Sandwich,Chinese,5,1350.13,Card,2,2024-11-25,58,Active,3,2025-01-28,Delivered
593,Male,Senior,Multan,2025-02-17,2023-10-29,Pizza Hut,Sandwich,Italian,5,920.95,Card,22,2025-02-04,78,Inactive,4,2025-06-08,Delivered
594,Other,Teenager,Islamabad,2024-04-07,2023-10-29,KFC,Pizza,Italian,4,128.82,Wallet,17,2025-02-25,295,Inactive,5,2025-02-27,Cancelled
595,Male,Senior,Multan,2024-08-22,2023-10-30,Subway,Pasta,Italian,2,552.13,Cash,8,2024-11-14,321,Inactive,3,2025-03-31,Delayed
596,Other,Adult,Multan,2025-03-04,2023-10-30,KFC,Pizza,Continental,5,1462.68,Wallet,45,2024-08-23,388,Inactive,1,2024-05-09,Delayed
597,Female,Teenager,Lahore,2025-07-04,2023-10-30,KFC,Pizza,Italian,1,1143.43,Wallet,50,2024-10-09,338,Active,5,2024-10-22,Delivered
598,Female,Teenager,Multan,2025-02-04,2023-10-30,Subway,Burger,Dessert,1,1217.19,Cash,7,2025-05-05,88,Active,2,2025-07-18,Delivered
599,Other,Teenager,Multan,2025-12-04,2023-10-30,Pizza Hut,Burger,Italian,4,1049.77,Card,26,2024-11-20,139,Inactive,5,2024-10-22,Delivered
600,Female,Teenager,Lahore,2023-11-10,2023-10-30,Pizza Hut,Pasta,Continental,4,917.23,Wallet,41,2025-03-26,479,Inactive,2,2024-09-15,Cancelled
601,Male,Teenager,Islamabad,2024-04-05,2023-10-30,Subway,Pizza,Italian,1,1049.57,Card,11,2025-01-13,383,Active,5,2025-04-25,Delivered
602,Other,Teenager,Karachi,2025-07-25,2023-10-30,KFC,Sandwich,Italian,4,802.08,Cash,26,2025-05-18,88,Inactive,2,2024-11-21,Cancelled
603,Male,Senior,Multan,2024-05-25,2023-10-31,Burger King,Fries,Chinese,1,1049.51,Cash,26,2024-02-11,307,Active,4,2025-01-23,Delivered
604,Female,Senior,Karachi,2024-05-27,2023-10-31,Pizza Hut,Pasta,Chinese,2,1035.4,Wallet,44,2024-12-10,132,Inactive,1,2025-02-17,Delayed
605,Male,Adult,Lahore,2025-03-28,2023-10-31,KFC,Pasta,Continental,3,1472.47,Cash,23,2025-01-29,248,Active,3,2025-04-18,Delayed
606,Female,Senior,Peshawar,2024-02-05,2023-10-31,Subway,Pizza,Dessert,1,1362.27,Wallet,13,2025-05-27,71,Inactive,3,2024-02-11,Cancelled
607,Male,Senior,Peshawar,2025-07-01,2023-10-31,Burger King,Burger,Fast Food,2,603.36,Card,13,2025-06-08,418,Inactive,3,2025-01-06,Delayed
608,Other,Teenager,Karachi,2024-01-05,2023-10-31,McDonald's,Pasta,Dessert,3,1041.92,Cash,3,2025-09-08,360,Active,3,2025-06-27,Delayed
609,Male,Adult,Lahore,2025-12-03,2023-10-31,Pizza Hut,Sandwich,Fast Food,2,1339.73,Cash,14,2024-10-22,66,Inactive,1,2024-03-10,Delayed
610,Other,Adult,Islamabad,2025-05-24,2023-10-31,Subway,Sandwich,Dessert,1,1468.01,Cash,12,2024-12-30,312,Active,3,2025-01-08,Cancelled
611,Male,Teenager,Lahore,2025-11-01,2023-10-31,KFC,Burger,Fast Food,5,1111.96,Cash,8,2025-08-18,119,Active,1,2025-01-16,Delayed
612,Female,Adult,Islamabad,2024-03-23,2023-10-31,McDonald's,Pizza,Chinese,2,1401.08,Card,32,2025-09-08,293,Inactive,1,2024-11-19,Delivered
613,Male,Teenager,Karachi,2024-01-25,2023-01-11,McDonald's,Burger,Dessert,3,732.93,Cash,31,2025-05-14,428,Inactive,2,2024-09-10,Cancelled
614,Male,Adult,Peshawar,2025-05-29,2023-01-11,Burger King,Sandwich,Italian,2,211.0,Wallet,10,2025-02-18,452,Active,4,2025-04-20,Delivered
615,Male,Adult,Karachi,2024-10-22,2023-01-11,Burger King,Burger,Continental,3,1431.66,Cash,48,2025-05-14,302,Inactive,4,2024-10-31,Cancelled
616,Female,Senior,Islamabad,2025-07-05,2023-01-11,Burger King,Pizza,Fast Food,2,789.22,Card,48,2025-05-16,393,Inactive,1,2024-05-10,Cancelled
617,Female,Adult,Multan,2025-01-18,2023-01-11,Pizza Hut,Burger,Fast Food,1,618.05,Cash,33,2024-11-27,12,Inactive,4,2025-08-20,Delivered
618,Other,Teenager,Peshawar,2025-02-08,2023-01-11,Pizza Hut,Burger,Dessert,4,1001.16,Card,37,2025-05-03,267,Inactive,1,2025-05-26,Delivered
619,Other,Adult,Islamabad,2025-07-06,2023-01-11,Subway,Pizza,Continental,3,1120.67,Wallet,20,2024-12-18,446,Active,1,2025-05-17,Delayed
620,Female,Adult,Peshawar,2024-03-18,2023-01-11,Burger King,Fries,Chinese,1,805.06,Card,23,2025-01-13,361,Inactive,4,2024-10-09,Cancelled
621,Male,Senior,Karachi,2023-09-11,2023-01-11,KFC,Sandwich,Fast Food,3,1405.54,Wallet,5,2024-08-26,13,Active,2,2025-06-30,Delivered
622,Other,Teenager,Peshawar,2024-11-16,2023-02-11,Pizza Hut,Burger,Italian,2,1095.03,Wallet,49,2025-01-07,454,Inactive,4,2025-02-28,Delayed
623,Male,Teenager,Lahore,2024-08-18,2023-02-11,McDonald's,Burger,Italian,3,547.13,Cash,22,2024-11-16,358,Inactive,4,2024-11-17,Delayed
624,Male,Teenager,Lahore,2025-03-22,2023-02-11,KFC,Pizza,Chinese,4,1010.88,Cash,20,2025-04-30,229,Active,4,2025-06-06,Delivered
625,Male,Senior,Karachi,2025-03-13,2023-02-11,KFC,Pasta,Dessert,4,1117.04,Card,42,2025-03-24,120,Inactive,5,2025-05-14,Delayed
626,Male,Adult,Multan,2024-06-05,2023-02-11,KFC,Fries,Fast Food,2,114.1,Cash,10,2024-08-29,494,Inactive,2,2024-12-26,Cancelled
627,Female,Senior,Karachi,2024-05-11,2023-02-11,Burger King,Burger,Chinese,4,942.14,Wallet,17,2025-06-20,456,Inactive,2,2024-10-31,Delivered
628,Male,Teenager,Multan,2025-01-29,2023-02-11,KFC,Pasta,Dessert,5,1409.81,Wallet,2,2025-03-18,344,Inactive,2,2025-09-08,Delivered
629,Other,Senior,Karachi,2023-05-09,2023-02-11,Pizza Hut,Pizza,Chinese,2,890.41,Card,16,2025-01-30,208,Active,1,2025-06-06,Cancelled
630,Female,Senior,Karachi,2024-08-11,2023-02-11,Burger King,Pizza,Chinese,3,804.41,Wallet,3,2025-06-02,340,Inactive,5,2025-05-27,Delayed
631,Female,Adult,Peshawar,2024-06-26,2023-02-11,Pizza Hut,Fries,Continental,3,873.53,Cash,15,2024-05-11,40,Inactive,2,2025-03-07,Delivered
632,Other,Adult,Multan,2024-12-08,2023-03-11,McDonald's,Pasta,Chinese,3,1336.05,Cash,32,2025-09-07,464,Active,5,2025-04-22,Delayed
633,Other,Teenager,Peshawar,2025-10-01,2023-03-11,McDonald's,Fries,Dessert,4,1099.24,Cash,4,2025-01-02,194,Active,2,2024-12-21,Cancelled
634,Male,Senior,Karachi,2023-12-22,2023-03-11,McDonald's,Burger,Dessert,2,538.18,Card,28,2024-10-17,280,Active,5,2024-10-13,Cancelled
635,Male,Adult,Lahore,2023-12-25,2023-03-11,Subway,Pasta,Chinese,4,443.28,Cash,16,2025-07-02,415,Inactive,4,2025-02-05,Cancelled
636,Female,Senior,Islamabad,2024-01-09,2023-03-11,KFC,Pizza,Fast Food,4,935.15,Cash,49,2024-08-11,389,Active,2,2025-07-22,Delivered
637,Male,Teenager,Multan,2024-09-23,2023-03-11,Pizza Hut,Fries,Chinese,5,214.58,Wallet,32,2024-11-18,157,Inactive,3,2025-06-16,Delivered
638,Male,Teenager,Multan,2024-08-04,2023-03-11,McDonald's,Fries,Fast Food,3,311.08,Wallet,48,2025-06-23,198,Active,4,2024-10-20,Delayed
639,Female,Adult,Peshawar,2025-02-06,2023-03-11,McDonald's,Fries,Italian,4,1266.3,Wallet,3,2025-11-07,458,Inactive,5,2025-10-06,Delayed
640,Female,Teenager,Lahore,2024-12-25,2023-04-11,Pizza Hut,Burger,Continental,2,853.16,Card,49,2025-06-16,181,Inactive,2,2025-06-29,Delivered
641,Other,Teenager,Karachi,2025-02-04,2023-04-11,KFC,Fries,Chinese,1,122.48,Card,21,2025-12-02,405,Active,4,2024-07-09,Delayed
642,Female,Adult,Lahore,2024-03-12,2023-04-11,McDonald's,Sandwich,Continental,4,1206.87,Card,15,2025-03-15,386,Inactive,4,2025-01-22,Delayed
643,Female,Teenager,Lahore,2024-01-27,2023-04-11,Pizza Hut,Pasta,Chinese,2,993.76,Cash,13,2025-02-08,145,Active,1,2025-09-03,Delivered
644,Male,Senior,Lahore,2024-02-06,2023-04-11,Burger King,Sandwich,Italian,3,586.44,Wallet,50,2024-12-28,2,Inactive,1,2025-04-17,Delayed
645,Female,Teenager,Peshawar,2024-03-21,2023-04-11,McDonald's,Pasta,Chinese,1,202.27,Cash,7,2024-12-20,491,Inactive,2,2025-10-02,Delivered
646,Other,Senior,Peshawar,2024-04-14,2023-04-11,Pizza Hut,Pasta,Dessert,2,1053.22,Card,7,2024-10-15,357,Inactive,4,2025-06-01,Cancelled
647,Female,Adult,Islamabad,2025-07-13,2023-04-11,Pizza Hut,Pasta,Dessert,2,1201.85,Cash,38,2025-01-02,228,Inactive,3,2025-05-30,Delivered
648,Male,Teenager,Lahore,2024-09-06,2023-05-11,Burger King,Burger,Chinese,3,1254.02,Card,48,2025-06-17,425,Inactive,3,2024-12-23,Delayed
649,Other,Senior,Karachi,2024-04-19,2023-05-11,Burger King,Fries,Chinese,4,812.01,Wallet,48,2024-12-27,141,Inactive,3,2025-01-05,Cancelled
650,Other,Adult,Peshawar,2023-03-09,2023-06-11,McDonald's,Pasta,Fast Food,4,816.51,Wallet,26,2024-04-12,346,Inactive,2,2025-07-05,Delivered
651,Other,Adult,Karachi,2024-07-01,2023-06-11,Subway,Pasta,Chinese,1,193.63,Wallet,44,2025-08-16,384,Active,5,2025-05-08,Delayed
652,Other,Teenager,Karachi,2023-11-19,2023-06-11,Pizza Hut,Pizza,Dessert,1,946.77,Card,11,2024-10-28,292,Active,3,2025-11-04,Delivered
653,Female,Teenager,Karachi,2025-01-29,2023-06-11,Pizza Hut,Burger,Dessert,1,178.49,Cash,15,2024-10-21,446,Active,5,2025-04-16,Delayed
654,Male,Senior,Karachi,2024-11-01,2023-06-11,KFC,Pasta,Chinese,1,721.89,Card,49,2024-09-09,58,Inactive,1,2024-09-09,Cancelled
655,Other,Senior,Peshawar,2025-04-05,2023-06-11,Pizza Hut,Burger,Italian,5,1317.34,Wallet,36,2025-01-19,166,Inactive,3,2025-01-31,Cancelled
656,Female,Senior,Multan,2023-08-28,2023-06-11,McDonald's,Pasta,Fast Food,5,300.28,Card,31,2024-12-31,460,Inactive,1,2025-10-08,Delivered
657,Male,Adult,Lahore,2025-05-08,2023-06-11,Subway,Pasta,Italian,2,277.0,Cash,42,2024-05-12,291,Inactive,5,2025-02-14,Delivered
658,Male,Senior,Peshawar,2024-11-02,2023-07-11,Pizza Hut,Pizza,Continental,4,772.32,Card,1,2025-02-01,266,Inactive,2,2025-12-06,Cancelled
659,Female,Teenager,Lahore,2024-11-10,2023-07-11,Burger King,Pasta,Fast Food,4,175.16,Wallet,24,2024-10-31,440,Active,4,2025-07-18,Delayed
660,Male,Teenager,Peshawar,2024-12-11,2023-07-11,Pizza Hut,Fries,Italian,2,301.62,Cash,38,2025-12-02,388,Active,3,2025-02-28,Cancelled
661,Other,Teenager,Multan,2023-11-11,2023-07-11,McDonald's,Burger,Continental,4,728.89,Cash,21,2025-12-06,168,Active,5,2025-07-18,Cancelled
662,Male,Teenager,Islamabad,2024-12-09,2023-07-11,KFC,Fries,Fast Food,2,483.3,Card,35,2025-07-20,163,Inactive,1,2025-04-28,Delayed
663,Other,Teenager,Islamabad,2025-03-24,2023-07-11,Subway,Pizza,Italian,2,1240.23,Card,8,2025-10-03,121,Inactive,2,2024-01-11,Cancelled
664,Other,Teenager,Peshawar,2024-11-18,2023-07-11,Burger King,Fries,Chinese,1,1254.7,Card,32,2025-03-01,145,Active,2,2024-09-27,Delayed
665,Male,Teenager,Multan,2024-03-29,2023-07-11,Pizza Hut,Pasta,Fast Food,3,570.02,Card,43,2024-01-12,85,Inactive,1,2024-09-21,Delayed
666,Other,Teenager,Karachi,2025-06-19,2023-08-11,Burger King,Pizza,Continental,3,355.37,Wallet,34,2024-09-16,214,Inactive,3,2024-08-24,Delivered
667,Female,Teenager,Peshawar,2024-09-20,2023-08-11,Burger King,Pasta,Dessert,1,1104.67,Card,19,2025-07-20,451,Inactive,3,2025-03-01,Delayed
668,Female,Adult,Peshawar,2024-06-20,2023-08-11,Burger King,Fries,Italian,5,573.4,Card,49,2025-02-14,416,Active,1,2024-08-10,Delayed
669,Female,Senior,Peshawar,2024-10-06,2023-08-11,Burger King,Sandwich,Chinese,5,327.79,Cash,17,2024-08-26,80,Inactive,1,2024-09-27,Delivered
670,Female,Adult,Islamabad,2024-12-06,2023-08-11,Pizza Hut,Pasta,Dessert,5,1403.58,Wallet,13,2024-12-17,298,Active,4,2024-02-11,Delayed
671,Male,Senior,Karachi,2024-07-04,2023-08-11,Pizza Hut,Pizza,Dessert,1,1483.22,Wallet,37,2025-12-03,379,Active,3,2025-04-17,Delivered
672,Other,Adult,Peshawar,2025-07-15,2023-08-11,Subway,Sandwich,Chinese,5,678.51,Wallet,24,2025-01-05,254,Active,5,2025-04-18,Cancelled
673,Male,Teenager,Islamabad,2025-08-03,2023-08-11,McDonald's,Fries,Fast Food,3,933.86,Card,15,2024-11-28,430,Inactive,1,2025-06-29,Cancelled
674,Male,Teenager,Multan,2025-09-01,2023-08-11,KFC,Fries,Continental,5,1100.88,Wallet,42,2025-04-22,52,Inactive,1,2025-02-18,Delivered
675,Other,Teenager,Peshawar,2023-08-28,2023-08-11,Subway,Burger,Chinese,2,350.02,Card,19,2025-07-16,372,Inactive,1,2025-03-17,Delayed
676,Other,Teenager,Lahore,2024-05-15,2023-09-11,McDonald's,Sandwich,Italian,3,422.25,Card,49,2025-05-01,122,Inactive,4,2025-07-20,Cancelled
677,Female,Teenager,Multan,2023-10-31,2023-09-11,Pizza Hut,Burger,Italian,4,385.2,Card,28,2024-12-24,445,Inactive,2,2025-01-22,Delivered
678,Male,Teenager,Peshawar,2023-08-11,2023-09-11,McDonald's,Fries,Continental,2,825.05,Cash,49,2025-01-08,302,Inactive,5,2025-08-04,Delivered
679,Male,Adult,Karachi,2024-01-21,2023-09-11,Burger King,Burger,Italian,4,1432.29,Cash,34,2024-10-11,199,Inactive,4,2025-07-07,Delivered
680,Female,Senior,Multan,2024-07-14,2023-09-11,Subway,Pizza,Chinese,1,820.43,Card,12,2024-09-27,156,Inactive,4,2025-01-01,Cancelled
681,Female,Adult,Islamabad,2023-11-18,2023-09-11,Subway,Fries,Continental,1,638.41,Wallet,44,2025-03-30,292,Active,2,2024-12-29,Cancelled
682,Other,Adult,Multan,2024-11-26,2023-09-11,McDonald's,Pizza,Fast Food,1,1411.28,Wallet,17,2024-11-28,313,Active,5,2025-02-15,Delayed
683,Male,Adult,Lahore,2025-01-15,2023-09-11,McDonald's,Fries,Fast Food,2,1078.56,Wallet,21,2024-10-24,238,Active,1,2025-09-06,Cancelled
684,Male,Adult,Multan,2024-07-31,2023-10-11,McDonald's,Fries,Chinese,1,109.77,Cash,14,2025-08-05,174,Active,2,2025-06-28,Cancelled
685,Female,Adult,Multan,2025-02-07,2023-10-11,Pizza Hut,Pizza,Dessert,5,755.69,Cash,6,2024-12-16,185,Inactive,1,2024-09-11,Delayed
686,Male,Senior,Peshawar,2025-05-24,2023-10-11,Pizza Hut,Burger,Chinese,2,480.79,Card,30,2025-05-26,82,Active,2,2025-09-04,Cancelled
687,Female,Adult,Multan,2024-05-17,2023-10-11,Pizza Hut,Fries,Continental,4,258.0,Wallet,50,2024-10-29,500,Active,1,2025-04-23,Delivered
688,Female,Teenager,Lahore,2023-09-20,2023-10-11,Subway,Pizza,Fast Food,4,1171.3,Cash,13,2025-08-14,364,Active,3,2024-09-15,Delivered
689,Other,Senior,Multan,2024-02-11,2023-11-11,KFC,Sandwich,Dessert,5,1464.24,Wallet,32,2024-09-12,457,Active,1,2025-06-26,Cancelled
690,Female,Teenager,Peshawar,2025-03-07,2023-11-11,Subway,Fries,Continental,5,379.03,Card,34,2024-12-26,56,Inactive,3,2025-11-07,Delivered
691,Male,Teenager,Islamabad,2023-10-18,2023-11-11,McDonald's,Sandwich,Italian,2,1080.99,Card,45,2025-01-25,416,Inactive,2,2025-04-02,Delivered
692,Female,Teenager,Multan,2023-10-23,2023-11-11,KFC,Pizza,Chinese,5,1075.94,Cash,39,2025-07-26,100,Active,3,2025-02-28,Delivered
693,Male,Senior,Multan,2023-02-12,2023-11-11,Burger King,Pizza,Fast Food,2,213.28,Cash,37,2025-06-18,163,Inactive,2,2025-08-14,Delivered
694,Male,Senior,Multan,2025-09-06,2023-11-11,McDonald's,Sandwich,Continental,2,827.9,Wallet,44,2025-02-15,483,Active,5,2025-02-27,Delivered
695,Female,Adult,Multan,2024-02-15,2023-11-11,Burger King,Pizza,Dessert,3,128.78,Wallet,27,2024-08-26,389,Active,2,2024-09-19,Cancelled
696,Female,Adult,Islamabad,2024-12-29,2023-11-11,McDonald's,Sandwich,Fast Food,2,836.29,Card,1,2025-01-07,215,Active,2,2025-01-26,Delayed
697,Male,Adult,Peshawar,2024-02-25,2023-11-11,Burger King,Sandwich,Dessert,4,1297.29,Cash,23,2025-08-05,125,Active,4,2024-08-23,Cancelled
698,Male,Teenager,Multan,2024-05-13,2023-12-11,KFC,Pizza,Italian,5,1363.02,Card,48,2025-08-14,156,Inactive,1,2024-07-09,Cancelled
699,Male,Adult,Karachi,2025-06-18,2023-12-11,Burger King,Burger,Fast Food,5,955.89,Wallet,14,2025-01-16,184,Inactive,1,2025-03-25,Delayed
700,Female,Adult,Multan,2024-09-01,2023-12-11,Burger King,Pasta,Continental,4,312.92,Cash,33,2025-01-03,215,Active,3,2025-04-14,Delivered
701,Female,Adult,Karachi,2023-09-09,2023-12-11,KFC,Burger,Fast Food,2,1212.2,Card,1,2024-11-11,363,Inactive,1,2025-02-20,Delivered
702,Male,Teenager,Peshawar,2024-12-02,2023-12-11,McDonald's,Sandwich,Italian,5,957.16,Cash,25,2025-06-27,371,Active,3,2025-05-01,Delayed
703,Other,Teenager,Islamabad,2025-03-24,2023-12-11,McDonald's,Burger,Italian,1,1473.03,Wallet,23,2024-12-29,373,Inactive,4,2025-05-25,Cancelled
704,Female,Teenager,Karachi,2025-03-24,2023-12-11,Subway,Pasta,Fast Food,3,635.23,Cash,34,2024-10-10,273,Active,5,2025-02-14,Delivered
705,Female,Senior,Lahore,2024-03-02,2023-12-11,Burger King,Pasta,Dessert,1,1397.19,Wallet,11,2024-11-11,486,Inactive,4,2025-04-28,Delivered
706,Female,Senior,Islamabad,2024-07-06,2023-12-11,Burger King,Pasta,Dessert,5,190.01,Cash,37,2025-01-24,345,Inactive,2,2025-03-23,Delayed
707,Female,Adult,Lahore,2025-04-18,2023-12-11,Subway,Fries,Italian,2,907.09,Wallet,46,2025-05-01,391,Inactive,1,2025-08-19,Delivered
708,Other,Teenager,Islamabad,2024-01-15,2023-11-13,Pizza Hut,Fries,Chinese,4,191.34,Cash,41,2024-06-11,353,Inactive,2,2024-09-15,Delayed
709,Female,Adult,Multan,2024-06-02,2023-11-13,Pizza Hut,Pasta,Fast Food,2,1201.48,Wallet,9,2024-11-12,80,Inactive,5,2025-11-08,Cancelled
710,Male,Teenager,Karachi,2024-06-21,2023-11-13,McDonald's,Burger,Italian,3,490.08,Card,29,2024-08-11,475,Active,3,2025-05-08,Delivered
711,Other,Teenager,Lahore,2025-06-01,2023-11-13,Subway,Burger,Chinese,3,998.97,Wallet,38,2025-09-01,318,Active,2,2024-10-23,Delayed
712,Female,Senior,Karachi,2025-01-03,2023-11-13,Burger King,Pasta,Dessert,4,597.23,Cash,33,2024-12-22,161,Inactive,5,2024-12-14,Delivered
713,Other,Teenager,Peshawar,2024-11-01,2023-11-13,KFC,Burger,Dessert,3,1285.35,Wallet,41,2025-02-05,372,Active,4,2025-01-31,Delayed
714,Male,Teenager,Multan,2024-11-26,2023-11-13,McDonald's,Pasta,Italian,5,1188.09,Wallet,27,2024-10-16,463,Inactive,3,2025-07-19,Delivered
715,Female,Teenager,Islamabad,2025-12-04,2023-11-13,McDonald's,Sandwich,Fast Food,2,305.0,Card,1,2024-12-17,355,Active,2,2025-02-04,Delayed
716,Female,Teenager,Islamabad,2024-04-15,2023-11-14,McDonald's,Burger,Italian,4,378.2,Cash,37,2024-12-20,199,Active,2,2025-06-02,Delivered
717,Female,Senior,Peshawar,2025-01-01,2023-11-14,Burger King,Burger,Italian,1,318.1,Cash,23,2025-07-13,44,Inactive,4,2025-04-05,Delivered
718,Female,Teenager,Karachi,2024-04-07,2023-11-14,Burger King,Burger,Fast Food,1,147.64,Wallet,47,2025-01-07,327,Inactive,5,2025-06-16,Delayed
719,Male,Teenager,Islamabad,2023-09-17,2023-11-14,Pizza Hut,Sandwich,Dessert,5,1044.76,Wallet,39,2025-10-04,491,Active,2,2025-05-13,Delivered
720,Male,Senior,Multan,2024-02-24,2023-11-14,Subway,Pizza,Fast Food,3,952.66,Card,8,2024-10-28,120,Inactive,4,2024-09-28,Delivered
721,Female,Adult,Karachi,2024-11-08,2023-11-14,Subway,Burger,Continental,4,859.3,Cash,13,2024-07-11,320,Inactive,4,2025-07-17,Delivered
722,Female,Teenager,Multan,2025-08-18,2023-11-15,KFC,Pasta,Continental,3,1411.25,Card,19,2025-02-22,312,Inactive,4,2024-12-26,Cancelled
723,Male,Teenager,Peshawar,2024-12-07,2023-11-15,Subway,Pasta,Fast Food,2,391.52,Card,6,2024-08-25,239,Active,4,2024-01-09,Delivered
724,Female,Adult,Lahore,2024-08-07,2023-11-15,Subway,Sandwich,Chinese,4,794.94,Cash,22,2025-06-20,204,Inactive,2,2025-03-05,Cancelled
725,Male,Adult,Multan,2025-05-20,2023-11-15,Subway,Pasta,Italian,3,125.49,Card,21,2024-12-11,70,Active,2,2024-10-30,Delivered
726,Male,Adult,Multan,2023-12-23,2023-11-15,Subway,Sandwich,Fast Food,5,246.42,Wallet,46,2024-12-28,60,Active,2,2024-09-30,Cancelled
727,Male,Senior,Islamabad,2024-08-14,2023-11-15,KFC,Pasta,Chinese,2,1214.56,Cash,27,2025-07-08,267,Active,4,2025-07-06,Delayed
728,Female,Adult,Peshawar,2024-11-30,2023-11-15,KFC,Sandwich,Dessert,2,262.42,Card,45,2024-02-09,425,Inactive,1,2025-01-14,Cancelled
729,Male,Adult,Peshawar,2024-05-28,2023-11-15,Pizza Hut,Fries,Continental,3,1499.73,Wallet,2,2025-07-15,107,Inactive,5,2025-05-13,Cancelled
730,Male,Senior,Karachi,2024-10-23,2023-11-15,Pizza Hut,Burger,Dessert,1,610.38,Card,32,2024-12-22,280,Active,1,2025-08-17,Delayed
731,Other,Teenager,Lahore,2025-05-23,2023-11-15,KFC,Sandwich,Italian,2,287.77,Cash,5,2025-04-14,156,Inactive,2,2025-06-02,Cancelled
732,Male,Senior,Islamabad,2025-04-14,2023-11-16,Burger King,Fries,Italian,3,1057.55,Cash,15,2025-10-06,379,Inactive,5,2024-10-21,Delayed
733,Other,Senior,Lahore,2025-03-05,2023-11-16,McDonald's,Pasta,Fast Food,4,1094.0,Card,2,2025-04-28,88,Inactive,3,2025-05-23,Delivered
734,Male,Senior,Peshawar,2024-02-21,2023-11-16,McDonald's,Fries,Continental,1,365.37,Cash,16,2025-04-05,7,Inactive,5,2024-12-20,Delivered
735,Female,Teenager,Multan,2023-08-29,2023-11-16,Pizza Hut,Pasta,Chinese,1,1287.45,Cash,36,2025-09-01,239,Active,4,2024-05-10,Delivered
736,Female,Senior,Islamabad,2025-02-18,2023-11-16,McDonald's,Pasta,Continental,1,387.84,Cash,31,2024-11-11,19,Active,5,2025-01-08,Delivered
737,Other,Senior,Karachi,2023-10-12,2023-11-16,KFC,Sandwich,Fast Food,2,741.49,Cash,31,2025-03-05,319,Inactive,4,2025-05-18,Delivered
738,Other,Teenager,Multan,2025-10-07,2023-11-17,Burger King,Pasta,Italian,1,1003.06,Cash,26,2025-07-24,294,Inactive,3,2025-04-17,Cancelled
739,Male,Senior,Karachi,2025-11-05,2023-11-17,KFC,Pizza,Fast Food,2,139.63,Wallet,6,2024-11-19,193,Active,5,2025-01-21,Delivered
740,Female,Teenager,Peshawar,2024-01-04,2023-11-17,KFC,Pasta,Fast Food,5,543.62,Card,37,2025-10-05,435,Inactive,4,2025-05-18,Delivered
741,Female,Senior,Multan,2024-01-29,2023-11-17,Subway,Fries,Fast Food,1,717.73,Cash,39,2024-11-15,157,Inactive,2,2025-07-31,Cancelled
742,Female,Adult,Islamabad,2024-04-26,2023-11-17,Subway,Burger,Continental,5,1289.99,Wallet,47,2024-10-18,115,Active,2,2025-11-01,Delayed
743,Female,Adult,Lahore,2024-07-19,2023-11-17,KFC,Burger,Dessert,4,1333.67,Wallet,48,2025-06-02,456,Inactive,1,2025-10-05,Cancelled
744,Female,Adult,Islamabad,2024-09-06,2023-11-17,Burger King,Pasta,Fast Food,4,430.06,Wallet,9,2024-11-30,189,Active,3,2024-12-26,Cancelled
745,Male,Senior,Karachi,2024-08-21,2023-11-17,Pizza Hut,Sandwich,Chinese,1,242.42,Wallet,9,2025-01-31,2,Inactive,3,2025-01-24,Cancelled
746,Female,Senior,Peshawar,2024-01-29,2023-11-17,Pizza Hut,Pizza,Chinese,2,490.94,Card,41,2025-10-02,18,Inactive,1,2025-07-07,Delivered
747,Other,Adult,Islamabad,2024-11-18,2023-11-18,Pizza Hut,Burger,Chinese,4,569.79,Wallet,40,2024-08-25,355,Active,1,2025-03-27,Delayed
748,Female,Senior,Peshawar,2025-05-30,2023-11-18,Subway,Fries,Chinese,5,725.16,Wallet,39,2024-11-15,344,Active,4,2024-12-14,Delayed
749,Male,Adult,Islamabad,2024-05-15,2023-11-18,Burger King,Pasta,Chinese,2,868.19,Wallet,5,2025-02-02,208,Active,3,2025-05-19,Cancelled
750,Male,Adult,Peshawar,2024-01-25,2023-11-18,McDonald's,Burger,Chinese,3,917.94,Cash,34,2025-01-03,174,Inactive,5,2024-10-21,Delivered
751,Female,Teenager,Karachi,2024-06-30,2023-11-18,Pizza Hut,Burger,Chinese,1,357.22,Card,14,2025-01-06,392,Active,3,2025-03-28,Delayed
752,Male,Teenager,Islamabad,2024-11-26,2023-11-18,Pizza Hut,Pasta,Chinese,2,1244.21,Cash,43,2025-08-04,379,Active,1,2025-06-28,Cancelled
753,Female,Teenager,Islamabad,2024-04-05,2023-11-18,McDonald's,Pizza,Chinese,1,126.19,Wallet,38,2025-04-03,87,Active,3,2025-01-30,Delayed
754,Male,Senior,Multan,2024-04-23,2023-11-19,Subway,Sandwich,Continental,3,714.36,Card,31,2025-01-22,178,Inactive,1,2025-07-03,Delivered
755,Female,Teenager,Karachi,2024-12-20,2023-11-19,Pizza Hut,Sandwich,Continental,3,344.72,Wallet,14,2025-01-28,290,Inactive,2,2025-01-15,Delayed
756,Other,Teenager,Karachi,2023-10-18,2023-11-19,McDonald's,Fries,Chinese,5,601.64,Wallet,3,2024-11-19,478,Inactive,3,2024-03-11,Delivered
757,Other,Senior,Peshawar,2025-02-05,2023-11-19,KFC,Sandwich,Dessert,4,1190.07,Card,10,2025-05-15,126,Inactive,1,2024-08-26,Delivered
758,Female,Adult,Islamabad,2025-01-26,2023-11-19,McDonald's,Burger,Chinese,3,506.23,Card,28,2025-07-03,145,Active,1,2025-03-08,Delivered
759,Male,Teenager,Islamabad,2024-05-03,2023-11-19,Subway,Burger,Chinese,2,884.45,Wallet,28,2025-04-04,277,Active,1,2024-08-22,Cancelled
760,Other,Teenager,Peshawar,2024-08-24,2023-11-19,Pizza Hut,Pasta,Fast Food,5,1134.87,Card,9,2024-09-22,87,Active,5,2025-11-03,Delayed
761,Other,Teenager,Islamabad,2025-05-31,2023-11-19,Burger King,Fries,Fast Food,1,377.64,Wallet,47,2025-04-25,133,Inactive,5,2024-12-30,Delivered
762,Other,Teenager,Peshawar,2024-01-30,2023-11-19,McDonald's,Pizza,Italian,5,535.66,Card,28,2025-01-07,434,Active,5,2025-10-05,Delivered
763,Other,Senior,Lahore,2024-10-06,2023-11-19,KFC,Burger,Italian,4,1391.02,Cash,49,2025-04-20,299,Active,3,2025-02-21,Delivered
764,Female,Adult,Peshawar,2025-06-22,2023-11-19,Pizza Hut,Fries,Italian,3,1265.36,Cash,21,2025-03-31,386,Active,3,2025-01-29,Delivered
765,Male,Adult,Multan,2024-06-05,2023-11-20,KFC,Sandwich,Dessert,1,1483.24,Cash,50,2025-01-22,427,Inactive,2,2024-12-30,Delivered
766,Other,Teenager,Multan,2024-07-06,2023-11-20,KFC,Pasta,Continental,1,288.68,Card,45,2025-11-03,136,Active,2,2025-02-07,Delivered
767,Female,Teenager,Karachi,2024-09-15,2023-11-20,KFC,Pizza,Dessert,3,620.36,Cash,32,2025-03-06,48,Active,1,2024-08-10,Cancelled
768,Female,Adult,Peshawar,2023-11-27,2023-11-20,Subway,Sandwich,Fast Food,5,562.53,Cash,4,2025-11-03,203,Active,3,2024-11-16,Delayed
769,Male,Adult,Islamabad,2025-02-05,2023-11-20,Pizza Hut,Pizza,Chinese,3,896.54,Wallet,6,2025-05-07,133,Inactive,5,2025-06-17,Cancelled
770,Female,Senior,Islamabad,2024-04-12,2023-11-21,Subway,Pasta,Italian,1,208.4,Card,28,2024-07-10,134,Inactive,2,2024-12-17,Delivered
771,Male,Teenager,Lahore,2023-11-15,2023-11-22,Pizza Hut,Fries,Fast Food,3,1152.76,Cash,30,2024-09-29,301,Inactive,1,2024-09-26,Delivered
772,Male,Teenager,Multan,2024-12-27,2023-11-22,Subway,Fries,Continental,5,376.36,Cash,36,2024-12-09,306,Active,1,2024-10-16,Delivered
773,Male,Adult,Islamabad,2024-03-12,2023-11-22,KFC,Pizza,Continental,1,1018.37,Cash,31,2025-01-08,217,Active,2,2024-01-09,Delivered
774,Female,Teenager,Multan,2024-02-11,2023-11-22,KFC,Fries,Dessert,1,1401.97,Cash,22,2025-06-18,251,Active,5,2025-03-24,Delivered
775,Female,Senior,Karachi,2025-07-03,2023-11-22,Burger King,Fries,Chinese,2,1321.53,Card,2,2025-05-24,198,Inactive,4,2025-06-20,Delivered
776,Female,Teenager,Lahore,2024-11-03,2023-11-22,Pizza Hut,Fries,Dessert,4,1379.31,Wallet,43,2025-06-02,168,Inactive,1,2025-06-30,Delivered
777,Other,Senior,Lahore,2023-12-17,2023-11-23,KFC,Pizza,Dessert,1,181.42,Card,4,2024-09-29,133,Active,4,2025-05-13,Cancelled
778,Female,Senior,Karachi,2024-08-21,2023-11-23,Subway,Fries,Italian,4,1054.3,Cash,48,2025-06-24,159,Inactive,4,2025-08-15,Delayed
779,Female,Adult,Peshawar,2023-06-12,2023-11-23,Burger King,Burger,Italian,4,1299.99,Cash,25,2025-06-29,453,Active,1,2025-07-15,Delayed
780,Other,Senior,Karachi,2024-08-28,2023-11-23,Subway,Burger,Dessert,5,390.67,Wallet,11,2025-02-16,352,Inactive,4,2025-05-03,Cancelled
781,Male,Adult,Multan,2024-09-20,2023-11-23,Burger King,Pasta,Chinese,5,210.48,Wallet,20,2025-12-03,51,Active,3,2025-03-27,Delivered
782,Other,Adult,Multan,2024-02-02,2023-11-23,Subway,Pizza,Fast Food,3,249.11,Card,39,2025-05-08,237,Inactive,2,2025-01-14,Cancelled
783,Female,Adult,Lahore,2023-08-23,2023-11-23,Subway,Sandwich,Chinese,5,1291.19,Card,33,2025-12-07,85,Active,5,2024-12-17,Delayed
784,Female,Senior,Multan,2025-01-14,2023-11-24,Subway,Sandwich,Continental,3,273.08,Wallet,32,2025-10-01,140,Inactive,2,2025-10-03,Delayed
785,Female,Senior,Karachi,2025-07-08,2023-11-24,Subway,Pasta,Italian,1,185.34,Cash,27,2025-04-25,313,Active,3,2024-09-16,Delayed
786,Female,Teenager,Karachi,2024-10-29,2023-11-24,KFC,Burger,Chinese,2,303.19,Card,17,2025-12-02,245,Active,5,2025-05-08,Delivered
787,Other,Senior,Islamabad,2023-10-27,2023-11-24,Pizza Hut,Burger,Continental,5,224.54,Card,9,2025-02-08,390,Inactive,2,2025-04-25,Delayed
788,Female,Senior,Karachi,2023-05-09,2023-11-24,Burger King,Pasta,Fast Food,4,363.52,Cash,21,2025-06-07,158,Inactive,2,2024-08-31,Delayed
789,Male,Senior,Peshawar,2024-03-31,2023-11-24,McDonald's,Pasta,Fast Food,4,903.38,Wallet,22,2025-04-22,277,Inactive,4,2024-11-10,Delivered
790,Male,Adult,Islamabad,2024-12-21,2023-11-24,Burger King,Pasta,Fast Food,3,524.96,Card,3,2025-03-30,395,Active,5,2024-08-24,Cancelled
791,Other,Teenager,Peshawar,2025-07-08,2023-11-24,KFC,Sandwich,Fast Food,5,1230.61,Wallet,45,2025-06-22,286,Active,5,2024-03-10,Cancelled
792,Other,Adult,Karachi,2024-10-03,2023-11-24,KFC,Sandwich,Chinese,1,776.22,Cash,41,2024-03-09,212,Inactive,4,2024-10-10,Delivered
793,Other,Senior,Multan,2024-04-11,2023-11-24,Pizza Hut,Fries,Continental,1,643.62,Wallet,36,2025-07-29,183,Active,2,2025-03-19,Delivered
794,Female,Adult,Islamabad,2023-08-24,2023-11-25,KFC,Sandwich,Italian,2,667.95,Wallet,50,2024-04-10,486,Active,1,2025-02-17,Cancelled
795,Female,Adult,Lahore,2024-12-26,2023-11-25,Subway,Sandwich,Fast Food,1,716.43,Cash,28,2025-06-02,240,Active,5,2024-11-17,Cancelled
796,Female,Senior,Peshawar,2024-12-21,2023-11-25,Burger King,Pizza,Chinese,5,1283.93,Cash,37,2025-02-21,401,Inactive,3,2024-09-10,Cancelled
797,Other,Adult,Islamabad,2025-04-24,2023-11-25,Pizza Hut,Pizza,Dessert,4,1021.48,Cash,50,2024-10-22,92,Inactive,4,2024-10-22,Delayed
798,Female,Senior,Lahore,2025-07-03,2023-11-25,McDonald's,Burger,Dessert,5,1338.5,Cash,2,2025-01-25,442,Inactive,3,2025-03-31,Delayed
799,Male,Teenager,Multan,2024-07-10,2023-11-25,Subway,Pasta,Continental,3,1054.08,Wallet,1,2025-01-30,205,Inactive,5,2025-11-08,Cancelled
800,Male,Teenager,Lahore,2024-05-11,2023-11-25,Burger King,Sandwich,Fast Food,5,208.6,Wallet,19,2025-04-29,181,Active,5,2024-12-12,Cancelled
801,Male,Adult,Multan,2023-10-10,2023-11-25,Burger King,Sandwich,Italian,1,905.48,Cash,26,2024-09-24,168,Inactive,2,2025-05-22,Delayed
802,Female,Senior,Karachi,2025-07-01,2023-11-25,Subway,Pasta,Chinese,4,492.93,Cash,21,2024-10-21,91,Inactive,5,2025-05-05,Delivered
803,Female,Teenager,Multan,2023-12-31,2023-11-25,McDonald's,Pizza,Continental,4,188.07,Wallet,7,2025-05-31,255,Inactive,1,2025-09-05,Delivered
804,Other,Senior,Islamabad,2023-11-28,2023-11-25,Pizza Hut,Fries,Fast Food,4,709.86,Wallet,43,2024-08-21,182,Active,4,2025-09-07,Delivered
805,Other,Teenager,Karachi,2025-01-26,2023-11-25,Subway,Fries,Italian,2,1102.09,Card,11,2024-09-23,300,Active,1,2025-02-07,Delivered
806,Male,Teenager,Peshawar,2024-08-05,2023-11-26,Burger King,Burger,Fast Food,3,212.72,Cash,23,2024-12-10,364,Inactive,5,2025-07-08,Delayed
807,Other,Teenager,Lahore,2024-05-27,2023-11-26,McDonald's,Fries,Continental,5,1261.89,Card,27,2025-01-04,40,Active,1,2025-06-18,Delayed
808,Male,Teenager,Islamabad,2024-01-02,2023-11-26,KFC,Burger,Dessert,2,350.52,Wallet,45,2025-02-20,305,Active,5,2024-11-22,Delivered
809,Female,Teenager,Peshawar,2025-04-20,2023-11-26,Pizza Hut,Burger,Chinese,1,986.61,Card,50,2024-08-21,17,Active,5,2025-02-23,Delayed
810,Female,Adult,Lahore,2024-06-30,2023-11-26,McDonald's,Fries,Fast Food,4,519.17,Cash,7,2024-10-17,361,Active,1,2025-06-06,Cancelled
811,Female,Adult,Lahore,2023-12-18,2023-11-26,McDonald's,Burger,Chinese,2,870.26,Card,41,2025-08-13,104,Active,2,2025-07-17,Cancelled
812,Female,Senior,Multan,2024-06-22,2023-11-26,Burger King,Sandwich,Italian,5,888.96,Card,38,2025-11-01,468,Active,4,2025-05-15,Delivered
813,Male,Teenager,Multan,2024-04-04,2023-11-27,KFC,Fries,Italian,5,365.33,Card,7,2024-10-09,405,Active,5,2024-10-19,Delayed
814,Male,Adult,Karachi,2025-01-13,2023-11-27,Subway,Burger,Continental,2,1134.14,Card,37,2025-03-30,184,Active,4,2025-01-15,Cancelled
815,Female,Senior,Multan,2025-04-07,2023-11-27,Subway,Pasta,Fast Food,5,420.66,Wallet,25,2025-10-07,221,Inactive,2,2024-10-30,Delayed
816,Male,Senior,Peshawar,2024-06-15,2023-11-27,Subway,Sandwich,Dessert,2,915.56,Wallet,46,2025-02-27,37,Inactive,4,2024-03-09,Delivered
817,Female,Teenager,Islamabad,2023-11-17,2023-11-27,Subway,Pizza,Italian,5,1382.13,Card,27,2024-11-13,447,Active,3,2025-06-22,Delivered
818,Other,Senior,Peshawar,2025-10-08,2023-11-27,Pizza Hut,Fries,Chinese,1,741.51,Wallet,44,2024-11-22,400,Inactive,5,2024-11-23,Delivered
819,Other,Teenager,Islamabad,2024-08-17,2023-11-27,Pizza Hut,Burger,Continental,1,946.4,Wallet,16,2025-05-14,366,Inactive,1,2025-02-14,Delayed
820,Male,Senior,Peshawar,2024-10-01,2023-11-27,Subway,Pizza,Fast Food,3,934.81,Card,20,2025-06-05,296,Active,4,2025-05-18,Delivered
821,Male,Adult,Multan,2025-03-06,2023-11-28,Burger King,Pasta,Italian,2,789.48,Card,50,2025-03-02,425,Inactive,1,2025-05-30,Delivered
822,Female,Senior,Peshawar,2024-11-04,2023-11-28,Pizza Hut,Pasta,Continental,2,138.18,Wallet,24,2025-04-18,124,Active,2,2024-12-16,Delayed
823,Female,Adult,Karachi,2025-03-18,2023-11-28,Burger King,Sandwich,Dessert,3,1370.22,Wallet,19,2024-11-17,134,Active,4,2025-02-15,Delivered
824,Male,Teenager,Karachi,2024-02-24,2023-11-28,KFC,Pasta,Italian,2,1452.56,Wallet,8,2025-07-14,276,Active,1,2024-10-15,Delayed
825,Male,Adult,Multan,2025-04-30,2023-11-28,Burger King,Burger,Continental,5,1392.06,Cash,47,2024-08-27,213,Inactive,3,2025-12-01,Cancelled
826,Female,Senior,Karachi,2024-04-13,2023-11-28,Subway,Pasta,Dessert,1,188.42,Cash,15,2025-05-02,481,Active,1,2025-04-03,Delayed
827,Female,Teenager,Karachi,2024-07-30,2023-11-29,Pizza Hut,Fries,Continental,2,650.44,Card,22,2025-03-08,191,Inactive,3,2024-08-24,Delivered
828,Male,Senior,Islamabad,2023-08-22,2023-11-29,KFC,Pizza,Fast Food,1,433.23,Cash,26,2025-04-18,16,Active,2,2025-06-02,Delivered
829,Other,Adult,Karachi,2024-05-07,2023-11-29,KFC,Pasta,Fast Food,4,148.49,Cash,30,2025-06-04,370,Active,1,2025-07-13,Delivered
830,Female,Senior,Lahore,2025-05-07,2023-11-29,Burger King,Pasta,Chinese,2,817.75,Cash,9,2024-09-23,372,Active,4,2025-07-28,Cancelled
831,Female,Senior,Multan,2025-11-05,2023-11-29,KFC,Fries,Continental,5,1172.52,Wallet,16,2025-11-01,387,Active,5,2025-11-03,Delivered
832,Male,Adult,Peshawar,2024-10-27,2023-11-29,McDonald's,Pizza,Fast Food,2,1253.99,Wallet,47,2024-09-10,307,Inactive,2,2025-04-14,Cancelled
833,Male,Teenager,Multan,2025-07-01,2023-11-30,Pizza Hut,Sandwich,Fast Food,2,1344.28,Wallet,43,2025-03-19,18,Active,5,2025-06-26,Delayed
834,Male,Senior,Karachi,2025-12-07,2023-11-30,Subway,Sandwich,Continental,1,216.3,Wallet,30,2025-02-24,219,Active,5,2024-12-21,Delivered
835,Female,Teenager,Lahore,2025-07-16,2023-11-30,Pizza Hut,Fries,Italian,4,1168.25,Card,48,2025-11-04,357,Inactive,2,2024-12-09,Delivered
836,Male,Senior,Multan,2024-06-13,2023-11-30,Subway,Sandwich,Continental,3,163.47,Card,30,2025-04-13,48,Inactive,1,2025-08-17,Cancelled
837,Other,Teenager,Multan,2023-09-09,2023-11-30,KFC,Sandwich,Continental,2,1311.95,Wallet,32,2025-08-19,358,Inactive,2,2024-12-15,Cancelled
838,Female,Adult,Karachi,2023-11-22,2023-11-30,McDonald's,Pizza,Chinese,4,687.77,Cash,17,2024-12-28,2,Inactive,4,2025-06-14,Delayed
839,Female,Senior,Multan,2025-04-24,2023-01-12,McDonald's,Burger,Dessert,5,117.17,Card,11,2024-06-10,281,Active,4,2025-04-20,Delivered
840,Other,Adult,Islamabad,2025-07-18,2023-01-12,Burger King,Pasta,Fast Food,2,253.99,Card,12,2025-03-27,353,Inactive,1,2025-08-19,Delivered
841,Female,Senior,Lahore,2023-10-26,2023-01-12,Subway,Pizza,Chinese,4,664.03,Wallet,5,2024-03-12,141,Active,4,2025-07-20,Delivered
842,Other,Senior,Karachi,2024-08-31,2023-01-12,Subway,Fries,Italian,5,358.0,Wallet,35,2025-11-03,456,Active,2,2025-01-05,Delivered
843,Other,Adult,Karachi,2024-05-04,2023-01-12,McDonald's,Pasta,Italian,1,255.52,Wallet,13,2025-04-07,44,Active,1,2025-07-29,Delivered
844,Other,Senior,Lahore,2024-02-18,2023-01-12,McDonald's,Pizza,Dessert,1,754.99,Wallet,48,2025-04-17,375,Active,2,2025-07-19,Cancelled
845,Male,Teenager,Karachi,2024-03-08,2023-01-12,Burger King,Burger,Italian,5,845.59,Cash,8,2025-04-28,146,Active,1,2024-11-29,Delivered
846,Other,Senior,Multan,2024-03-28,2023-01-12,Pizza Hut,Fries,Continental,3,411.13,Card,19,2025-03-16,379,Active,4,2025-10-01,Delivered
847,Other,Adult,Lahore,2023-12-28,2023-01-12,Subway,Burger,Dessert,5,1265.89,Card,3,2025-04-30,243,Active,1,2025-07-28,Delivered
848,Female,Senior,Lahore,2023-12-23,2023-01-12,KFC,Pizza,Dessert,5,1029.5,Cash,15,2025-07-13,139,Inactive,1,2025-01-15,Delayed
849,Male,Senior,Multan,2024-07-02,2023-01-12,McDonald's,Burger,Italian,1,561.46,Cash,19,2025-02-08,340,Inactive,1,2024-03-11,Delayed
850,Other,Teenager,Islamabad,2024-04-11,2023-01-12,Pizza Hut,Burger,Continental,3,260.02,Wallet,7,2025-03-04,431,Inactive,2,2025-09-05,Delivered
851,Female,Senior,Karachi,2024-07-24,2023-02-12,KFC,Sandwich,Fast Food,2,517.38,Wallet,25,2025-12-07,44,Inactive,4,2024-11-17,Delayed
852,Female,Adult,Karachi,2025-01-18,2023-02-12,KFC,Fries,Chinese,2,1332.67,Cash,10,2025-04-04,492,Active,4,2025-03-19,Delayed
853,Male,Teenager,Peshawar,2025-04-21,2023-02-12,McDonald's,Burger,Dessert,1,690.62,Wallet,36,2024-11-13,352,Inactive,5,2025-06-16,Delayed
854,Male,Senior,Lahore,2023-09-11,2023-02-12,KFC,Fries,Dessert,3,866.31,Card,22,2025-05-15,165,Inactive,2,2025-01-06,Delayed
855,Male,Adult,Karachi,2024-06-27,2023-02-12,Pizza Hut,Fries,Chinese,2,604.46,Wallet,18,2024-09-27,222,Inactive,5,2025-06-15,Cancelled
856,Other,Teenager,Multan,2024-06-11,2023-02-12,KFC,Fries,Dessert,3,400.38,Wallet,32,2025-07-20,264,Active,3,2024-01-09,Delivered
857,Female,Senior,Peshawar,2025-03-08,2023-02-12,KFC,Sandwich,Dessert,1,1286.78,Card,14,2025-07-02,382,Inactive,3,2025-02-27,Delayed
858,Other,Teenager,Lahore,2024-05-22,2023-02-12,Burger King,Pasta,Chinese,4,1021.47,Card,6,2025-07-07,35,Inactive,2,2025-05-26,Cancelled
859,Other,Teenager,Multan,2023-09-15,2023-02-12,Burger King,Pasta,Chinese,3,192.0,Card,43,2024-12-17,261,Inactive,4,2025-09-03,Cancelled
860,Male,Adult,Islamabad,2024-08-23,2023-02-12,Burger King,Burger,Continental,3,369.14,Cash,48,2024-11-29,231,Inactive,1,2025-05-24,Delayed
861,Male,Teenager,Peshawar,2023-09-23,2023-02-12,Pizza Hut,Pizza,Chinese,2,1356.06,Wallet,14,2025-06-14,436,Active,2,2024-11-19,Cancelled
862,Other,Adult,Lahore,2023-12-12,2023-03-12,Subway,Burger,Dessert,5,149.78,Card,23,2025-06-15,482,Inactive,5,2024-09-18,Cancelled
863,Male,Senior,Peshawar,2025-03-23,2023-03-12,Pizza Hut,Sandwich,Chinese,4,1397.34,Cash,10,2025-04-16,208,Inactive,3,2025-01-28,Delayed
864,Other,Adult,Multan,2025-08-15,2023-03-12,Burger King,Pizza,Dessert,1,143.03,Card,32,2025-01-21,179,Active,5,2025-02-28,Cancelled
865,Female,Adult,Peshawar,2025-04-29,2023-03-12,Pizza Hut,Pizza,Chinese,1,531.32,Card,38,2025-05-15,17,Active,4,2025-05-05,Delayed
866,Male,Adult,Karachi,2023-06-12,2023-03-12,Burger King,Pasta,Italian,3,1228.56,Cash,17,2025-05-15,458,Inactive,2,2025-05-20,Cancelled
867,Other,Adult,Islamabad,2024-05-10,2023-03-12,KFC,Pizza,Chinese,4,1066.14,Wallet,49,2025-01-06,303,Inactive,5,2025-03-21,Delivered
868,Male,Senior,Multan,2025-03-27,2023-03-12,Burger King,Burger,Fast Food,3,1049.62,Cash,48,2025-01-08,97,Active,1,2025-07-27,Delivered
869,Male,Adult,Multan,2024-03-01,2023-03-12,Subway,Pizza,Fast Food,5,922.78,Cash,1,2025-03-02,99,Inactive,1,2025-06-24,Delayed
870,Male,Adult,Lahore,2025-03-29,2023-03-12,KFC,Fries,Italian,5,389.74,Card,6,2025-10-01,288,Inactive,2,2024-02-11,Cancelled
871,Other,Senior,Lahore,2024-03-06,2023-03-12,Pizza Hut,Pasta,Dessert,4,1479.68,Card,29,2024-10-09,59,Active,1,2025-07-29,Delayed
872,Male,Adult,Multan,2024-05-13,2023-03-12,Pizza Hut,Fries,Fast Food,2,311.55,Wallet,48,2025-01-25,320,Active,1,2025-01-17,Cancelled
873,Other,Teenager,Karachi,2023-12-16,2023-03-12,Pizza Hut,Burger,Fast Food,5,1198.52,Card,50,2025-05-18,425,Inactive,2,2025-05-20,Delayed
874,Other,Adult,Islamabad,2024-02-16,2023-03-12,Subway,Fries,Fast Food,1,842.48,Card,26,2025-04-24,273,Inactive,3,2024-12-25,Delivered
875,Female,Teenager,Karachi,2024-10-08,2023-03-12,McDonald's,Sandwich,Continental,4,1236.0,Wallet,2,2024-09-23,11,Inactive,2,2025-12-03,Cancelled
876,Female,Teenager,Lahore,2024-02-03,2023-03-12,Burger King,Burger,Fast Food,3,894.61,Card,5,2025-06-20,29,Active,1,2024-09-25,Delayed
877,Other,Adult,Peshawar,2023-11-16,2023-03-12,KFC,Pizza,Continental,4,1221.1,Wallet,48,2025-01-31,289,Active,2,2025-02-19,Cancelled
878,Male,Teenager,Islamabad,2023-09-21,2023-04-12,McDonald's,Sandwich,Fast Food,2,295.31,Cash,26,2025-03-24,194,Active,2,2024-01-12,Cancelled
879,Other,Adult,Lahore,2024-09-03,2023-04-12,Subway,Fries,Dessert,3,221.52,Cash,38,2025-12-03,92,Active,3,2025-07-31,Delayed
880,Female,Senior,Multan,2025-07-14,2023-04-12,Pizza Hut,Pizza,Continental,5,943.46,Cash,41,2024-11-19,74,Active,2,2024-10-31,Delivered
881,Female,Teenager,Lahore,2025-07-05,2023-04-12,McDonald's,Pasta,Chinese,4,922.51,Cash,34,2025-01-01,61,Active,4,2024-11-14,Cancelled
882,Other,Senior,Peshawar,2025-02-28,2023-04-12,KFC,Burger,Chinese,2,1207.81,Card,20,2024-04-09,217,Inactive,4,2025-04-26,Delayed
883,Male,Adult,Peshawar,2025-08-07,2023-04-12,Pizza Hut,Pizza,Continental,5,1028.29,Cash,31,2025-01-28,52,Active,1,2025-01-13,Cancelled
884,Male,Teenager,Islamabad,2024-10-31,2023-04-12,Burger King,Sandwich,Continental,4,1470.67,Wallet,4,2024-08-10,5,Active,2,2024-10-28,Cancelled
885,Male,Adult,Multan,2025-09-02,2023-04-12,McDonald's,Sandwich,Fast Food,3,1173.97,Cash,23,2025-07-16,423,Inactive,2,2025-03-22,Delivered
886,Other,Adult,Karachi,2024-03-06,2023-04-12,Burger King,Pasta,Fast Food,5,1403.15,Wallet,18,2025-03-20,391,Inactive,5,2025-06-02,Delayed
887,Male,Senior,Peshawar,2024-10-24,2023-04-12,Pizza Hut,Sandwich,Chinese,2,693.55,Card,50,2025-07-19,356,Inactive,2,2024-12-18,Delivered
888,Male,Senior,Lahore,2025-07-16,2023-04-12,Burger King,Sandwich,Italian,3,235.82,Card,46,2025-07-24,222,Inactive,4,2025-02-03,Cancelled
889,Female,Teenager,Multan,2024-11-18,2023-05-12,Pizza Hut,Burger,Italian,2,535.84,Cash,12,2025-06-05,221,Inactive,3,2025-06-14,Cancelled
890,Female,Senior,Multan,2023-01-09,2023-05-12,KFC,Sandwich,Dessert,3,323.41,Card,17,2025-08-06,420,Active,2,2025-07-25,Delivered
891,Other,Teenager,Lahore,2024-08-28,2023-05-12,Burger King,Sandwich,Fast Food,2,341.27,Wallet,23,2025-04-19,471,Inactive,3,2025-06-02,Delayed
892,Female,Adult,Lahore,2023-08-30,2023-05-12,KFC,Burger,Chinese,1,1429.2,Wallet,18,2025-04-26,15,Inactive,2,2025-04-21,Delivered
893,Other,Senior,Karachi,2024-05-11,2023-05-12,Burger King,Burger,Fast Food,3,1030.23,Card,27,2024-09-24,50,Active,1,2025-03-15,Delayed
894,Male,Teenager,Peshawar,2025-03-07,2023-06-12,Pizza Hut,Pizza,Dessert,4,710.18,Wallet,10,2024-09-26,332,Active,3,2025-06-03,Delayed
895,Other,Teenager,Peshawar,2025-08-07,2023-06-12,Subway,Pizza,Italian,3,1483.1,Card,47,2025-04-26,255,Active,1,2025-07-25,Delivered
896,Other,Teenager,Islamabad,2024-05-24,2023-06-12,Pizza Hut,Fries,Dessert,5,615.23,Wallet,21,2025-06-04,351,Inactive,3,2025-03-03,Delayed
897,Male,Senior,Multan,2023-12-22,2023-06-12,Subway,Fries,Fast Food,3,675.16,Cash,1,2025-02-25,317,Inactive,1,2025-07-28,Cancelled
898,Male,Teenager,Islamabad,2025-07-05,2023-06-12,Pizza Hut,Pasta,Fast Food,3,339.72,Card,49,2025-02-16,119,Inactive,3,2025-01-20,Delayed
899,Other,Teenager,Karachi,2023-12-21,2023-06-12,Burger King,Pasta,Italian,3,1107.19,Wallet,33,2024-12-13,238,Active,2,2025-03-19,Delayed
900,Male,Adult,Islamabad,2024-08-25,2023-07-12,McDonald's,Sandwich,Fast Food,5,888.25,Wallet,35,2025-10-07,179,Inactive,1,2025-08-08,Cancelled
901,Female,Senior,Karachi,2023-12-29,2023-07-12,KFC,Pasta,Italian,2,1359.53,Wallet,50,2025-12-04,118,Active,1,2025-01-24,Delayed
902,Other,Senior,Multan,2024-12-23,2023-07-12,Pizza Hut,Sandwich,Chinese,5,1316.66,Card,5,2025-06-23,58,Active,1,2025-05-05,Delivered
903,Other,Adult,Islamabad,2025-05-22,2023-07-12,Pizza Hut,Burger,Italian,4,278.55,Cash,45,2024-10-18,280,Inactive,1,2024-12-23,Delivered
904,Other,Teenager,Karachi,2025-04-29,2023-07-12,Subway,Sandwich,Continental,2,425.46,Card,18,2025-07-26,27,Inactive,5,2024-12-29,Delayed
905,Male,Teenager,Peshawar,2023-09-26,2023-07-12,McDonald's,Burger,Continental,3,1191.54,Wallet,11,2024-12-21,71,Active,3,2024-10-30,Delayed
906,Other,Senior,Peshawar,2025-11-08,2023-07-12,Subway,Sandwich,Italian,1,1238.38,Cash,6,2025-01-30,302,Inactive,3,2024-03-09,Delivered
907,Other,Senior,Peshawar,2025-03-26,2023-07-12,McDonald's,Pasta,Fast Food,5,1318.63,Cash,48,2025-03-13,1,Active,2,2024-05-12,Cancelled
908,Female,Teenager,Islamabad,2025-05-23,2023-07-12,KFC,Pizza,Dessert,5,196.6,Cash,4,2024-08-23,284,Active,2,2024-11-23,Cancelled
909,Other,Teenager,Islamabad,2025-11-02,2023-08-12,Burger King,Sandwich,Italian,1,1087.2,Wallet,48,2024-11-20,77,Active,4,2025-06-01,Delayed
910,Other,Senior,Lahore,2024-10-12,2023-08-12,Subway,Burger,Dessert,1,1024.15,Wallet,20,2024-08-12,93,Active,4,2025-02-04,Delayed
911,Other,Teenager,Multan,2024-08-19,2023-08-12,McDonald's,Sandwich,Dessert,1,340.04,Card,2,2025-03-25,455,Active,4,2025-06-25,Delayed
912,Female,Teenager,Peshawar,2024-03-14,2023-08-12,Pizza Hut,Sandwich,Italian,5,887.7,Cash,2,2024-12-17,438,Inactive,1,2025-06-01,Delivered
913,Female,Teenager,Islamabad,2024-11-09,2023-08-12,KFC,Pizza,Italian,5,1094.39,Cash,15,2024-08-28,146,Inactive,4,2025-07-16,Delivered
914,Male,Adult,Lahore,2025-08-17,2023-08-12,McDonald's,Pasta,Chinese,4,379.47,Wallet,36,2025-05-08,65,Active,2,2024-09-26,Cancelled
915,Male,Teenager,Multan,2023-07-09,2023-08-12,Pizza Hut,Sandwich,Continental,1,473.14,Card,30,2024-12-11,464,Active,2,2025-06-02,Delivered
916,Female,Adult,Lahore,2023-11-27,2023-08-12,Burger King,Pizza,Dessert,4,1025.55,Wallet,26,2024-09-30,393,Active,3,2024-09-22,Cancelled
917,Other,Adult,Peshawar,2023-11-19,2023-08-12,Burger King,Fries,Dessert,3,101.75,Cash,43,2025-01-29,140,Active,1,2025-09-06,Cancelled
918,Male,Adult,Lahore,2024-04-06,2023-08-12,Subway,Pizza,Fast Food,4,456.41,Wallet,48,2024-08-10,317,Inactive,3,2025-01-15,Cancelled
919,Other,Teenager,Multan,2025-02-08,2023-08-12,Pizza Hut,Pasta,Continental,5,619.07,Card,39,2025-09-03,326,Active,1,2025-04-15,Delayed
920,Male,Teenager,Karachi,2025-03-02,2023-08-12,KFC,Burger,Continental,2,1394.64,Cash,36,2024-01-11,425,Inactive,1,2025-06-02,Cancelled
921,Female,Senior,Lahore,2024-04-20,2023-08-12,Pizza Hut,Fries,Italian,2,344.6,Cash,48,2025-08-08,466,Inactive,5,2025-06-15,Delivered
922,Male,Teenager,Karachi,2023-11-21,2023-09-12,Subway,Pizza,Chinese,4,1184.3,Wallet,13,2024-04-09,331,Inactive,1,2024-10-22,Delivered
923,Female,Teenager,Multan,2024-11-04,2023-09-12,Subway,Pizza,Continental,4,1081.78,Wallet,24,2025-06-28,185,Active,3,2025-09-07,Delivered
924,Other,Adult,Lahore,2024-02-22,2023-09-12,McDonald's,Pizza,Dessert,4,973.21,Cash,31,2025-09-04,314,Inactive,2,2025-02-08,Delivered
925,Female,Senior,Islamabad,2023-08-09,2023-09-12,KFC,Pizza,Italian,4,1034.86,Card,42,2025-10-06,310,Active,5,2025-06-13,Delayed
926,Female,Senior,Peshawar,2024-12-30,2023-09-12,McDonald's,Fries,Continental,1,437.22,Wallet,48,2025-04-06,88,Active,2,2024-11-24,Cancelled
927,Other,Adult,Islamabad,2025-07-17,2023-09-12,KFC,Fries,Italian,3,966.26,Card,10,2025-05-27,285,Active,4,2024-09-30,Delayed
928,Male,Senior,Islamabad,2023-05-09,2023-09-12,Subway,Sandwich,Dessert,1,654.21,Cash,2,2024-12-19,75,Inactive,5,2025-01-26,Cancelled
929,Male,Senior,Karachi,2025-05-16,2023-09-12,Pizza Hut,Fries,Chinese,5,948.06,Cash,10,2025-01-20,193,Active,1,2025-05-04,Delivered
930,Other,Senior,Islamabad,2025-07-05,2023-09-12,KFC,Sandwich,Dessert,4,1222.03,Wallet,50,2024-11-27,391,Inactive,5,2024-10-22,Delivered
931,Other,Adult,Karachi,2024-04-15,2023-10-12,Burger King,Fries,Dessert,5,1131.6,Cash,4,2024-04-11,498,Inactive,5,2025-05-25,Delivered
932,Female,Adult,Multan,2025-06-17,2023-10-12,Burger King,Burger,Fast Food,5,172.02,Card,20,2025-06-18,254,Active,3,2025-03-23,Cancelled
933,Other,Senior,Islamabad,2023-10-11,2023-10-12,Burger King,Fries,Fast Food,1,714.28,Wallet,41,2024-10-14,444,Inactive,2,2025-07-14,Cancelled
934,Female,Senior,Peshawar,2024-06-20,2023-11-12,Subway,Pizza,Dessert,5,903.75,Wallet,26,2024-12-23,270,Active,1,2024-08-11,Cancelled
935,Male,Senior,Peshawar,2023-02-11,2023-11-12,McDonald's,Pasta,Chinese,2,738.11,Cash,18,2025-04-05,52,Active,4,2025-06-08,Delayed
936,Male,Teenager,Multan,2023-11-16,2023-11-12,KFC,Pizza,Continental,5,1200.74,Cash,13,2025-07-31,351,Active,3,2024-10-26,Cancelled
937,Female,Senior,Peshawar,2024-09-08,2023-11-12,Subway,Pizza,Chinese,5,706.37,Wallet,39,2025-01-16,431,Inactive,2,2025-07-15,Delivered
938,Other,Senior,Islamabad,2025-01-23,2023-11-12,KFC,Burger,Continental,2,569.09,Cash,18,2024-09-19,107,Active,2,2025-03-30,Cancelled
939,Female,Senior,Lahore,2024-10-07,2023-11-12,Subway,Pizza,Dessert,1,1247.88,Wallet,36,2024-06-09,465,Active,2,2025-06-08,Delayed
940,Other,Adult,Multan,2024-09-11,2023-11-12,McDonald's,Pizza,Continental,5,1043.07,Wallet,43,2025-04-02,401,Active,4,2024-09-26,Cancelled
941,Male,Teenager,Islamabad,2023-12-20,2023-12-12,KFC,Pasta,Continental,2,512.23,Wallet,6,2024-02-12,498,Inactive,2,2024-11-18,Delivered
942,Female,Teenager,Multan,2024-06-18,2023-12-12,KFC,Fries,Chinese,2,1207.8,Cash,12,2024-02-10,452,Inactive,4,2025-04-15,Delayed
943,Other,Teenager,Peshawar,2025-08-02,2023-12-12,Pizza Hut,Pizza,Dessert,1,536.5,Card,24,2025-06-06,494,Active,2,2024-10-27,Cancelled
944,Male,Teenager,Peshawar,2023-12-25,2023-12-12,Pizza Hut,Sandwich,Italian,2,221.28,Cash,19,2024-10-11,13,Inactive,4,2025-02-07,Delivered
945,Male,Senior,Peshawar,2025-01-21,2023-12-12,Pizza Hut,Sandwich,Dessert,5,914.7,Wallet,47,2025-05-02,378,Active,5,2025-05-24,Cancelled
946,Female,Teenager,Peshawar,2023-09-25,2023-12-12,Subway,Pasta,Italian,3,1302.78,Cash,21,2025-06-27,238,Active,1,2024-11-09,Delayed
947,Male,Senior,Peshawar,2024-08-05,2023-12-12,KFC,Pizza,Chinese,4,676.24,Card,42,2025-04-25,109,Inactive,1,2025-02-05,Cancelled
948,Female,Senior,Peshawar,2024-02-01,2023-12-12,Burger King,Burger,Chinese,4,960.55,Cash,19,2025-06-20,67,Inactive,5,2025-04-20,Delayed
949,Male,Adult,Karachi,2024-09-25,2023-12-13,Burger King,Pizza,Chinese,5,597.89,Wallet,47,2025-01-29,104,Active,4,2025-05-31,Cancelled
950,Other,Adult,Peshawar,2024-10-26,2023-12-13,McDonald's,Pasta,Chinese,3,263.85,Card,31,2025-04-16,491,Inactive,1,2025-02-13,Cancelled
951,Other,Adult,Karachi,2024-05-05,2023-12-13,KFC,Pizza,Italian,1,674.19,Wallet,30,2024-11-24,265,Inactive,1,2024-08-30,Delayed
952,Female,Adult,Lahore,2025-10-07,2023-12-13,Subway,Pasta,Continental,1,764.38,Card,7,2025-07-23,314,Active,2,2025-07-24,Delivered
953,Other,Teenager,Karachi,2025-12-01,2023-12-13,Burger King,Pasta,Continental,1,1166.57,Card,41,2024-09-27,457,Active,3,2025-07-13,Delivered
954,Other,Senior,Lahore,2025-08-13,2023-12-13,Subway,Pasta,Dessert,1,1473.49,Wallet,48,2024-11-18,398,Active,4,2025-01-30,Delayed
955,Other,Adult,Lahore,2023-12-13,2023-12-14,Burger King,Pizza,Dessert,3,666.56,Wallet,33,2024-10-21,141,Inactive,4,2024-10-23,Delayed
956,Female,Adult,Islamabad,2025-01-07,2023-12-14,McDonald's,Burger,Dessert,2,1372.06,Wallet,8,2024-07-11,372,Active,2,2025-05-16,Delivered
957,Other,Senior,Multan,2025-02-21,2023-12-14,Burger King,Fries,Italian,1,733.1,Card,22,2025-06-17,226,Inactive,2,2025-07-16,Cancelled
958,Female,Senior,Karachi,2025-08-03,2023-12-14,Burger King,Pizza,Dessert,1,978.87,Cash,42,2025-04-15,171,Inactive,5,2025-01-01,Delayed
959,Other,Adult,Lahore,2024-05-12,2023-12-14,Burger King,Pizza,Chinese,4,493.28,Cash,9,2025-04-19,276,Active,1,2025-07-15,Delivered
960,Other,Senior,Multan,2025-12-05,2023-12-14,McDonald's,Fries,Italian,2,1348.5,Wallet,11,2024-01-11,164,Active,1,2025-02-04,Delayed
961,Male,Senior,Peshawar,2025-09-04,2023-12-14,McDonald's,Pizza,Italian,3,1011.6,Wallet,24,2024-03-12,423,Active,3,2025-12-05,Delivered
962,Male,Senior,Multan,2024-05-18,2023-12-14,Subway,Sandwich,Continental,2,899.22,Card,17,2025-03-30,48,Inactive,1,2024-10-26,Delayed
963,Male,Senior,Islamabad,2025-03-21,2023-12-14,McDonald's,Fries,Fast Food,5,1126.85,Card,46,2025-03-07,395,Active,3,2024-11-20,Delivered
964,Other,Teenager,Lahore,2024-07-25,2023-12-15,Pizza Hut,Pasta,Dessert,2,607.51,Card,19,2025-09-03,88,Active,4,2025-04-07,Cancelled
965,Other,Senior,Karachi,2024-07-14,2023-12-15,McDonald's,Pasta,Dessert,5,1255.39,Cash,29,2025-06-30,120,Active,4,2025-05-04,Delivered
966,Male,Senior,Karachi,2023-01-12,2023-12-15,Burger King,Pasta,Italian,1,1263.39,Cash,40,2024-11-27,468,Inactive,5,2024-08-31,Delayed
967,Female,Adult,Karachi,2024-02-29,2023-12-15,McDonald's,Pasta,Italian,2,354.1,Card,15,2025-01-15,3,Active,5,2025-08-08,Delayed
968,Male,Senior,Lahore,2025-12-06,2023-12-15,KFC,Pizza,Continental,5,640.33,Cash,44,2025-01-30,74,Inactive,2,2025-09-05,Delayed
969,Male,Senior,Islamabad,2025-02-26,2023-12-15,Subway,Pasta,Continental,2,197.02,Card,36,2025-06-02,96,Inactive,4,2024-11-20,Delivered
970,Other,Adult,Lahore,2023-12-22,2023-12-15,Subway,Sandwich,Chinese,5,1335.07,Wallet,49,2025-01-15,0,Inactive,2,2025-02-28,Delivered
971,Male,Teenager,Lahore,2023-12-23,2023-12-15,KFC,Pasta,Fast Food,2,1081.15,Card,12,2025-08-18,141,Active,5,2025-01-28,Delivered
972,Other,Teenager,Islamabad,2024-05-21,2023-12-16,Subway,Pizza,Dessert,4,652.01,Wallet,28,2025-06-15,147,Active,4,2024-08-12,Cancelled
973,Male,Senior,Islamabad,2024-05-25,2023-12-16,McDonald's,Pasta,Continental,5,185.16,Card,46,2025-08-20,305,Inactive,3,2024-10-28,Delayed
974,Male,Adult,Lahore,2024-01-10,2023-12-16,McDonald's,Burger,Fast Food,1,588.86,Cash,31,2025-12-02,471,Inactive,3,2025-02-14,Delivered
975,Other,Teenager,Multan,2024-04-26,2023-12-16,KFC,Sandwich,Dessert,1,1464.61,Card,15,2024-11-12,455,Inactive,4,2025-07-22,Delivered
976,Other,Teenager,Islamabad,2023-12-10,2023-12-16,McDonald's,Fries,Fast Food,2,1169.64,Card,26,2024-11-27,306,Inactive,4,2025-01-08,Cancelled
977,Female,Adult,Multan,2024-01-11,2023-12-16,KFC,Fries,Continental,5,1085.21,Wallet,20,2025-03-18,245,Inactive,1,2025-07-24,Cancelled
978,Other,Senior,Lahore,2024-08-13,2023-12-16,Burger King,Pasta,Chinese,5,567.93,Wallet,44,2024-12-24,342,Active,1,2025-07-23,Cancelled
979,Male,Adult,Karachi,2025-03-16,2023-12-17,McDonald's,Pizza,Italian,4,1442.2,Wallet,5,2024-09-18,294,Inactive,4,2025-04-24,Delivered
980,Male,Adult,Multan,2024-07-13,2023-12-17,KFC,Burger,Continental,2,542.11,Cash,16,2024-08-31,176,Active,5,2024-12-25,Cancelled
981,Female,Teenager,Lahore,2024-06-14,2023-12-17,Pizza Hut,Pizza,Continental,4,340.33,Cash,28,2024-11-12,433,Active,4,2025-11-03,Delivered
982,Male,Teenager,Multan,2024-04-08,2023-12-17,Pizza Hut,Sandwich,Dessert,1,963.34,Wallet,1,2025-02-13,110,Active,2,2025-01-30,Cancelled
983,Male,Teenager,Lahore,2023-10-22,2023-12-17,KFC,Pasta,Chinese,3,1285.26,Cash,46,2025-05-04,225,Inactive,4,2025-09-05,Delayed
984,Male,Teenager,Islamabad,2023-04-11,2023-12-17,Burger King,Sandwich,Dessert,3,264.95,Wallet,21,2024-05-09,353,Inactive,4,2024-11-16,Delivered
985,Male,Adult,Peshawar,2025-11-02,2023-12-17,KFC,Pasta,Dessert,4,1189.61,Cash,33,2024-12-28,461,Active,4,2024-10-13,Delayed
986,Other,Teenager,Multan,2024-04-10,2023-12-17,Pizza Hut,Pizza,Italian,4,875.31,Cash,21,2025-06-14,222,Active,5,2024-12-13,Delivered
987,Male,Senior,Peshawar,2024-09-10,2023-12-18,KFC,Fries,Italian,4,394.67,Card,11,2025-12-06,253,Active,2,2024-08-29,Cancelled
988,Male,Teenager,Islamabad,2024-05-24,2023-12-18,Burger King,Fries,Continental,4,219.96,Cash,37,2025-07-08,494,Inactive,1,2025-05-07,Delivered
989,Female,Senior,Lahore,2024-07-30,2023-12-18,Subway,Fries,Continental,3,431.04,Cash,44,2025-03-05,143,Active,1,2025-01-21,Cancelled
990,Other,Senior,Karachi,2024-11-22,2023-12-18,Pizza Hut,Fries,Chinese,2,1484.22,Cash,50,2024-10-29,224,Active,1,2025-09-06,Delivered
991,Female,Adult,Multan,2023-09-27,2023-12-18,Subway,Fries,Dessert,4,330.26,Cash,24,2025-01-22,183,Active,5,2025-04-03,Delivered
992,Male,Teenager,Karachi,2024-02-01,2023-12-18,KFC,Burger,Dessert,3,1120.83,Wallet,11,2025-02-19,172,Active,3,2025-06-28,Delivered
993,Female,Teenager,Peshawar,2024-04-11,2023-12-18,Pizza Hut,Pizza,Continental,5,140.43,Card,8,2024-10-12,8,Active,2,2024-10-15,Delivered
994,Female,Teenager,Karachi,2024-12-20,2023-12-18,KFC,Pasta,Fast Food,1,1346.57,Wallet,11,2025-06-16,205,Active,2,2025-08-03,Cancelled
995,Other,Senior,Multan,2025-02-03,2023-12-19,Pizza Hut,Burger,Continental,3,113.5,Wallet,16,2024-08-29,284,Active,2,2024-12-13,Cancelled
996,Female,Adult,Lahore,2023-03-12,2023-12-19,KFC,Sandwich,Chinese,2,707.06,Wallet,12,2025-04-15,217,Active,1,2025-05-05,Cancelled
997,Female,Senior,Islamabad,2025-07-16,2023-12-19,Burger King,Fries,Fast Food,5,1024.33,Wallet,43,2024-07-11,424,Active,4,2025-01-18,Delivered
998,Male,Teenager,Lahore,2025-03-08,2023-12-19,Pizza Hut,Sandwich,Dessert,1,194.63,Wallet,8,2025-08-15,302,Inactive,4,2025-02-17,Cancelled
999,Male,Teenager,Islamabad,2025-07-18,2023-12-19,McDonald's,Fries,Dessert,2,952.38,Wallet,49,2025-07-19,30,Active,4,2024-12-20,Delivered
1000,Other,Senior,Peshawar,2024-06-28,2023-12-19,KFC,Pasta,Continental,4,999.02,Wallet,13,2024-09-15,58,Active,2,2024-10-27,Delivered
1001,Other,Adult,Multan,2024-01-14,2023-12-19,McDonald's,Pizza,Fast Food,2,314.19,Card,2,2025-06-27,55,Active,1,2024-10-20,Delayed
1002,Female,Senior,Lahore,2025-07-17,2023-12-19,Burger King,Pasta,Fast Food,5,241.36,Card,26,2025-02-07,321,Inactive,4,2024-08-22,Cancelled
1003,Male,Teenager,Multan,2025-02-07,2023-12-20,KFC,Pizza,Italian,5,1446.48,Cash,22,2025-08-02,278,Inactive,4,2024-08-24,Delivered
1004,Other,Teenager,Peshawar,2023-12-09,2023-12-20,Burger King,Pizza,Continental,3,909.53,Wallet,29,2024-11-27,337,Active,4,2025-05-15,Cancelled
1005,Male,Teenager,Karachi,2024-10-11,2023-12-20,Pizza Hut,Pasta,Dessert,3,1484.83,Card,33,2025-07-30,398,Active,2,2025-11-01,Delivered
1006,Female,Teenager,Peshawar,2024-04-26,2023-12-20,Burger King,Sandwich,Chinese,1,1163.85,Card,4,2024-09-16,77,Inactive,3,2025-07-31,Delayed
1007,Male,Adult,Peshawar,2025-01-16,2023-12-20,Burger King,Fries,Chinese,4,1245.88,Card,12,2025-08-16,123,Inactive,1,2025-07-07,Delivered
1008,Female,Senior,Islamabad,2024-05-20,2023-12-20,McDonald's,Fries,Dessert,4,1045.95,Card,38,2025-05-23,87,Active,2,2024-10-27,Delayed
1009,Other,Adult,Lahore,2025-03-14,2023-12-21,Subway,Sandwich,Continental,3,567.24,Wallet,27,2025-04-29,197,Active,5,2025-03-17,Cancelled
1010,Female,Teenager,Multan,2024-10-22,2023-12-21,Burger King,Pasta,Italian,4,1180.47,Cash,15,2025-04-28,421,Inactive,5,2025-01-21,Delayed
1011,Other,Adult,Karachi,2024-04-08,2023-12-21,KFC,Pasta,Fast Food,4,1096.58,Wallet,11,2025-11-04,96,Active,2,2025-02-25,Delivered
1012,Male,Adult,Lahore,2024-11-02,2023-12-21,KFC,Sandwich,Continental,1,784.64,Wallet,25,2025-07-21,31,Active,1,2025-12-01,Cancelled
1013,Other,Teenager,Lahore,2023-04-10,2023-12-21,Burger King,Sandwich,Continental,2,1237.08,Cash,26,2025-07-27,124,Active,5,2024-12-28,Delayed
1014,Other,Teenager,Karachi,2024-09-22,2023-12-21,McDonald's,Sandwich,Continental,1,612.07,Cash,32,2024-10-22,388,Active,3,2025-07-21,Cancelled
1015,Other,Teenager,Multan,2024-04-07,2023-12-21,McDonald's,Burger,Dessert,1,779.98,Cash,15,2024-02-11,353,Active,3,2025-06-14,Delivered
1016,Female,Adult,Islamabad,2025-01-31,2023-12-21,Burger King,Sandwich,Fast Food,2,475.15,Card,1,2025-05-24,92,Inactive,1,2024-10-15,Cancelled
1017,Other,Teenager,Multan,2024-07-29,2023-12-21,Subway,Pasta,Italian,2,1337.8,Card,45,2025-05-29,461,Active,2,2024-11-14,Delivered
1018,Female,Senior,Karachi,2024-05-11,2023-12-21,KFC,Pasta,Continental,5,306.21,Cash,25,2025-02-18,416,Inactive,2,2024-12-23,Delayed
1019,Other,Adult,Lahore,2024-11-10,2023-12-22,Burger King,Pasta,Italian,2,1182.15,Wallet,37,2025-08-06,404,Inactive,1,2025-07-17,Cancelled
1020,Other,Adult,Multan,2024-11-29,2023-12-22,Subway,Pizza,Italian,5,1320.18,Card,36,2025-05-25,204,Inactive,4,2024-12-27,Cancelled
1021,Female,Senior,Multan,2024-01-30,2023-12-22,Burger King,Burger,Dessert,4,288.68,Card,15,2025-02-08,183,Active,2,2025-07-21,Delivered
1022,Female,Adult,Karachi,2024-01-23,2023-12-22,Burger King,Pasta,Italian,3,446.28,Card,31,2025-02-19,31,Inactive,3,2025-03-29,Cancelled
1023,Other,Senior,Lahore,2023-10-20,2023-12-22,McDonald's,Pasta,Italian,1,454.24,Wallet,15,2024-08-24,197,Active,5,2025-02-06,Delayed
1024,Other,Teenager,Multan,2024-02-26,2023-12-22,Subway,Burger,Dessert,4,985.46,Card,40,2025-08-19,476,Inactive,4,2025-03-30,Delayed
1025,Female,Teenager,Peshawar,2024-05-17,2023-12-22,Pizza Hut,Sandwich,Dessert,3,271.58,Wallet,24,2025-02-05,263,Inactive,3,2025-05-18,Delayed
1026,Female,Teenager,Peshawar,2025-06-29,2023-12-22,McDonald's,Fries,Italian,3,1078.17,Cash,37,2025-08-08,178,Inactive,3,2024-11-17,Delivered
1027,Female,Adult,Islamabad,2025-04-17,2023-12-23,McDonald's,Fries,Chinese,3,934.15,Card,22,2024-12-12,170,Inactive,4,2025-05-07,Delayed
1028,Female,Teenager,Islamabad,2025-07-03,2023-12-23,McDonald's,Pizza,Chinese,5,976.34,Cash,23,2024-09-09,402,Active,1,2025-07-21,Delivered
1029,Male,Senior,Islamabad,2024-05-27,2023-12-23,Burger King,Pasta,Continental,5,166.61,Wallet,32,2024-04-09,115,Active,3,2024-10-12,Delivered
1030,Female,Adult,Islamabad,2025-08-08,2023-12-23,Pizza Hut,Burger,Dessert,5,445.33,Wallet,48,2025-06-22,241,Inactive,1,2025-09-07,Delivered
1031,Male,Senior,Lahore,2024-02-29,2023-12-23,Burger King,Sandwich,Chinese,3,600.63,Wallet,44,2025-04-05,310,Active,4,2024-04-10,Delivered
1032,Other,Senior,Lahore,2024-01-10,2023-12-23,Burger King,Pasta,Italian,4,1403.53,Cash,11,2024-05-10,338,Inactive,4,2025-02-04,Delayed
1033,Other,Adult,Karachi,2025-02-19,2023-12-23,KFC,Pasta,Chinese,2,225.98,Wallet,44,2025-08-04,461,Active,1,2024-12-11,Delivered
1034,Female,Senior,Lahore,2024-02-28,2023-12-23,Pizza Hut,Pizza,Fast Food,1,557.46,Cash,6,2025-08-20,498,Active,2,2025-12-06,Delivered
1035,Male,Adult,Peshawar,2024-04-02,2023-12-23,Subway,Pizza,Continental,4,705.64,Cash,35,2025-06-22,161,Inactive,4,2025-06-01,Delayed
1036,Male,Senior,Islamabad,2024-05-02,2023-12-23,McDonald's,Burger,Continental,3,1243.0,Wallet,24,2025-07-04,105,Inactive,3,2024-10-20,Delayed
1037,Other,Senior,Multan,2025-02-06,2023-12-23,KFC,Sandwich,Fast Food,2,1334.77,Card,49,2024-09-19,431,Active,5,2025-01-02,Delivered
1038,Other,Adult,Peshawar,2025-05-22,2023-12-23,Burger King,Burger,Dessert,5,899.38,Card,21,2025-02-06,301,Active,2,2025-02-01,Delivered
1039,Male,Teenager,Islamabad,2023-11-28,2023-12-24,McDonald's,Pizza,Dessert,5,1333.27,Wallet,22,2024-12-28,417,Inactive,3,2024-09-27,Cancelled
1040,Female,Teenager,Peshawar,2023-09-28,2023-12-24,Subway,Pasta,Fast Food,5,923.56,Cash,30,2025-04-17,473,Active,4,2024-10-10,Delayed
1041,Female,Adult,Karachi,2024-04-18,2023-12-24,KFC,Burger,Fast Food,2,673.57,Cash,26,2025-05-08,216,Inactive,3,2025-01-13,Delayed
1042,Female,Adult,Multan,2024-09-28,2023-12-24,Subway,Burger,Italian,4,588.01,Wallet,30,2025-03-01,230,Active,3,2025-02-22,Delayed
1043,Other,Adult,Lahore,2023-03-10,2023-12-24,Subway,Fries,Italian,4,110.16,Cash,32,2024-08-26,412,Inactive,2,2025-07-04,Cancelled
1044,Other,Adult,Karachi,2023-02-12,2023-12-24,Subway,Pasta,Fast Food,5,1329.11,Cash,11,2024-12-23,82,Inactive,5,2025-03-05,Cancelled
1045,Male,Adult,Multan,2025-04-08,2023-12-24,KFC,Fries,Continental,1,889.0,Card,25,2024-09-23,391,Active,4,2025-01-05,Delivered
1046,Male,Senior,Multan,2025-06-13,2023-12-24,Pizza Hut,Fries,Continental,2,1252.03,Cash,1,2025-03-30,187,Active,2,2025-07-23,Delayed
1047,Female,Adult,Islamabad,2024-11-26,2023-12-24,Burger King,Pasta,Dessert,5,723.24,Cash,43,2024-01-10,182,Active,1,2025-08-05,Delayed
1048,Female,Adult,Lahore,2024-04-21,2023-12-24,Pizza Hut,Burger,Italian,4,1035.57,Wallet,15,2025-08-13,297,Active,2,2025-02-26,Delayed
1049,Male,Adult,Karachi,2023-11-16,2023-12-24,Burger King,Sandwich,Continental,1,819.69,Cash,30,2025-12-02,224,Active,5,2025-08-03,Cancelled
1050,Male,Senior,Peshawar,2025-06-05,2023-12-24,Pizza Hut,Pizza,Fast Food,3,1036.99,Wallet,42,2024-01-12,87,Active,5,2024-10-18,Cancelled
1051,Other,Senior,Multan,2023-01-11,2023-12-24,Burger King,Sandwich,Chinese,4,1484.58,Wallet,50,2025-04-24,183,Inactive,1,2024-11-29,Delayed
1052,Female,Teenager,Lahore,2024-11-03,2023-12-24,Subway,Pizza,Dessert,2,385.99,Cash,17,2024-09-26,469,Inactive,2,2025-04-06,Cancelled
1053,Other,Adult,Peshawar,2024-06-09,2023-12-25,Subway,Fries,Dessert,5,748.46,Cash,37,2025-06-20,373,Active,2,2025-01-06,Delivered
1054,Female,Teenager,Islamabad,2025-12-07,2023-12-25,Burger King,Pizza,Italian,4,146.36,Cash,29,2024-11-15,204,Active,3,2025-03-16,Delivered
1055,Other,Adult,Peshawar,2024-10-13,2023-12-25,KFC,Burger,Dessert,4,477.1,Cash,13,2025-05-08,453,Inactive,5,2025-03-13,Delivered
1056,Other,Adult,Karachi,2025-01-08,2023-12-25,Burger King,Pizza,Fast Food,2,633.42,Wallet,9,2025-06-15,415,Inactive,5,2024-11-24,Cancelled
1057,Male,Teenager,Multan,2024-03-06,2023-12-25,Pizza Hut,Fries,Continental,4,857.32,Cash,34,2025-04-05,211,Inactive,1,2024-10-25,Delivered
1058,Female,Senior,Karachi,2025-03-31,2023-12-25,Burger King,Pasta,Italian,1,1383.98,Wallet,1,2024-11-16,408,Active,1,2025-05-30,Delivered
1059,Other,Senior,Peshawar,2024-03-24,2023-12-25,Burger King,Pizza,Chinese,2,563.71,Wallet,33,2025-02-27,222,Active,2,2024-12-27,Delayed
1060,Female,Adult,Peshawar,2024-01-28,2023-12-25,KFC,Pasta,Chinese,5,1337.62,Cash,43,2025-07-04,55,Inactive,1,2024-10-26,Cancelled
1061,Other,Adult,Peshawar,2024-07-24,2023-12-25,Burger King,Fries,Dessert,1,655.19,Card,12,2024-10-30,159,Active,5,2025-05-27,Delivered
1062,Male,Adult,Islamabad,2024-01-28,2023-12-26,KFC,Sandwich,Chinese,4,879.02,Card,22,2025-07-15,239,Active,1,2024-03-10,Delayed
1063,Female,Adult,Lahore,2025-06-06,2023-12-26,Pizza Hut,Sandwich,Fast Food,5,779.39,Cash,7,2025-08-19,245,Inactive,1,2024-09-22,Delivered
1064,Male,Adult,Lahore,2024-12-10,2023-12-26,McDonald's,Sandwich,Dessert,1,586.24,Cash,42,2025-02-04,364,Active,3,2025-03-29,Delivered
1065,Other,Teenager,Islamabad,2024-09-01,2023-12-26,McDonald's,Pizza,Chinese,2,394.6,Card,29,2025-03-24,149,Inactive,1,2024-04-09,Delayed
1066,Male,Senior,Multan,2025-07-14,2023-12-26,Burger King,Pizza,Continental,3,393.33,Card,36,2024-12-27,176,Inactive,1,2024-12-27,Cancelled
1067,Male,Senior,Peshawar,2025-04-25,2023-12-26,KFC,Pasta,Chinese,5,1112.56,Card,4,2024-11-26,364,Inactive,4,2025-07-05,Cancelled
1068,Female,Teenager,Karachi,2024-05-19,2023-12-26,Pizza Hut,Pasta,Italian,1,1416.87,Card,9,2025-11-07,302,Active,4,2025-01-02,Delivered
1069,Male,Adult,Islamabad,2024-11-07,2023-12-27,McDonald's,Burger,Italian,4,624.47,Cash,42,2025-03-18,481,Active,4,2024-11-25,Delivered
1070,Female,Adult,Karachi,2024-12-20,2023-12-27,Burger King,Fries,Fast Food,4,1489.93,Card,26,2025-02-04,413,Active,1,2025-08-07,Cancelled
1071,Other,Teenager,Peshawar,2025-05-26,2023-12-27,Burger King,Burger,Chinese,3,816.56,Card,15,2025-06-06,93,Active,2,2025-03-07,Delivered
1072,Male,Teenager,Lahore,2024-03-06,2023-12-27,KFC,Fries,Italian,3,301.08,Wallet,16,2025-05-21,131,Active,1,2025-07-29,Delayed
1073,Female,Adult,Multan,2025-03-27,2023-12-27,Pizza Hut,Burger,Fast Food,2,1025.27,Card,27,2025-05-16,109,Active,5,2025-07-16,Delayed
1074,Female,Senior,Peshawar,2024-05-11,2023-12-27,Subway,Pasta,Dessert,5,732.9,Cash,8,2024-08-29,410,Active,5,2025-06-15,Delivered
1075,Male,Teenager,Multan,2024-10-10,2023-12-27,KFC,Sandwich,Italian,5,971.92,Card,13,2025-06-20,39,Inactive,2,2024-12-25,Delivered
1076,Female,Teenager,Peshawar,2025-05-01,2023-12-27,Burger King,Burger,Chinese,5,1051.9,Cash,15,2025-03-19,237,Active,4,2025-04-24,Delayed
1077,Female,Senior,Multan,2023-09-30,2023-12-27,KFC,Pizza,Italian,4,1382.62,Card,20,2025-04-24,139,Inactive,1,2025-04-26,Delivered
1078,Male,Senior,Islamabad,2023-01-12,2023-12-28,Burger King,Fries,Continental,5,548.39,Card,13,2024-10-31,55,Inactive,1,2024-02-09,Delivered
1079,Male,Teenager,Islamabad,2024-08-30,2023-12-28,KFC,Pasta,Fast Food,3,1493.86,Wallet,44,2024-12-16,136,Active,2,2025-05-18,Delayed
1080,Female,Adult,Islamabad,2024-10-07,2023-12-28,Burger King,Burger,Chinese,2,1296.33,Wallet,46,2024-11-25,90,Inactive,3,2024-02-10,Delayed
1081,Other,Teenager,Islamabad,2025-09-01,2023-12-28,Burger King,Burger,Dessert,2,661.62,Wallet,50,2024-12-26,385,Inactive,1,2025-04-29,Delayed
1082,Female,Senior,Peshawar,2024-11-04,2023-12-28,Burger King,Pizza,Italian,2,548.12,Cash,41,2025-03-26,60,Active,3,2025-11-02,Delivered
1083,Female,Senior,Peshawar,2025-08-13,2023-12-28,Pizza Hut,Fries,Fast Food,4,528.08,Wallet,11,2024-08-10,484,Active,5,2025-07-30,Delivered
1084,Female,Teenager,Peshawar,2024-10-27,2023-12-28,Burger King,Fries,Dessert,3,1015.17,Cash,16,2025-07-03,288,Inactive,3,2025-11-01,Delivered
1085,Female,Teenager,Peshawar,2023-11-19,2023-12-29,Pizza Hut,Pasta,Fast Food,3,795.32,Cash,16,2025-03-20,443,Inactive,2,2025-01-18,Delivered
1086,Other,Teenager,Lahore,2024-12-30,2023-12-29,KFC,Fries,Dessert,1,1382.66,Cash,22,2025-08-07,102,Inactive,3,2025-07-05,Delayed
1087,Male,Senior,Karachi,2023-09-17,2023-12-29,Pizza Hut,Sandwich,Dessert,3,376.91,Cash,45,2024-10-20,467,Inactive,5,2024-12-26,Cancelled
1088,Male,Teenager,Multan,2024-12-15,2023-12-29,KFC,Fries,Continental,3,533.48,Cash,16,2025-12-01,346,Active,1,2025-11-03,Delivered
1089,Female,Senior,Lahore,2024-05-28,2023-12-29,McDonald's,Fries,Chinese,4,692.98,Cash,21,2024-10-10,153,Active,5,2025-05-19,Delivered
1090,Female,Adult,Islamabad,2024-05-17,2023-12-29,KFC,Burger,Italian,4,863.09,Cash,17,2025-03-30,237,Inactive,1,2025-05-26,Delivered
1091,Other,Teenager,Islamabad,2024-10-08,2023-12-29,Burger King,Burger,Continental,1,297.24,Cash,2,2025-08-17,19,Active,1,2025-05-27,Delayed
1092,Other,Senior,Lahore,2024-08-18,2023-12-31,Subway,Burger,Fast Food,4,1460.56,Card,35,2024-05-09,191,Inactive,3,2025-04-21,Cancelled
1093,Male,Adult,Peshawar,2024-03-13,2023-12-31,Subway,Pasta,Chinese,4,1000.84,Card,7,2025-01-25,76,Inactive,1,2025-11-01,Delivered
1094,Female,Senior,Lahore,2025-07-21,2023-12-31,McDonald's,Burger,Dessert,4,543.86,Wallet,22,2025-03-06,3,Inactive,1,2025-03-18,Delivered
1095,Other,Teenager,Karachi,2024-07-12,2023-12-31,Pizza Hut,Burger,Fast Food,3,995.56,Cash,30,2025-11-05,5,Active,4,2024-10-26,Cancelled
1096,Other,Adult,Multan,2024-04-26,2023-12-31,KFC,Sandwich,Fast Food,4,384.57,Wallet,22,2025-06-16,120,Active,4,2024-12-19,Delayed
1097,Female,Senior,Islamabad,2025-10-08,2023-12-31,KFC,Pasta,Dessert,3,839.66,Cash,49,2024-10-10,306,Inactive,3,2024-08-26,Cancelled
1098,Male,Adult,Multan,2023-12-17,2023-12-31,McDonald's,Sandwich,Fast Food,1,709.1,Card,15,2025-07-06,54,Inactive,1,2024-04-12,Cancelled
1099,Other,Senior,Peshawar,2024-01-01,2024-01-01,Burger King,Burger,Fast Food,2,1054.88,Card,24,2025-11-08,404,Active,4,2025-05-04,Delivered
1100,Female,Teenager,Islamabad,2024-01-03,2024-01-01,McDonald's,Pasta,Dessert,1,1062.47,Wallet,20,2025-05-27,167,Inactive,5,2024-10-12,Cancelled
1101,Male,Adult,Islamabad,2025-02-03,2024-01-01,KFC,Pizza,Dessert,4,191.45,Card,14,2024-09-29,31,Inactive,4,2025-03-17,Delivered
1102,Male,Adult,Peshawar,2023-12-26,2024-01-01,KFC,Pizza,Fast Food,2,917.11,Cash,12,2024-06-10,331,Active,1,2025-07-03,Delayed
1103,Other,Adult,Peshawar,2024-11-11,2024-01-01,Subway,Pasta,Chinese,5,387.58,Card,17,2025-04-15,65,Active,3,2024-09-26,Delayed
1104,Other,Senior,Lahore,2024-01-23,2024-01-01,Subway,Sandwich,Italian,4,244.14,Cash,13,2025-08-07,404,Inactive,3,2025-01-01,Delayed
1105,Male,Senior,Lahore,2024-08-27,2024-01-01,KFC,Pasta,Continental,2,889.63,Wallet,29,2024-09-25,105,Active,2,2024-10-22,Delivered
1106,Other,Senior,Multan,2024-08-20,2024-02-01,McDonald's,Fries,Fast Food,5,535.88,Card,15,2025-04-24,456,Active,3,2025-06-01,Delayed
1107,Male,Senior,Islamabad,2025-03-18,2024-02-01,McDonald's,Burger,Dessert,5,1347.65,Cash,9,2024-12-23,109,Inactive,3,2025-01-06,Delayed
1108,Female,Adult,Peshawar,2023-10-16,2024-02-01,Pizza Hut,Fries,Fast Food,2,1018.97,Card,25,2024-05-09,37,Active,5,2025-07-05,Delayed
1109,Female,Adult,Karachi,2025-10-07,2024-02-01,McDonald's,Pasta,Dessert,1,1016.55,Card,30,2024-08-10,216,Active,5,2025-06-29,Delayed
1110,Other,Adult,Multan,2024-09-23,2024-02-01,Pizza Hut,Sandwich,Chinese,2,937.39,Cash,22,2025-06-26,152,Inactive,4,2025-04-14,Delivered
1111,Female,Teenager,Islamabad,2024-07-28,2024-02-01,Burger King,Fries,Continental,1,400.99,Wallet,22,2025-04-25,277,Inactive,1,2025-09-01,Delivered
1112,Male,Adult,Islamabad,2023-12-25,2024-02-01,Subway,Sandwich,Chinese,2,597.37,Wallet,48,2025-05-03,413,Active,5,2025-03-01,Delivered
1113,Male,Senior,Lahore,2024-05-04,2024-02-01,Pizza Hut,Burger,Italian,4,620.15,Cash,48,2025-06-18,425,Inactive,4,2025-07-22,Cancelled
1114,Other,Senior,Peshawar,2023-11-30,2024-02-01,Pizza Hut,Burger,Fast Food,4,443.55,Cash,23,2025-02-25,176,Inactive,4,2025-06-17,Delivered
1115,Female,Senior,Karachi,2025-01-26,2024-02-01,Burger King,Sandwich,Fast Food,2,1234.2,Wallet,21,2025-10-01,87,Inactive,2,2025-03-24,Delivered
1116,Male,Senior,Peshawar,2024-02-21,2024-02-01,Burger King,Sandwich,Italian,5,1021.33,Wallet,45,2025-06-23,271,Active,1,2025-03-16,Cancelled
1117,Other,Teenager,Islamabad,2024-09-29,2024-03-01,McDonald's,Fries,Fast Food,3,833.56,Card,2,2025-07-17,8,Inactive,5,2025-07-23,Delayed
1118,Male,Adult,Lahore,2023-12-29,2024-03-01,Burger King,Pizza,Italian,5,1103.19,Cash,10,2025-12-03,443,Inactive,1,2025-02-20,Delivered
1119,Female,Adult,Peshawar,2024-01-15,2024-03-01,McDonald's,Fries,Dessert,1,428.86,Wallet,31,2024-10-21,246,Active,2,2025-01-23,Delivered
1120,Other,Senior,Multan,2024-02-28,2024-03-01,Pizza Hut,Pasta,Continental,3,708.22,Wallet,19,2025-09-07,496,Inactive,5,2024-09-12,Delayed
1121,Female,Senior,Multan,2024-07-15,2024-03-01,Pizza Hut,Sandwich,Dessert,3,1470.57,Cash,40,2025-06-18,5,Active,2,2025-11-08,Delivered
1122,Other,Adult,Lahore,2023-12-12,2024-03-01,Burger King,Pasta,Chinese,3,1185.23,Wallet,26,2025-02-02,70,Inactive,3,2024-09-24,Delivered
1123,Male,Teenager,Karachi,2024-08-21,2024-03-01,Burger King,Fries,Fast Food,4,218.0,Card,44,2025-04-24,411,Active,5,2024-11-22,Delayed
1124,Female,Senior,Islamabad,2025-07-22,2024-04-01,KFC,Fries,Chinese,1,215.88,Cash,46,2025-03-23,217,Active,1,2025-01-03,Cancelled
1125,Male,Senior,Multan,2024-12-28,2024-04-01,KFC,Burger,Continental,3,1205.06,Cash,33,2024-10-31,197,Inactive,5,2025-11-08,Cancelled
1126,Other,Teenager,Islamabad,2023-05-10,2024-04-01,Subway,Pasta,Dessert,2,530.26,Card,11,2024-08-23,43,Active,2,2025-01-14,Cancelled
1127,Female,Teenager,Islamabad,2024-02-20,2024-04-01,KFC,Fries,Fast Food,2,981.31,Card,38,2025-01-27,289,Active,4,2024-05-09,Delivered
1128,Female,Teenager,Karachi,2025-06-19,2024-04-01,McDonald's,Pizza,Chinese,2,920.59,Cash,49,2024-11-24,248,Active,4,2025-01-18,Delayed
1129,Other,Adult,Karachi,2025-05-30,2024-04-01,Subway,Fries,Chinese,1,1162.28,Wallet,28,2024-12-23,40,Inactive,2,2025-02-05,Cancelled
1130,Male,Senior,Multan,2025-04-23,2024-04-01,Subway,Fries,Fast Food,2,287.7,Card,28,2025-05-30,228,Inactive,5,2024-11-11,Cancelled
1131,Male,Adult,Peshawar,2024-04-30,2024-04-01,Burger King,Burger,Continental,5,939.58,Card,33,2025-10-02,129,Inactive,2,2025-05-19,Cancelled
1132,Other,Adult,Lahore,2024-05-28,2024-05-01,Subway,Pizza,Italian,3,1432.57,Card,17,2024-11-21,333,Inactive,2,2024-11-21,Delivered
1133,Male,Teenager,Peshawar,2024-08-05,2024-05-01,Burger King,Fries,Italian,3,747.58,Wallet,16,2024-09-10,290,Active,3,2025-09-07,Delivered
1134,Female,Senior,Karachi,2025-06-24,2024-05-01,McDonald's,Fries,Italian,1,839.34,Cash,18,2024-09-14,347,Active,4,2024-09-14,Cancelled
1135,Other,Adult,Islamabad,2025-07-03,2024-05-01,Subway,Sandwich,Fast Food,1,1142.85,Cash,22,2024-10-29,288,Inactive,5,2025-06-30,Delivered
1136,Female,Teenager,Peshawar,2025-08-18,2024-05-01,Pizza Hut,Burger,Continental,1,350.81,Wallet,19,2025-02-23,4,Active,1,2025-01-30,Cancelled
1137,Other,Adult,Peshawar,2024-02-27,2024-05-01,Subway,Fries,Italian,1,404.66,Cash,19,2025-11-08,348,Inactive,1,2025-11-08,Delayed
1138,Male,Adult,Islamabad,2023-09-26,2024-05-01,Burger King,Fries,Chinese,5,422.11,Cash,38,2025-10-03,85,Inactive,4,2025-01-29,Cancelled
1139,Other,Teenager,Lahore,2024-03-31,2024-05-01,Burger King,Pasta,Fast Food,2,210.39,Card,44,2024-11-23,151,Inactive,3,2024-11-10,Cancelled
1140,Male,Adult,Multan,2025-03-23,2024-05-01,McDonald's,Fries,Fast Food,3,852.49,Card,2,2025-05-31,124,Inactive,3,2025-05-31,Delivered
1141,Male,Adult,Karachi,2025-09-06,2024-05-01,Subway,Pasta,Italian,2,846.02,Card,24,2025-03-03,98,Active,2,2025-03-22,Delivered
1142,Male,Teenager,Islamabad,2024-06-23,2024-05-01,Subway,Pizza,Continental,5,1015.21,Wallet,29,2025-03-30,354,Inactive,2,2025-06-21,Cancelled
1143,Other,Adult,Karachi,2024-04-29,2024-05-01,KFC,Pasta,Continental,3,377.77,Cash,4,2024-09-14,481,Inactive,5,2025-01-14,Delivered
1144,Other,Teenager,Peshawar,2024-05-16,2024-05-01,KFC,Fries,Dessert,2,195.78,Card,15,2024-10-24,235,Inactive,3,2025-11-03,Cancelled
1145,Other,Senior,Lahore,2024-11-24,2024-06-01,Subway,Pasta,Fast Food,2,1413.68,Card,12,2025-03-27,168,Inactive,4,2025-01-25,Delivered
1146,Male,Senior,Karachi,2023-11-12,2024-06-01,Pizza Hut,Pasta,Dessert,3,1166.73,Cash,4,2025-04-22,286,Inactive,4,2024-12-15,Delivered
1147,Male,Teenager,Multan,2025-09-02,2024-06-01,McDonald's,Sandwich,Continental,4,813.69,Card,14,2025-11-01,437,Inactive,5,2025-11-03,Delayed
1148,Other,Adult,Peshawar,2023-11-30,2024-06-01,Subway,Pizza,Italian,5,1061.38,Card,25,2025-01-02,15,Active,5,2025-05-07,Delivered
1149,Other,Adult,Islamabad,2025-04-27,2024-06-01,McDonald's,Sandwich,Chinese,2,354.8,Wallet,2,2024-11-18,368,Active,5,2025-01-29,Delivered
1150,Male,Teenager,Multan,2024-03-24,2024-07-01,Subway,Pizza,Fast Food,5,1482.39,Wallet,37,2025-06-24,141,Active,5,2025-11-06,Cancelled
1151,Female,Senior,Lahore,2025-03-21,2024-07-01,Pizza Hut,Pasta,Fast Food,3,363.41,Cash,7,2025-01-15,309,Active,3,2025-05-23,Cancelled
1152,Female,Adult,Multan,2025-04-26,2024-07-01,KFC,Fries,Chinese,2,941.03,Cash,30,2024-09-19,169,Inactive,2,2025-01-23,Delayed
1153,Male,Adult,Peshawar,2024-09-10,2024-07-01,KFC,Fries,Continental,3,726.33,Card,35,2025-02-08,174,Inactive,1,2025-03-18,Delivered
1154,Female,Teenager,Multan,2024-11-11,2024-07-01,KFC,Pasta,Chinese,3,1402.39,Card,47,2025-05-24,266,Active,1,2025-02-08,Delayed
1155,Other,Senior,Peshawar,2024-09-30,2024-07-01,Pizza Hut,Fries,Dessert,5,644.06,Cash,2,2025-03-02,221,Active,4,2024-01-11,Cancelled
1156,Other,Senior,Multan,2024-03-06,2024-07-01,Subway,Burger,Fast Food,4,665.27,Card,31,2025-06-15,79,Active,5,2024-03-09,Delivered
1157,Other,Adult,Multan,2024-07-19,2024-07-01,Burger King,Fries,Continental,5,598.24,Cash,49,2025-07-27,8,Inactive,4,2025-07-19,Delivered
1158,Other,Senior,Lahore,2025-05-29,2024-07-01,Pizza Hut,Sandwich,Italian,2,808.44,Cash,44,2025-01-19,391,Inactive,4,2024-12-19,Delayed
1159,Other,Adult,Karachi,2024-08-31,2024-07-01,KFC,Sandwich,Continental,3,321.23,Card,45,2025-08-20,262,Inactive,3,2025-02-03,Cancelled
1160,Other,Senior,Multan,2024-03-21,2024-07-01,KFC,Pizza,Italian,4,535.8,Card,27,2024-09-27,486,Active,1,2025-01-03,Delivered
1161,Other,Adult,Lahore,2023-12-09,2024-07-01,Subway,Pizza,Italian,2,164.33,Card,24,2025-02-23,446,Active,4,2024-12-24,Delayed
1162,Male,Senior,Lahore,2025-02-16,2024-07-01,Subway,Burger,Italian,2,488.25,Card,32,2025-01-05,422,Inactive,3,2025-06-24,Delivered
1163,Male,Teenager,Islamabad,2025-09-02,2024-08-01,KFC,Fries,Dessert,5,1349.62,Cash,32,2025-08-08,225,Active,4,2024-10-21,Delivered
1164,Other,Adult,Lahore,2025-10-02,2024-08-01,Pizza Hut,Fries,Italian,2,1377.72,Cash,16,2025-07-07,438,Active,5,2025-03-25,Delivered
1165,Female,Senior,Islamabad,2025-08-15,2024-08-01,KFC,Burger,Chinese,2,657.48,Wallet,5,2025-12-02,353,Active,3,2024-09-09,Cancelled
1166,Male,Senior,Karachi,2024-07-26,2024-08-01,Subway,Pasta,Fast Food,3,567.96,Wallet,2,2025-03-05,212,Inactive,5,2025-01-05,Delayed
1167,Male,Senior,Islamabad,2023-11-27,2024-08-01,Pizza Hut,Sandwich,Chinese,4,950.35,Card,7,2025-01-04,433,Active,2,2025-04-20,Delayed
1168,Female,Teenager,Multan,2025-05-06,2024-08-01,KFC,Burger,Fast Food,3,532.1,Cash,27,2025-05-04,373,Active,2,2024-04-11,Cancelled
1169,Male,Adult,Lahore,2025-04-15,2024-09-01,Pizza Hut,Pasta,Fast Food,5,421.54,Wallet,18,2025-05-04,10,Active,2,2024-02-09,Delivered
1170,Female,Teenager,Lahore,2024-12-25,2024-09-01,KFC,Sandwich,Chinese,3,1034.83,Wallet,37,2025-01-18,405,Active,1,2024-02-12,Delivered
1171,Male,Teenager,Karachi,2025-05-18,2024-09-01,Subway,Fries,Italian,2,348.49,Card,3,2024-01-12,475,Inactive,3,2024-08-28,Cancelled
1172,Female,Adult,Lahore,2025-06-26,2024-09-01,McDonald's,Pizza,Dessert,1,1012.8,Cash,38,2025-06-13,271,Inactive,2,2025-05-03,Delivered
1173,Other,Teenager,Karachi,2024-08-31,2024-09-01,Burger King,Pasta,Fast Food,5,1433.75,Cash,41,2024-05-09,233,Active,1,2024-12-11,Delivered
1174,Female,Teenager,Peshawar,2024-05-09,2024-09-01,Burger King,Pizza,Dessert,2,351.29,Cash,31,2025-12-04,167,Inactive,2,2025-01-24,Delivered
1175,Female,Adult,Lahore,2025-01-13,2024-09-01,Pizza Hut,Burger,Continental,1,1234.2,Wallet,29,2024-11-11,346,Inactive,3,2025-01-05,Cancelled
1176,Female,Adult,Islamabad,2024-04-12,2024-09-01,Burger King,Sandwich,Dessert,4,808.74,Card,26,2025-09-04,80,Active,5,2025-02-05,Delivered
1177,Female,Teenager,Islamabad,2025-03-26,2024-09-01,Pizza Hut,Fries,Fast Food,4,1426.85,Cash,9,2024-11-18,156,Inactive,4,2024-07-11,Cancelled
1178,Female,Adult,Islamabad,2025-08-16,2024-09-01,Pizza Hut,Burger,Chinese,1,595.62,Wallet,28,2025-08-15,354,Active,3,2025-12-05,Delayed
1179,Male,Senior,Lahore,2023-03-10,2024-10-01,McDonald's,Burger,Italian,3,1291.14,Card,7,2025-08-21,42,Inactive,3,2024-11-29,Cancelled
1180,Male,Teenager,Peshawar,2025-04-29,2024-10-01,McDonald's,Pizza,Italian,3,633.07,Card,29,2025-04-22,171,Active,3,2024-11-09,Delivered
1181,Other,Senior,Peshawar,2025-07-05,2024-10-01,KFC,Pizza,Italian,3,856.63,Card,21,2025-06-20,294,Inactive,2,2025-05-26,Delivered
1182,Female,Teenager,Karachi,2025-06-13,2024-10-01,McDonald's,Fries,Chinese,4,906.49,Wallet,6,2025-03-20,319,Active,1,2025-11-07,Cancelled
1183,Female,Senior,Multan,2024-05-23,2024-10-01,McDonald's,Fries,Dessert,2,129.97,Cash,8,2024-11-25,143,Inactive,5,2025-07-16,Delayed
1184,Other,Teenager,Karachi,2024-10-09,2024-10-01,Pizza Hut,Pizza,Fast Food,1,1446.89,Card,46,2024-01-12,218,Active,2,2025-05-07,Delivered
1185,Female,Senior,Karachi,2024-12-18,2024-10-01,McDonald's,Sandwich,Italian,5,1028.53,Card,11,2024-12-30,477,Active,2,2024-10-18,Delayed
1186,Male,Teenager,Lahore,2023-09-24,2024-11-01,KFC,Pizza,Continental,5,705.33,Card,23,2024-10-24,433,Active,5,2025-05-07,Cancelled
1187,Other,Teenager,Lahore,2024-04-28,2024-11-01,Pizza Hut,Fries,Italian,5,1040.05,Card,9,2025-01-08,153,Active,3,2024-07-11,Cancelled
1188,Male,Teenager,Peshawar,2025-01-01,2024-11-01,Pizza Hut,Pizza,Chinese,5,1381.47,Wallet,10,2025-03-22,157,Active,1,2025-02-21,Delayed
1189,Male,Senior,Karachi,2024-04-11,2024-11-01,Pizza Hut,Burger,Italian,5,697.14,Cash,20,2025-05-01,69,Active,1,2025-08-01,Delivered
1190,Other,Adult,Lahore,2025-01-03,2024-11-01,McDonald's,Sandwich,Fast Food,5,808.44,Wallet,20,2025-07-04,34,Inactive,2,2024-08-22,Cancelled
1191,Female,Adult,Karachi,2025-04-06,2024-11-01,McDonald's,Pasta,Italian,4,818.25,Card,14,2024-10-12,226,Active,3,2025-10-04,Delivered
1192,Male,Senior,Islamabad,2024-02-18,2024-11-01,Pizza Hut,Pasta,Fast Food,2,436.21,Wallet,4,2024-09-28,196,Inactive,2,2025-03-29,Delayed
1193,Male,Senior,Multan,2023-08-28,2024-11-01,McDonald's,Pizza,Dessert,2,737.59,Wallet,46,2024-11-30,328,Active,4,2025-12-03,Delivered
1194,Female,Teenager,Multan,2025-03-03,2024-12-01,KFC,Fries,Chinese,5,1487.89,Card,19,2025-03-13,32,Active,4,2025-04-07,Cancelled
1195,Male,Senior,Islamabad,2025-04-03,2024-12-01,KFC,Pizza,Fast Food,4,284.45,Wallet,16,2025-02-25,173,Active,1,2024-12-11,Delayed
1196,Female,Teenager,Islamabad,2024-11-29,2024-12-01,Subway,Burger,Chinese,2,775.47,Cash,25,2025-11-04,172,Active,3,2025-03-14,Delayed
1197,Female,Adult,Karachi,2025-08-13,2024-12-01,Subway,Pasta,Chinese,2,475.11,Wallet,20,2025-06-08,103,Active,1,2024-10-26,Delayed
1198,Other,Senior,Multan,2024-12-21,2024-12-01,Pizza Hut,Pizza,Chinese,4,143.47,Cash,4,2025-04-23,119,Inactive,5,2025-01-14,Delivered
1199,Other,Senior,Karachi,2024-08-21,2024-12-01,Subway,Fries,Fast Food,4,806.86,Card,24,2024-08-22,235,Inactive,3,2024-06-11,Cancelled
1200,Male,Adult,Karachi,2024-04-14,2024-01-13,McDonald's,Burger,Dessert,1,463.29,Wallet,21,2025-05-24,166,Inactive,4,2025-07-05,Cancelled
1201,Other,Teenager,Peshawar,2024-05-17,2024-01-13,McDonald's,Burger,Fast Food,4,1101.54,Wallet,19,2025-03-03,381,Active,3,2025-02-23,Delayed
1202,Other,Senior,Multan,2024-12-26,2024-01-13,McDonald's,Pasta,Fast Food,3,1128.31,Cash,20,2024-10-23,106,Active,3,2025-07-19,Delivered
1203,Female,Teenager,Islamabad,2025-02-24,2024-01-13,Subway,Burger,Continental,2,621.83,Card,13,2025-12-08,356,Active,5,2024-07-10,Delayed
1204,Other,Senior,Peshawar,2023-10-23,2024-01-13,KFC,Pasta,Continental,3,278.25,Wallet,44,2025-08-02,315,Inactive,4,2024-01-11,Cancelled
1205,Other,Senior,Peshawar,2024-05-22,2024-01-13,Pizza Hut,Pasta,Dessert,4,1433.82,Wallet,7,2024-10-10,36,Inactive,5,2024-09-16,Delivered
1206,Male,Teenager,Multan,2025-08-06,2024-01-13,Pizza Hut,Pizza,Fast Food,1,1325.65,Cash,42,2025-06-05,349,Active,4,2025-05-21,Delayed
1207,Female,Senior,Karachi,2025-08-05,2024-01-13,Subway,Pasta,Continental,3,402.48,Card,47,2024-11-26,209,Active,1,2025-06-17,Delivered
1208,Female,Teenager,Karachi,2025-11-01,2024-01-13,McDonald's,Burger,Fast Food,4,263.72,Wallet,29,2025-05-27,457,Inactive,5,2025-01-08,Cancelled
1209,Other,Senior,Multan,2024-09-11,2024-01-14,McDonald's,Burger,Continental,2,1354.36,Wallet,4,2025-06-21,214,Inactive,2,2024-09-18,Delayed
1210,Other,Adult,Multan,2024-08-15,2024-01-14,Subway,Fries,Chinese,2,1005.76,Wallet,9,2025-01-13,392,Inactive,5,2025-01-18,Delivered
1211,Other,Senior,Peshawar,2023-12-16,2024-01-14,Subway,Pizza,Continental,2,161.41,Wallet,20,2025-01-28,471,Inactive,5,2025-03-29,Cancelled
1212,Other,Senior,Peshawar,2023-03-10,2024-01-14,KFC,Fries,Fast Food,2,386.68,Cash,32,2024-12-25,95,Inactive,1,2024-09-11,Cancelled
1213,Female,Senior,Multan,2024-07-08,2024-01-14,Burger King,Pizza,Italian,2,721.24,Wallet,14,2024-08-10,156,Active,2,2025-03-06,Cancelled
1214,Male,Teenager,Karachi,2024-06-12,2024-01-14,Pizza Hut,Fries,Dessert,1,626.89,Cash,26,2024-10-12,136,Active,3,2025-01-29,Delayed
1215,Male,Adult,Islamabad,2025-08-13,2024-01-14,Subway,Burger,Chinese,4,688.3,Wallet,23,2024-05-10,305,Inactive,5,2024-09-11,Delayed
1216,Female,Senior,Multan,2025-07-22,2024-01-14,Pizza Hut,Burger,Dessert,2,1055.19,Wallet,34,2025-01-28,170,Active,5,2024-07-12,Cancelled
1217,Male,Adult,Multan,2024-11-26,2024-01-15,Burger King,Fries,Fast Food,2,1455.41,Wallet,19,2025-03-20,451,Active,3,2025-05-05,Delivered
1218,Male,Adult,Peshawar,2024-08-19,2024-01-15,KFC,Pasta,Fast Food,4,1395.31,Wallet,35,2025-03-14,332,Active,2,2025-10-04,Cancelled
1219,Male,Teenager,Lahore,2024-09-06,2024-01-15,Pizza Hut,Pizza,Continental,5,1406.04,Card,10,2024-08-09,276,Active,3,2024-08-27,Delivered
1220,Other,Teenager,Peshawar,2024-10-01,2024-01-15,McDonald's,Sandwich,Continental,4,624.52,Cash,50,2024-12-10,343,Inactive,4,2025-11-01,Cancelled
1221,Other,Adult,Lahore,2023-07-12,2024-01-15,Subway,Sandwich,Fast Food,1,161.59,Card,1,2025-04-23,47,Active,4,2025-01-01,Delivered
1222,Male,Senior,Lahore,2024-01-08,2024-01-15,KFC,Sandwich,Chinese,4,1212.81,Card,25,2025-06-28,500,Inactive,2,2024-06-10,Delivered
1223,Female,Teenager,Karachi,2024-07-16,2024-01-15,McDonald's,Burger,Italian,2,1278.98,Card,11,2024-09-15,433,Active,1,2025-11-04,Cancelled
1224,Female,Adult,Multan,2025-04-24,2024-01-15,Burger King,Sandwich,Continental,5,1225.3,Wallet,36,2025-03-13,466,Active,3,2025-12-02,Cancelled
1225,Other,Teenager,Lahore,2025-07-21,2024-01-15,Pizza Hut,Pasta,Chinese,5,288.26,Wallet,46,2024-11-26,154,Inactive,5,2025-06-24,Cancelled
1226,Female,Adult,Karachi,2025-03-20,2024-01-15,Pizza Hut,Pizza,Chinese,4,1179.12,Cash,20,2024-11-19,77,Active,3,2024-12-31,Cancelled
1227,Male,Adult,Peshawar,2025-07-13,2024-01-15,KFC,Sandwich,Dessert,2,1392.86,Card,29,2025-04-17,403,Active,4,2025-02-23,Cancelled
1228,Male,Senior,Lahore,2024-10-08,2024-01-15,Burger King,Sandwich,Chinese,1,571.39,Wallet,42,2025-05-08,161,Inactive,3,2025-03-18,Delayed
1229,Male,Teenager,Peshawar,2024-08-20,2024-01-15,Pizza Hut,Sandwich,Chinese,5,617.21,Card,10,2024-12-16,324,Inactive,5,2025-10-08,Cancelled
1230,Female,Senior,Peshawar,2024-08-27,2024-01-16,McDonald's,Pizza,Dessert,3,796.75,Wallet,3,2025-04-20,19,Active,1,2024-09-20,Delivered
1231,Other,Teenager,Karachi,2025-01-07,2024-01-16,McDonald's,Sandwich,Chinese,2,523.58,Cash,33,2025-02-24,125,Active,2,2024-09-13,Delivered
1232,Other,Adult,Lahore,2023-12-26,2024-01-16,Subway,Pizza,Fast Food,1,1149.73,Card,19,2025-07-24,92,Active,3,2025-01-26,Cancelled
1233,Female,Teenager,Islamabad,2025-01-25,2024-01-16,Burger King,Sandwich,Italian,2,889.39,Card,25,2025-10-01,105,Active,4,2024-11-19,Delivered
1234,Female,Teenager,Multan,2025-01-27,2024-01-16,KFC,Pasta,Continental,4,763.1,Cash,27,2024-08-24,0,Inactive,3,2025-06-14,Cancelled
1235,Male,Senior,Peshawar,2024-07-28,2024-01-16,Subway,Sandwich,Italian,3,145.8,Cash,30,2024-11-13,395,Inactive,3,2025-06-29,Delayed
1236,Male,Teenager,Karachi,2025-08-07,2024-01-16,McDonald's,Pasta,Dessert,2,571.79,Cash,17,2024-11-11,207,Active,5,2025-07-14,Delivered
1237,Male,Teenager,Lahore,2024-05-15,2024-01-16,McDonald's,Fries,Fast Food,3,288.78,Wallet,36,2025-02-25,265,Active,4,2024-10-23,Cancelled
1238,Female,Adult,Peshawar,2025-05-02,2024-01-16,McDonald's,Sandwich,Continental,3,317.93,Wallet,44,2025-07-26,476,Active,1,2025-02-05,Delivered
1239,Other,Teenager,Karachi,2024-07-07,2024-01-16,Pizza Hut,Fries,Chinese,5,474.41,Cash,44,2025-08-17,133,Inactive,2,2025-05-16,Cancelled
1240,Male,Senior,Lahore,2024-10-29,2024-01-17,Pizza Hut,Pizza,Continental,1,1389.84,Card,11,2025-07-04,242,Inactive,1,2025-06-17,Cancelled
1241,Male,Senior,Peshawar,2024-06-14,2024-01-17,McDonald's,Sandwich,Italian,5,356.17,Card,2,2024-12-20,8,Inactive,5,2025-05-01,Cancelled
1242,Female,Teenager,Multan,2024-03-02,2024-01-17,McDonald's,Pasta,Fast Food,1,1103.37,Card,50,2025-03-06,474,Inactive,4,2025-03-22,Delayed
1243,Female,Senior,Peshawar,2024-03-05,2024-01-17,McDonald's,Sandwich,Continental,1,1183.92,Cash,44,2025-03-19,174,Inactive,4,2025-01-06,Delayed
1244,Other,Teenager,Lahore,2025-06-30,2024-01-17,Pizza Hut,Fries,Continental,1,901.08,Cash,12,2024-08-21,202,Active,3,2025-06-23,Delivered
1245,Other,Adult,Karachi,2024-08-04,2024-01-17,Burger King,Sandwich,Chinese,5,1485.9,Wallet,22,2024-12-17,394,Active,3,2025-05-05,Delivered
1246,Male,Adult,Lahore,2024-08-02,2024-01-18,Burger King,Pizza,Fast Food,1,838.79,Cash,25,2025-01-03,212,Inactive,5,2025-07-08,Cancelled
1247,Other,Adult,Karachi,2023-05-09,2024-01-18,McDonald's,Sandwich,Continental,3,642.75,Cash,34,2024-10-10,403,Active,4,2025-06-15,Cancelled
1248,Male,Teenager,Peshawar,2024-07-18,2024-01-18,Burger King,Burger,Italian,2,1487.37,Cash,50,2024-09-19,227,Active,3,2025-02-21,Delivered
1249,Male,Adult,Multan,2024-05-05,2024-01-18,Subway,Pasta,Italian,5,1070.11,Card,33,2025-07-29,153,Inactive,2,2025-05-01,Delayed
1250,Male,Adult,Peshawar,2024-08-15,2024-01-18,Burger King,Pizza,Italian,2,292.54,Card,14,2024-12-17,299,Inactive,5,2025-04-18,Cancelled
1251,Male,Senior,Islamabad,2024-11-12,2024-01-18,Subway,Pizza,Continental,2,1463.38,Wallet,5,2024-03-11,275,Active,3,2025-06-14,Delivered
1252,Female,Adult,Multan,2024-11-06,2024-01-18,Pizza Hut,Sandwich,Chinese,5,1347.83,Cash,14,2024-09-18,295,Active,5,2024-12-24,Delayed
1253,Female,Adult,Lahore,2025-04-27,2024-01-18,McDonald's,Sandwich,Chinese,1,803.8,Card,45,2025-01-01,181,Active,4,2025-02-19,Delivered
1254,Other,Adult,Karachi,2024-01-11,2024-01-18,McDonald's,Fries,Italian,3,1304.81,Cash,10,2024-11-30,365,Inactive,1,2025-08-20,Cancelled
1255,Other,Senior,Multan,2024-12-23,2024-01-19,KFC,Sandwich,Continental,5,815.17,Cash,12,2024-09-09,478,Active,3,2024-10-29,Delivered
1256,Other,Adult,Karachi,2025-06-06,2024-01-19,Pizza Hut,Pasta,Fast Food,1,592.9,Cash,35,2025-06-19,127,Inactive,1,2025-07-03,Cancelled
1257,Other,Adult,Karachi,2024-05-28,2024-01-19,Burger King,Burger,Fast Food,4,464.52,Card,13,2025-05-25,112,Inactive,3,2024-10-16,Delivered
1258,Other,Senior,Peshawar,2025-05-25,2024-01-19,Pizza Hut,Sandwich,Chinese,2,798.09,Wallet,40,2025-09-04,406,Active,5,2025-05-21,Delayed
1259,Male,Senior,Lahore,2024-04-26,2024-01-19,Burger King,Pasta,Italian,1,143.3,Cash,22,2024-11-10,168,Active,3,2025-05-14,Cancelled
1260,Female,Adult,Lahore,2024-08-09,2024-01-19,McDonald's,Burger,Chinese,2,1279.04,Cash,35,2025-03-26,116,Active,1,2025-05-01,Delivered
1261,Female,Adult,Islamabad,2025-02-27,2024-01-19,McDonald's,Burger,Chinese,3,566.2,Cash,20,2025-03-20,265,Inactive,4,2025-05-13,Delivered
1262,Female,Teenager,Multan,2024-12-03,2024-01-19,Pizza Hut,Pasta,Fast Food,4,1049.54,Wallet,44,2025-03-01,324,Inactive,1,2025-12-05,Delayed
1263,Female,Adult,Karachi,2024-11-20,2024-01-19,Pizza Hut,Fries,Continental,5,947.23,Card,10,2025-02-02,269,Inactive,1,2025-08-14,Delayed
1264,Female,Teenager,Islamabad,2025-01-25,2024-01-19,Subway,Pasta,Dessert,4,1460.82,Wallet,1,2025-06-26,92,Inactive,1,2024-08-30,Delayed
1265,Other,Adult,Lahore,2024-12-02,2024-01-19,McDonald's,Sandwich,Italian,5,1494.35,Cash,9,2025-04-25,61,Active,4,2025-06-03,Delivered
1266,Female,Adult,Peshawar,2024-03-23,2024-01-20,Subway,Pasta,Italian,4,694.79,Card,48,2024-02-10,50,Active,4,2025-05-04,Delivered
1267,Other,Teenager,Peshawar,2023-10-19,2024-01-20,Subway,Pizza,Chinese,3,160.49,Cash,28,2024-12-15,109,Inactive,5,2024-08-31,Delayed
1268,Other,Teenager,Peshawar,2024-08-09,2024-01-20,Subway,Sandwich,Italian,3,952.05,Card,36,2025-06-19,382,Active,5,2024-10-19,Delayed
1269,Male,Teenager,Multan,2023-11-30,2024-01-21,Subway,Pizza,Continental,5,1126.55,Card,27,2025-03-01,448,Inactive,3,2024-11-27,Cancelled
1270,Other,Adult,Karachi,2025-04-21,2024-01-21,McDonald's,Fries,Fast Food,5,790.88,Wallet,13,2025-06-24,190,Active,2,2025-07-06,Delivered
1271,Female,Adult,Lahore,2025-08-06,2024-01-21,McDonald's,Fries,Fast Food,5,774.31,Cash,41,2024-12-30,278,Active,2,2025-03-30,Cancelled
1272,Male,Teenager,Lahore,2024-12-13,2024-01-21,KFC,Pizza,Dessert,1,298.03,Cash,45,2024-09-30,81,Inactive,1,2024-12-27,Delivered
1273,Other,Teenager,Lahore,2024-07-05,2024-01-21,KFC,Pasta,Italian,3,1399.39,Cash,14,2024-12-22,311,Active,4,2025-02-08,Delayed
1274,Female,Teenager,Karachi,2024-06-03,2024-01-22,KFC,Burger,Dessert,3,352.06,Wallet,21,2024-05-09,394,Active,4,2025-09-08,Delayed
1275,Female,Adult,Lahore,2024-02-09,2024-01-22,Subway,Pasta,Fast Food,1,135.58,Card,18,2025-04-26,358,Inactive,3,2025-03-23,Delivered
1276,Other,Teenager,Peshawar,2025-03-22,2024-01-22,KFC,Fries,Fast Food,1,1261.54,Wallet,27,2025-02-18,296,Active,4,2025-08-20,Delivered
1277,Male,Adult,Lahore,2024-12-13,2024-01-22,Burger King,Sandwich,Dessert,3,456.26,Cash,32,2024-10-19,365,Active,5,2025-05-03,Cancelled
1278,Male,Adult,Peshawar,2023-06-09,2024-01-22,Pizza Hut,Pasta,Fast Food,4,1013.39,Card,28,2024-06-11,457,Active,3,2024-08-11,Cancelled
1279,Other,Teenager,Multan,2024-03-09,2024-01-22,Subway,Fries,Italian,5,1311.51,Wallet,27,2025-05-02,75,Active,3,2025-04-13,Cancelled
1280,Male,Teenager,Multan,2024-04-17,2024-01-22,Pizza Hut,Pasta,Chinese,5,380.27,Cash,37,2024-08-25,445,Active,4,2025-04-26,Delayed
1281,Other,Teenager,Lahore,2025-01-04,2024-01-22,Pizza Hut,Pizza,Chinese,1,1239.25,Card,23,2025-01-15,111,Inactive,1,2025-01-30,Cancelled
1282,Male,Senior,Karachi,2024-02-09,2024-01-23,KFC,Pasta,Fast Food,2,1044.36,Cash,8,2025-03-01,144,Inactive,2,2024-11-20,Cancelled
1283,Other,Adult,Karachi,2025-11-02,2024-01-23,McDonald's,Burger,Italian,3,465.92,Wallet,47,2024-10-12,248,Active,1,2024-08-29,Delayed
1284,Other,Teenager,Multan,2024-08-17,2024-01-23,Pizza Hut,Sandwich,Chinese,5,1471.38,Cash,27,2025-05-13,200,Active,2,2025-01-21,Delayed
1285,Female,Senior,Karachi,2023-02-12,2024-01-23,KFC,Pizza,Continental,4,429.31,Cash,10,2025-06-29,15,Inactive,4,2025-06-16,Delivered
1286,Other,Teenager,Peshawar,2023-10-31,2024-01-23,Subway,Pasta,Fast Food,3,776.94,Cash,29,2024-10-10,443,Inactive,5,2025-03-16,Delivered
1287,Other,Teenager,Karachi,2023-09-19,2024-01-23,Pizza Hut,Fries,Dessert,4,1224.6,Card,8,2025-09-07,254,Active,4,2024-11-12,Delivered
1288,Female,Senior,Lahore,2024-03-22,2024-01-23,McDonald's,Sandwich,Chinese,1,265.79,Card,27,2024-11-16,128,Inactive,4,2024-12-21,Cancelled
1289,Other,Teenager,Peshawar,2025-11-04,2024-01-23,Burger King,Sandwich,Chinese,5,1466.08,Wallet,45,2025-05-18,336,Inactive,5,2024-12-09,Delivered
1290,Other,Teenager,Multan,2024-10-30,2024-01-23,McDonald's,Pizza,Chinese,3,381.22,Cash,24,2025-05-01,328,Inactive,3,2025-03-03,Cancelled
1291,Female,Adult,Karachi,2024-07-12,2024-01-23,Burger King,Sandwich,Italian,3,1069.27,Card,6,2025-01-05,268,Inactive,3,2025-04-19,Delivered
1292,Female,Teenager,Islamabad,2024-03-24,2024-01-24,McDonald's,Fries,Fast Food,2,675.1,Card,26,2025-07-16,463,Inactive,2,2024-11-19,Delivered
1293,Female,Adult,Peshawar,2023-09-13,2024-01-24,KFC,Sandwich,Continental,5,364.45,Wallet,10,2025-05-02,339,Inactive,1,2024-09-20,Delivered
1294,Other,Senior,Multan,2025-03-01,2024-01-24,KFC,Pizza,Continental,5,276.85,Cash,7,2024-08-25,114,Inactive,3,2025-03-20,Cancelled
1295,Male,Senior,Islamabad,2024-04-09,2024-01-24,Burger King,Fries,Dessert,2,815.64,Card,6,2024-09-28,328,Active,2,2025-09-05,Cancelled
1296,Male,Senior,Multan,2023-12-20,2024-01-24,Burger King,Burger,Italian,2,580.58,Wallet,46,2025-03-14,343,Active,4,2025-07-18,Cancelled
1297,Other,Teenager,Islamabad,2024-01-18,2024-01-24,KFC,Burger,Continental,5,658.43,Card,26,2024-10-22,99,Active,2,2024-01-12,Cancelled
1298,Other,Teenager,Karachi,2024-04-12,2024-01-24,Pizza Hut,Burger,Dessert,2,591.03,Card,1,2025-04-14,23,Active,1,2025-07-20,Cancelled
1299,Male,Senior,Multan,2023-12-16,2024-01-24,KFC,Sandwich,Fast Food,4,1461.55,Wallet,16,2025-01-17,50,Active,2,2024-10-22,Cancelled
1300,Male,Teenager,Karachi,2023-12-17,2024-01-24,Pizza Hut,Fries,Continental,3,585.86,Card,49,2025-01-18,219,Active,4,2025-01-07,Delayed
1301,Male,Teenager,Multan,2025-04-02,2024-01-25,KFC,Pizza,Dessert,4,1409.75,Wallet,38,2025-05-02,233,Inactive,3,2025-11-08,Delivered
1302,Female,Senior,Multan,2024-06-04,2024-01-25,Pizza Hut,Sandwich,Chinese,1,354.09,Card,13,2025-09-08,85,Active,1,2025-07-18,Cancelled
1303,Male,Teenager,Multan,2025-01-18,2024-01-25,McDonald's,Burger,Italian,3,919.5,Wallet,28,2025-01-01,180,Active,4,2025-03-20,Delayed
1304,Female,Adult,Lahore,2024-10-13,2024-01-25,Subway,Sandwich,Italian,5,1345.32,Wallet,49,2024-12-25,270,Inactive,3,2025-06-20,Cancelled
1305,Other,Senior,Multan,2025-08-03,2024-01-25,Pizza Hut,Fries,Chinese,4,1277.04,Cash,30,2025-06-03,124,Active,4,2025-07-03,Cancelled
1306,Female,Senior,Peshawar,2025-09-06,2024-01-25,Burger King,Pasta,Italian,3,1195.09,Wallet,49,2024-11-30,82,Inactive,3,2024-03-09,Cancelled
1307,Male,Senior,Peshawar,2024-10-17,2024-01-25,Burger King,Fries,Dessert,1,378.48,Cash,21,2024-09-19,80,Active,3,2025-02-16,Delayed
1308,Male,Senior,Peshawar,2024-07-24,2024-01-26,Pizza Hut,Sandwich,Chinese,1,1075.73,Wallet,33,2025-01-24,155,Inactive,1,2025-05-31,Delivered
1309,Other,Teenager,Peshawar,2023-11-15,2024-01-26,McDonald's,Burger,Continental,4,793.48,Cash,8,2024-11-26,58,Active,4,2025-03-07,Delayed
1310,Other,Teenager,Karachi,2024-03-06,2024-01-26,Pizza Hut,Pizza,Chinese,3,1337.76,Card,39,2024-12-28,13,Inactive,2,2024-11-22,Delivered
1311,Other,Teenager,Peshawar,2023-11-15,2024-01-26,KFC,Burger,Fast Food,2,840.56,Wallet,33,2025-06-19,274,Inactive,1,2025-09-06,Delayed
1312,Male,Teenager,Lahore,2024-01-19,2024-01-26,KFC,Sandwich,Chinese,3,1331.21,Card,40,2024-10-19,469,Inactive,1,2024-10-26,Delayed
1313,Female,Teenager,Karachi,2024-10-25,2024-01-26,KFC,Sandwich,Italian,2,1135.77,Card,36,2025-01-23,416,Active,4,2025-01-16,Delayed
1314,Female,Teenager,Karachi,2025-04-06,2024-01-26,McDonald's,Sandwich,Continental,4,764.18,Card,18,2025-04-28,476,Active,5,2024-10-26,Cancelled
1315,Other,Senior,Lahore,2023-09-19,2024-01-26,Subway,Burger,Fast Food,5,400.08,Card,35,2025-06-21,20,Active,1,2024-09-15,Delivered
1316,Male,Senior,Karachi,2024-08-19,2024-01-26,McDonald's,Sandwich,Dessert,3,1433.71,Wallet,11,2025-08-05,217,Inactive,1,2025-06-06,Delayed
1317,Male,Senior,Lahore,2025-06-29,2024-01-27,Burger King,Sandwich,Fast Food,5,677.58,Card,32,2024-12-27,111,Active,3,2024-08-29,Delivered
1318,Female,Senior,Islamabad,2025-08-06,2024-01-27,KFC,Pasta,Chinese,2,1240.12,Wallet,5,2025-06-29,372,Active,2,2025-09-03,Cancelled
1319,Female,Adult,Karachi,2024-09-16,2024-01-27,McDonald's,Burger,Continental,3,661.62,Cash,42,2024-11-17,401,Active,5,2024-11-19,Cancelled
1320,Other,Teenager,Multan,2023-11-18,2024-01-27,KFC,Fries,Fast Food,5,964.26,Cash,35,2025-06-23,364,Inactive,5,2025-06-27,Delivered
1321,Female,Adult,Karachi,2024-01-04,2024-01-27,Burger King,Pasta,Chinese,3,801.26,Card,22,2024-09-17,142,Active,4,2025-04-03,Delivered
1322,Male,Senior,Lahore,2024-07-31,2024-01-27,McDonald's,Burger,Continental,1,456.55,Cash,15,2024-12-18,222,Inactive,5,2024-10-09,Delivered
1323,Male,Adult,Lahore,2023-09-23,2024-01-27,McDonald's,Pasta,Fast Food,5,1188.1,Wallet,10,2024-07-10,349,Inactive,5,2025-01-23,Cancelled
1324,Male,Senior,Karachi,2023-11-12,2024-01-27,Subway,Pizza,Continental,1,910.55,Card,10,2025-04-27,203,Inactive,5,2024-10-22,Cancelled
1325,Other,Senior,Karachi,2024-10-22,2024-01-27,McDonald's,Pizza,Dessert,5,371.56,Cash,48,2025-05-17,311,Inactive,5,2025-09-07,Delivered
1326,Male,Senior,Karachi,2023-02-09,2024-01-28,Burger King,Sandwich,Chinese,3,526.09,Cash,34,2025-04-29,378,Inactive,2,2024-12-26,Delivered
1327,Male,Adult,Karachi,2025-07-22,2024-01-28,Pizza Hut,Pizza,Continental,1,466.7,Cash,41,2025-07-02,131,Active,1,2025-03-27,Delayed
1328,Other,Senior,Karachi,2025-04-26,2024-01-28,Subway,Fries,Chinese,1,1489.11,Cash,46,2025-04-07,141,Active,3,2025-01-03,Delivered
1329,Female,Teenager,Lahore,2025-06-08,2024-01-28,McDonald's,Pasta,Continental,1,111.42,Cash,32,2025-07-14,47,Inactive,1,2024-09-20,Delivered
1330,Female,Senior,Islamabad,2025-07-27,2024-01-28,McDonald's,Sandwich,Chinese,2,234.92,Card,42,2025-11-02,180,Active,1,2024-09-14,Delayed
1331,Female,Senior,Multan,2024-06-07,2024-01-28,KFC,Fries,Dessert,2,1427.82,Card,20,2025-11-02,460,Active,4,2024-09-26,Cancelled
1332,Female,Adult,Lahore,2025-05-13,2024-01-28,KFC,Pizza,Dessert,5,1023.22,Wallet,24,2025-06-23,181,Active,2,2024-11-16,Cancelled
1333,Male,Adult,Lahore,2023-08-26,2024-01-29,Subway,Sandwich,Fast Food,4,1335.08,Wallet,3,2025-04-26,94,Inactive,4,2025-12-08,Delayed
1334,Male,Adult,Islamabad,2024-10-05,2024-01-29,KFC,Pasta,Chinese,2,1367.64,Wallet,22,2025-02-28,159,Active,3,2025-02-21,Delivered
1335,Other,Adult,Islamabad,2024-03-30,2024-01-29,KFC,Fries,Continental,4,571.84,Card,3,2025-12-05,120,Inactive,5,2025-04-27,Delivered
1336,Female,Teenager,Multan,2025-02-17,2024-01-29,KFC,Burger,Dessert,1,986.14,Card,23,2024-11-23,287,Active,3,2025-06-21,Cancelled
1337,Female,Senior,Islamabad,2023-12-27,2024-01-29,McDonald's,Pasta,Italian,2,722.68,Cash,15,2025-02-25,0,Active,4,2025-02-26,Delivered
1338,Female,Senior,Islamabad,2024-01-08,2024-01-29,KFC,Fries,Dessert,2,176.9,Card,1,2024-09-22,134,Inactive,5,2025-01-17,Cancelled
1339,Male,Teenager,Lahore,2024-05-10,2024-01-29,Burger King,Sandwich,Continental,3,1262.56,Card,34,2025-02-16,178,Inactive,1,2024-11-20,Delayed
1340,Female,Senior,Karachi,2025-04-03,2024-01-29,Burger King,Pasta,Continental,5,328.51,Cash,17,2024-09-21,108,Active,1,2025-05-08,Delayed
1341,Female,Senior,Islamabad,2024-09-03,2024-01-29,Pizza Hut,Pasta,Dessert,5,866.88,Cash,48,2024-11-23,229,Inactive,5,2024-09-28,Cancelled
1342,Female,Adult,Islamabad,2025-04-20,2024-01-30,Burger King,Fries,Italian,1,806.81,Cash,50,2025-01-08,311,Active,3,2025-01-13,Delayed
1343,Female,Senior,Peshawar,2024-08-22,2024-01-30,Subway,Burger,Fast Food,3,907.98,Card,23,2025-05-13,302,Active,1,2024-11-14,Cancelled
1344,Female,Senior,Multan,2023-12-31,2024-01-30,McDonald's,Pasta,Fast Food,4,1232.33,Card,5,2025-04-08,19,Inactive,5,2025-05-21,Delivered
1345,Female,Senior,Multan,2023-10-22,2024-01-30,McDonald's,Burger,Dessert,5,418.94,Card,16,2025-01-25,73,Inactive,2,2025-02-18,Delivered
1346,Female,Senior,Karachi,2024-06-12,2024-01-30,KFC,Pizza,Dessert,3,596.24,Wallet,49,2024-11-29,177,Active,4,2025-04-04,Delayed
1347,Female,Adult,Lahore,2023-11-16,2024-01-30,Pizza Hut,Sandwich,Continental,4,342.31,Wallet,46,2025-01-23,276,Active,4,2024-10-26,Delivered
1348,Other,Teenager,Karachi,2023-01-11,2024-01-30,Pizza Hut,Pasta,Continental,4,862.35,Wallet,48,2024-10-23,400,Inactive,2,2024-01-10,Delivered
1349,Female,Teenager,Lahore,2025-07-22,2024-01-30,Subway,Burger,Dessert,4,1330.87,Card,43,2024-04-11,128,Inactive,5,2025-06-05,Delivered
1350,Female,Adult,Islamabad,2024-02-24,2024-01-30,KFC,Pasta,Fast Food,4,456.94,Wallet,48,2025-07-22,42,Active,1,2025-03-01,Delayed
1351,Other,Adult,Islamabad,2023-08-10,2024-01-30,McDonald's,Burger,Italian,2,1130.65,Cash,16,2025-08-13,211,Active,2,2025-09-05,Delayed
1352,Other,Senior,Lahore,2023-10-25,2024-01-30,KFC,Burger,Italian,4,1004.77,Wallet,36,2025-09-06,263,Active,1,2025-08-17,Delivered
1353,Other,Adult,Karachi,2024-08-01,2024-01-31,Subway,Pasta,Chinese,1,763.67,Card,30,2025-07-20,315,Inactive,4,2025-04-26,Delivered
1354,Female,Adult,Peshawar,2024-06-22,2024-01-31,McDonald's,Pizza,Fast Food,4,1427.37,Card,47,2025-05-26,384,Active,3,2025-03-28,Cancelled
1355,Other,Senior,Multan,2025-03-29,2024-01-31,Subway,Burger,Dessert,4,1425.94,Wallet,9,2024-02-11,15,Inactive,3,2024-11-28,Cancelled
1356,Other,Senior,Peshawar,2025-07-04,2024-01-31,McDonald's,Sandwich,Fast Food,5,1482.22,Card,28,2025-05-16,238,Active,1,2024-12-14,Delayed
1357,Other,Senior,Multan,2025-07-26,2024-01-31,Burger King,Burger,Italian,3,909.33,Card,29,2024-11-16,226,Inactive,2,2025-04-17,Cancelled
1358,Other,Senior,Multan,2023-10-19,2024-01-31,KFC,Burger,Fast Food,2,1202.07,Card,5,2024-10-22,242,Active,1,2025-02-21,Delivered
1359,Other,Adult,Karachi,2024-01-06,2024-01-02,Subway,Sandwich,Dessert,4,956.21,Cash,35,2025-01-24,39,Inactive,2,2024-11-20,Delivered
1360,Female,Adult,Karachi,2024-04-16,2024-01-02,Pizza Hut,Sandwich,Fast Food,4,814.0,Cash,34,2025-04-24,280,Inactive,3,2024-08-26,Delivered
1361,Other,Adult,Karachi,2023-08-26,2024-01-02,Subway,Pasta,Chinese,3,1361.64,Wallet,31,2024-10-23,30,Inactive,5,2025-08-14,Cancelled
1362,Male,Teenager,Peshawar,2024-08-15,2024-01-02,KFC,Sandwich,Chinese,3,870.23,Cash,40,2024-09-25,305,Active,2,2025-07-19,Delivered
1363,Male,Senior,Multan,2023-10-27,2024-01-02,Subway,Burger,Dessert,4,296.34,Wallet,12,2025-05-19,196,Active,3,2025-07-19,Delivered
1364,Other,Adult,Peshawar,2024-09-10,2024-01-02,Subway,Pasta,Italian,5,1478.69,Cash,21,2025-07-21,391,Active,1,2025-04-08,Delivered
1365,Male,Senior,Islamabad,2025-04-27,2024-01-02,Burger King,Pasta,Fast Food,1,1290.2,Cash,42,2025-01-06,308,Active,1,2024-10-20,Cancelled
1366,Other,Adult,Karachi,2024-07-01,2024-01-02,McDonald's,Burger,Continental,4,1196.99,Card,32,2024-03-12,252,Active,2,2025-01-30,Cancelled
1367,Male,Teenager,Karachi,2025-08-06,2024-02-02,KFC,Pasta,Dessert,1,1286.55,Cash,4,2025-03-23,454,Active,1,2025-04-26,Delayed
1368,Other,Senior,Peshawar,2024-03-18,2024-02-02,KFC,Burger,Chinese,5,1149.89,Wallet,19,2024-03-09,351,Active,4,2024-05-11,Cancelled
1369,Other,Senior,Multan,2023-04-12,2024-02-02,KFC,Burger,Chinese,3,178.65,Cash,40,2024-01-11,73,Active,4,2025-02-06,Delayed
1370,Other,Teenager,Karachi,2025-11-07,2024-02-02,Burger King,Sandwich,Dessert,5,1464.98,Wallet,30,2024-08-11,382,Inactive,3,2024-12-22,Delivered
1371,Other,Teenager,Peshawar,2024-06-04,2024-02-02,Burger King,Pizza,Italian,3,487.56,Wallet,7,2025-03-18,396,Inactive,3,2024-12-26,Delayed
1372,Female,Teenager,Islamabad,2025-05-15,2024-03-02,Subway,Sandwich,Italian,1,862.82,Wallet,44,2025-03-06,9,Inactive,1,2025-03-20,Delivered
1373,Male,Adult,Lahore,2024-07-09,2024-03-02,Subway,Burger,Italian,3,1061.61,Wallet,48,2025-08-01,410,Inactive,1,2024-09-13,Delivered
1374,Male,Senior,Lahore,2025-07-29,2024-03-02,Burger King,Pizza,Italian,2,1021.84,Cash,12,2024-10-12,331,Inactive,4,2025-01-14,Delayed
1375,Male,Teenager,Peshawar,2025-05-04,2024-03-02,Subway,Pizza,Dessert,2,1046.99,Cash,41,2025-08-02,467,Active,1,2024-12-28,Delayed
1376,Other,Senior,Multan,2024-05-16,2024-04-02,Pizza Hut,Pasta,Fast Food,1,1020.92,Wallet,33,2024-09-16,455,Inactive,4,2024-09-16,Delayed
1377,Female,Teenager,Islamabad,2023-09-15,2024-04-02,KFC,Sandwich,Chinese,4,541.34,Cash,1,2025-06-05,38,Inactive,3,2025-07-16,Delayed
1378,Male,Adult,Multan,2025-04-29,2024-04-02,Subway,Sandwich,Dessert,1,380.52,Wallet,39,2025-02-07,313,Active,1,2025-02-01,Cancelled
1379,Female,Adult,Karachi,2024-07-02,2024-04-02,Burger King,Pasta,Fast Food,5,1157.27,Cash,25,2025-06-22,140,Inactive,1,2025-05-28,Delivered
1380,Female,Adult,Lahore,2023-12-27,2024-04-02,Burger King,Sandwich,Continental,2,811.11,Wallet,35,2024-10-13,202,Inactive,3,2024-09-21,Delayed
1381,Other,Adult,Karachi,2024-08-26,2024-05-02,Pizza Hut,Sandwich,Fast Food,3,1385.57,Card,44,2025-06-26,150,Active,1,2024-12-17,Cancelled
1382,Other,Senior,Karachi,2025-02-27,2024-05-02,McDonald's,Pizza,Chinese,5,973.19,Wallet,37,2025-02-01,371,Inactive,2,2024-09-28,Delivered
1383,Other,Adult,Lahore,2024-02-27,2024-05-02,KFC,Fries,Dessert,5,921.34,Wallet,26,2024-12-25,337,Active,4,2025-06-29,Delivered
1384,Male,Adult,Peshawar,2024-01-11,2024-05-02,Subway,Burger,Dessert,1,961.38,Card,1,2025-06-15,146,Inactive,2,2024-01-12,Cancelled
1385,Other,Teenager,Peshawar,2024-12-12,2024-05-02,Burger King,Burger,Dessert,1,1480.59,Card,40,2025-03-26,250,Active,5,2025-01-27,Delayed
1386,Male,Teenager,Lahore,2025-07-24,2024-05-02,McDonald's,Pizza,Chinese,1,348.41,Cash,48,2024-12-22,120,Inactive,5,2025-01-04,Cancelled
1387,Male,Senior,Lahore,2023-12-10,2024-05-02,McDonald's,Pasta,Chinese,3,366.28,Wallet,13,2025-01-05,234,Inactive,3,2025-05-18,Cancelled
1388,Male,Adult,Islamabad,2025-10-05,2024-05-02,KFC,Burger,Chinese,3,536.49,Wallet,49,2024-03-12,272,Inactive,1,2025-04-14,Delivered
1389,Other,Senior,Peshawar,2025-02-16,2024-06-02,Pizza Hut,Burger,Italian,1,1121.14,Card,39,2024-12-20,31,Active,4,2024-11-27,Delivered
1390,Female,Teenager,Peshawar,2024-04-19,2024-06-02,KFC,Fries,Dessert,4,1020.4,Cash,5,2025-01-27,73,Inactive,5,2024-01-10,Cancelled
1391,Female,Senior,Multan,2025-05-18,2024-06-02,McDonald's,Pizza,Dessert,5,548.59,Wallet,50,2025-11-03,311,Active,5,2025-04-08,Delayed
1392,Female,Adult,Karachi,2023-12-13,2024-06-02,Subway,Pizza,Fast Food,1,1073.18,Wallet,1,2024-04-12,96,Inactive,1,2024-09-23,Delivered
1393,Female,Senior,Islamabad,2024-04-08,2024-06-02,Subway,Fries,Chinese,2,1001.76,Card,1,2024-09-12,115,Active,4,2024-12-27,Delayed
1394,Female,Senior,Islamabad,2024-08-28,2024-06-02,McDonald's,Pizza,Chinese,2,710.01,Wallet,46,2025-09-03,51,Active,2,2024-09-18,Delayed
1395,Female,Adult,Lahore,2024-07-13,2024-06-02,Subway,Pizza,Continental,2,880.6,Cash,22,2024-12-10,215,Active,5,2025-03-20,Delayed
1396,Male,Adult,Peshawar,2024-09-07,2024-06-02,Subway,Pasta,Italian,3,527.78,Card,6,2025-03-27,133,Inactive,5,2025-05-28,Delayed
1397,Male,Adult,Islamabad,2025-01-16,2024-06-02,Burger King,Burger,Dessert,4,252.25,Cash,42,2024-09-23,163,Active,2,2025-03-27,Cancelled
1398,Other,Teenager,Peshawar,2024-04-22,2024-07-02,KFC,Sandwich,Dessert,3,1229.53,Cash,6,2024-10-21,11,Active,4,2025-04-07,Cancelled
1399,Other,Teenager,Peshawar,2023-03-11,2024-07-02,McDonald's,Burger,Chinese,1,776.39,Wallet,11,2025-06-17,112,Inactive,4,2024-12-25,Cancelled
1400,Female,Adult,Peshawar,2024-02-13,2024-07-02,Subway,Fries,Continental,3,474.62,Cash,26,2024-08-29,358,Active,3,2025-03-19,Delayed
1401,Other,Adult,Karachi,2025-04-26,2024-07-02,McDonald's,Pizza,Italian,1,435.08,Card,46,2025-07-26,358,Active,2,2025-08-20,Delayed
1402,Male,Teenager,Peshawar,2025-05-23,2024-07-02,McDonald's,Sandwich,Continental,5,408.29,Wallet,47,2025-03-15,20,Active,2,2024-02-11,Delivered
1403,Male,Teenager,Karachi,2025-08-05,2024-07-02,Burger King,Pizza,Fast Food,3,1494.29,Wallet,17,2025-03-24,495,Inactive,2,2024-09-15,Cancelled
1404,Female,Adult,Peshawar,2025-05-05,2024-07-02,Pizza Hut,Pasta,Fast Food,3,914.81,Wallet,19,2025-01-02,67,Active,1,2025-08-15,Delayed
1405,Other,Teenager,Multan,2025-04-17,2024-08-02,Pizza Hut,Sandwich,Dessert,1,1021.82,Wallet,15,2024-10-25,430,Inactive,2,2025-12-05,Delivered
1406,Other,Adult,Karachi,2024-03-14,2024-08-02,Subway,Fries,Italian,5,1421.13,Card,39,2025-07-27,352,Active,3,2024-10-22,Delayed
1407,Other,Senior,Multan,2025-06-23,2024-08-02,KFC,Fries,Chinese,2,1228.42,Cash,25,2024-10-14,409,Inactive,4,2025-07-14,Delivered
1408,Female,Senior,Karachi,2025-12-05,2024-08-02,McDonald's,Sandwich,Italian,3,748.42,Wallet,3,2024-12-30,462,Inactive,1,2024-09-09,Delayed
1409,Female,Senior,Lahore,2024-07-22,2024-08-02,Burger King,Sandwich,Fast Food,1,730.76,Wallet,34,2024-10-15,479,Active,2,2024-08-21,Cancelled
1410,Other,Adult,Karachi,2024-08-21,2024-08-02,KFC,Pizza,Fast Food,1,938.44,Card,3,2025-03-03,241,Active,5,2024-11-19,Delayed
1411,Other,Senior,Islamabad,2024-07-15,2024-08-02,Subway,Burger,Chinese,3,165.69,Card,22,2024-12-30,236,Active,4,2024-08-10,Delivered
1412,Female,Teenager,Peshawar,2024-10-03,2024-09-02,McDonald's,Fries,Dessert,3,171.95,Cash,25,2025-06-14,215,Active,4,2025-01-24,Delayed
1413,Other,Adult,Islamabad,2024-03-28,2024-09-02,KFC,Burger,Chinese,1,878.99,Wallet,29,2025-07-17,105,Inactive,3,2025-08-05,Cancelled
1414,Female,Senior,Peshawar,2024-06-19,2024-09-02,KFC,Pasta,Dessert,3,646.37,Card,7,2025-05-18,138,Active,1,2025-04-30,Delivered
1415,Other,Adult,Lahore,2025-08-06,2024-09-02,KFC,Burger,Dessert,3,948.43,Wallet,44,2025-01-17,51,Inactive,2,2024-09-13,Delivered
1416,Other,Senior,Karachi,2023-10-16,2024-09-02,Pizza Hut,Burger,Chinese,4,150.64,Cash,45,2025-03-24,367,Active,3,2025-02-21,Delivered
1417,Female,Senior,Multan,2024-10-23,2024-09-02,Subway,Pizza,Italian,4,1088.13,Wallet,44,2024-10-30,63,Inactive,5,2025-10-02,Delayed
1418,Male,Teenager,Islamabad,2024-04-17,2024-09-02,Subway,Pasta,Italian,4,290.88,Cash,21,2025-03-06,458,Inactive,4,2025-01-28,Cancelled
1419,Female,Senior,Peshawar,2025-07-15,2024-10-02,McDonald's,Sandwich,Italian,4,1111.65,Card,42,2025-09-04,130,Inactive,1,2025-07-14,Cancelled
1420,Female,Teenager,Multan,2024-06-13,2024-10-02,McDonald's,Burger,Continental,2,721.57,Wallet,34,2024-11-12,201,Active,1,2025-09-07,Cancelled
1421,Other,Teenager,Peshawar,2024-09-04,2024-10-02,McDonald's,Burger,Chinese,2,318.0,Card,48,2025-06-18,241,Active,5,2024-08-10,Delayed
1422,Male,Teenager,Islamabad,2024-04-18,2024-10-02,Pizza Hut,Burger,Chinese,3,1341.31,Wallet,2,2024-09-17,19,Inactive,1,2025-10-04,Delivered
1423,Other,Adult,Peshawar,2024-07-09,2024-10-02,KFC,Pasta,Italian,1,1258.9,Card,44,2024-05-10,225,Inactive,1,2025-06-16,Cancelled
1424,Female,Senior,Peshawar,2024-12-25,2024-10-02,Pizza Hut,Fries,Fast Food,4,1370.81,Wallet,36,2025-06-03,95,Inactive,1,2024-08-28,Delivered
1425,Male,Senior,Multan,2023-10-19,2024-10-02,McDonald's,Pizza,Italian,1,820.63,Cash,4,2025-09-03,147,Active,4,2024-12-14,Delayed
1426,Male,Adult,Multan,2024-08-08,2024-10-02,McDonald's,Sandwich,Continental,3,455.0,Card,45,2025-03-18,403,Active,5,2025-08-15,Cancelled
1427,Other,Senior,Peshawar,2024-04-29,2024-11-02,KFC,Burger,Continental,2,716.66,Wallet,12,2025-08-01,187,Inactive,5,2024-10-12,Cancelled
1428,Female,Adult,Peshawar,2023-12-10,2024-11-02,McDonald's,Burger,Chinese,5,1247.58,Wallet,16,2024-08-25,442,Inactive,3,2024-09-30,Delivered
1429,Female,Teenager,Peshawar,2024-06-19,2024-11-02,Burger King,Sandwich,Continental,3,386.59,Card,24,2024-11-13,468,Active,2,2024-06-10,Delivered
1430,Other,Senior,Karachi,2024-06-28,2024-11-02,McDonald's,Pizza,Continental,4,1449.23,Card,41,2025-05-29,257,Inactive,2,2024-10-25,Delayed
1431,Female,Teenager,Peshawar,2024-02-16,2024-11-02,Subway,Sandwich,Continental,4,412.31,Card,14,2025-01-07,18,Active,2,2024-12-19,Delayed
1432,Female,Senior,Multan,2024-05-23,2024-11-02,Pizza Hut,Sandwich,Dessert,1,1250.97,Cash,16,2025-04-06,30,Inactive,3,2025-06-24,Delayed
1433,Male,Senior,Karachi,2023-10-09,2024-11-02,Burger King,Sandwich,Chinese,1,985.03,Wallet,43,2024-09-29,344,Inactive,1,2024-09-25,Cancelled
1434,Male,Teenager,Peshawar,2023-08-27,2024-11-02,Burger King,Burger,Dessert,3,1283.92,Cash,13,2024-08-09,244,Inactive,2,2024-12-17,Delayed
1435,Female,Adult,Karachi,2024-03-15,2024-11-02,Subway,Sandwich,Continental,5,1104.92,Cash,11,2025-07-14,404,Active,2,2024-08-24,Delivered
1436,Other,Teenager,Islamabad,2024-04-18,2024-11-02,Burger King,Sandwich,Dessert,4,1392.57,Card,18,2025-07-05,47,Active,1,2024-10-11,Cancelled
1437,Male,Adult,Islamabad,2025-06-18,2024-12-02,Burger King,Fries,Dessert,3,1360.89,Cash,5,2025-08-20,227,Active,1,2024-08-27,Cancelled
1438,Male,Senior,Islamabad,2025-04-19,2024-12-02,Pizza Hut,Fries,Italian,5,377.25,Card,9,2025-05-13,422,Active,1,2024-08-12,Delayed
1439,Other,Teenager,Lahore,2024-11-07,2024-12-02,McDonald's,Pasta,Dessert,5,289.61,Cash,7,2025-06-18,116,Inactive,3,2024-04-09,Delayed
1440,Female,Senior,Peshawar,2025-05-04,2024-12-02,KFC,Pizza,Italian,1,659.93,Wallet,16,2025-04-27,113,Active,4,2025-05-25,Delivered
1441,Male,Teenager,Lahore,2024-09-27,2024-12-02,KFC,Sandwich,Italian,2,967.79,Cash,41,2024-11-10,412,Inactive,4,2025-06-25,Cancelled
1442,Other,Senior,Islamabad,2024-01-17,2024-02-13,Burger King,Pizza,Continental,3,171.93,Card,16,2025-03-20,129,Active,4,2024-08-29,Delayed
1443,Other,Senior,Peshawar,2024-05-17,2024-02-13,KFC,Fries,Fast Food,5,631.61,Card,25,2025-02-25,34,Active,5,2024-08-25,Delivered
1444,Other,Teenager,Islamabad,2024-07-20,2024-02-13,Burger King,Burger,Continental,3,427.8,Card,20,2025-03-19,11,Active,2,2025-02-28,Delivered
1445,Female,Adult,Karachi,2024-01-28,2024-02-14,Subway,Sandwich,Dessert,5,344.8,Cash,7,2025-02-03,400,Active,4,2024-10-21,Delivered
1446,Male,Adult,Peshawar,2024-02-20,2024-02-14,Subway,Burger,Fast Food,1,1370.46,Wallet,15,2025-05-25,59,Inactive,4,2024-02-09,Cancelled
1447,Male,Adult,Lahore,2024-08-23,2024-02-14,KFC,Fries,Dessert,1,291.03,Wallet,42,2025-06-25,205,Inactive,4,2024-01-12,Delayed
1448,Female,Adult,Islamabad,2025-10-04,2024-02-14,McDonald's,Fries,Chinese,4,1215.7,Wallet,2,2025-07-08,298,Active,5,2024-09-24,Delayed
1449,Other,Senior,Islamabad,2025-12-05,2024-02-14,KFC,Burger,Fast Food,2,1271.3,Wallet,3,2025-02-01,300,Active,1,2025-08-04,Cancelled
1450,Other,Teenager,Lahore,2024-10-08,2024-02-15,Subway,Sandwich,Chinese,4,347.46,Wallet,37,2024-11-26,74,Inactive,3,2025-03-17,Delivered
1451,Male,Teenager,Multan,2024-08-23,2024-02-15,Burger King,Sandwich,Chinese,1,729.97,Wallet,5,2025-07-16,472,Active,4,2024-10-12,Delivered
1452,Female,Teenager,Karachi,2024-12-15,2024-02-15,KFC,Fries,Fast Food,5,1493.07,Cash,14,2025-02-13,423,Active,4,2025-05-17,Cancelled
1453,Female,Senior,Karachi,2024-12-28,2024-02-15,KFC,Fries,Chinese,5,695.51,Wallet,27,2025-03-23,227,Inactive,3,2025-05-24,Cancelled
1454,Other,Adult,Karachi,2025-07-17,2024-02-15,Burger King,Fries,Chinese,2,420.11,Card,15,2024-07-11,281,Inactive,1,2024-08-31,Delayed
1455,Other,Senior,Peshawar,2024-10-31,2024-02-15,KFC,Burger,Fast Food,5,527.23,Cash,16,2025-10-03,256,Inactive,4,2025-02-27,Delayed
1456,Female,Senior,Islamabad,2025-11-06,2024-02-15,Pizza Hut,Pasta,Dessert,5,784.74,Wallet,22,2024-11-14,425,Active,1,2024-05-10,Delivered
1457,Female,Teenager,Multan,2023-09-24,2024-02-15,KFC,Burger,Chinese,4,1298.75,Card,28,2024-09-22,285,Active,1,2025-07-07,Delivered
1458,Other,Teenager,Multan,2024-07-05,2024-02-16,KFC,Fries,Continental,1,298.83,Card,23,2024-10-15,275,Active,1,2025-06-02,Cancelled
1459,Male,Teenager,Lahore,2024-12-24,2024-02-16,KFC,Pasta,Italian,5,848.34,Card,12,2025-06-20,283,Inactive,3,2025-04-02,Delayed
1460,Male,Senior,Multan,2023-09-30,2024-02-16,McDonald's,Sandwich,Fast Food,2,1114.25,Cash,47,2025-03-30,60,Active,4,2025-05-25,Cancelled
1461,Other,Adult,Peshawar,2025-01-26,2024-02-16,Burger King,Pizza,Italian,3,807.34,Card,11,2025-07-22,44,Inactive,1,2025-05-17,Delivered
1462,Male,Teenager,Islamabad,2023-11-15,2024-02-16,Burger King,Pizza,Fast Food,1,133.44,Cash,16,2025-09-03,142,Active,2,2025-02-16,Cancelled
1463,Other,Teenager,Karachi,2024-05-03,2024-02-16,KFC,Burger,Italian,2,178.97,Cash,21,2025-02-20,322,Inactive,1,2024-02-12,Delayed
1464,Female,Teenager,Karachi,2025-03-07,2024-02-16,KFC,Sandwich,Italian,2,893.7,Wallet,33,2025-02-20,245,Active,1,2024-02-11,Delayed
1465,Male,Adult,Islamabad,2024-12-22,2024-02-17,Pizza Hut,Fries,Chinese,4,1180.26,Cash,33,2024-10-25,456,Inactive,2,2025-07-26,Delayed
1466,Male,Senior,Multan,2025-06-27,2024-02-17,Pizza Hut,Burger,Fast Food,5,701.73,Wallet,24,2025-01-16,394,Active,3,2025-11-08,Delayed
1467,Other,Adult,Peshawar,2024-03-25,2024-02-17,Pizza Hut,Pizza,Continental,5,1213.36,Cash,43,2025-05-28,439,Inactive,1,2024-03-11,Cancelled
1468,Female,Teenager,Karachi,2024-11-20,2024-02-17,McDonald's,Fries,Dessert,2,865.17,Card,8,2025-04-07,374,Inactive,3,2024-10-15,Delayed
1469,Female,Senior,Islamabad,2023-10-29,2024-02-17,McDonald's,Sandwich,Dessert,3,386.38,Wallet,37,2025-06-28,257,Inactive,3,2024-11-17,Cancelled
1470,Female,Senior,Karachi,2024-03-10,2024-02-17,Pizza Hut,Sandwich,Dessert,1,988.94,Cash,49,2024-07-12,443,Active,3,2024-11-28,Cancelled
1471,Other,Teenager,Multan,2024-08-03,2024-02-17,Subway,Fries,Continental,4,1106.76,Wallet,20,2025-11-06,368,Active,3,2024-09-30,Delivered
1472,Female,Teenager,Islamabad,2025-06-17,2024-02-17,Burger King,Sandwich,Fast Food,2,966.63,Card,18,2024-11-28,461,Inactive,4,2024-11-23,Delayed
1473,Other,Senior,Islamabad,2024-09-08,2024-02-18,Subway,Fries,Chinese,2,1273.83,Wallet,23,2025-01-19,474,Inactive,5,2025-09-03,Cancelled
1474,Male,Senior,Islamabad,2024-12-02,2024-02-18,Burger King,Pasta,Continental,1,538.38,Wallet,19,2024-08-22,208,Inactive,2,2025-02-01,Delivered
1475,Other,Senior,Peshawar,2024-05-10,2024-02-18,Subway,Pasta,Dessert,5,684.65,Cash,23,2025-08-04,487,Active,4,2024-09-19,Cancelled
1476,Other,Adult,Peshawar,2025-03-05,2024-02-18,McDonald's,Pizza,Chinese,4,181.27,Cash,47,2024-01-09,230,Active,1,2024-08-11,Cancelled
1477,Female,Senior,Karachi,2024-08-12,2024-02-18,Burger King,Burger,Fast Food,1,861.14,Cash,46,2025-06-17,15,Active,1,2025-11-06,Delivered
1478,Other,Teenager,Lahore,2024-02-02,2024-02-18,Pizza Hut,Burger,Chinese,5,995.46,Wallet,8,2025-03-13,112,Inactive,3,2025-05-29,Delivered
1479,Other,Adult,Karachi,2024-05-18,2024-02-18,McDonald's,Sandwich,Fast Food,4,1074.34,Wallet,35,2024-10-26,225,Active,4,2025-01-01,Cancelled
1480,Male,Adult,Lahore,2025-06-25,2024-02-18,KFC,Pasta,Dessert,3,643.9,Card,15,2025-08-18,310,Inactive,5,2024-02-10,Delivered
1481,Other,Teenager,Lahore,2024-03-12,2024-02-18,Burger King,Pasta,Continental,5,596.16,Wallet,49,2024-12-14,136,Inactive,3,2025-08-03,Cancelled
1482,Male,Senior,Lahore,2024-07-29,2024-02-18,KFC,Sandwich,Fast Food,3,486.63,Cash,49,2024-12-28,94,Inactive,1,2025-02-19,Delayed
1483,Other,Senior,Karachi,2024-03-16,2024-02-19,Pizza Hut,Fries,Dessert,5,478.06,Wallet,25,2025-03-07,390,Inactive,1,2025-03-01,Cancelled
1484,Male,Senior,Islamabad,2025-11-07,2024-02-19,Subway,Pasta,Dessert,3,515.17,Cash,20,2025-10-08,450,Inactive,3,2025-01-27,Delivered
1485,Female,Senior,Lahore,2025-08-14,2024-02-19,Pizza Hut,Fries,Italian,2,962.39,Wallet,1,2025-01-07,273,Active,1,2025-04-26,Cancelled
1486,Other,Teenager,Islamabad,2024-06-24,2024-02-19,KFC,Fries,Italian,3,1456.01,Card,42,2024-04-11,404,Active,4,2025-01-21,Delayed
1487,Male,Senior,Multan,2024-09-27,2024-02-19,McDonald's,Burger,Fast Food,3,298.73,Cash,17,2024-12-28,28,Inactive,5,2025-03-07,Delayed
1488,Male,Senior,Peshawar,2024-04-30,2024-02-19,Burger King,Burger,Continental,3,1276.38,Cash,34,2024-01-09,286,Active,1,2025-05-16,Delayed
1489,Other,Adult,Peshawar,2024-07-21,2024-02-19,Pizza Hut,Burger,Chinese,4,469.71,Card,1,2024-10-24,156,Active,5,2024-11-23,Cancelled
1490,Female,Senior,Lahore,2024-09-17,2024-02-20,Burger King,Sandwich,Chinese,2,793.77,Wallet,19,2024-11-09,56,Inactive,5,2025-05-23,Delayed
1491,Male,Teenager,Multan,2023-09-18,2024-02-20,KFC,Burger,Dessert,2,1287.98,Cash,17,2025-11-01,392,Active,5,2025-06-25,Delivered
1492,Male,Adult,Peshawar,2025-03-16,2024-02-20,Subway,Sandwich,Continental,3,1046.16,Wallet,2,2024-08-21,435,Active,5,2024-06-11,Delayed
1493,Female,Teenager,Lahore,2025-04-02,2024-02-20,Pizza Hut,Sandwich,Chinese,3,599.97,Wallet,33,2024-10-26,320,Active,4,2025-06-05,Delivered
1494,Male,Adult,Peshawar,2024-02-16,2024-02-20,Subway,Pasta,Continental,2,235.82,Card,11,2024-12-20,40,Inactive,5,2025-10-07,Cancelled
1495,Female,Teenager,Peshawar,2024-01-19,2024-02-20,McDonald's,Fries,Chinese,5,498.84,Cash,24,2024-11-19,111,Inactive,2,2024-09-09,Delivered
1496,Other,Adult,Peshawar,2024-03-30,2024-02-20,Pizza Hut,Pizza,Fast Food,3,998.71,Card,16,2025-06-02,317,Inactive,5,2025-06-18,Delayed
1497,Male,Teenager,Multan,2024-12-22,2024-02-20,KFC,Burger,Continental,1,478.34,Card,9,2025-02-08,252,Inactive,3,2024-01-09,Cancelled
1498,Other,Adult,Karachi,2024-10-01,2024-02-21,Burger King,Pasta,Dessert,2,113.28,Wallet,16,2025-06-02,141,Active,3,2025-05-04,Cancelled
1499,Female,Adult,Lahore,2024-04-14,2024-02-21,Subway,Pizza,Dessert,1,342.45,Card,11,2025-03-28,164,Active,4,2025-06-18,Delayed
1500,Female,Teenager,Multan,2025-03-08,2024-02-21,McDonald's,Fries,Chinese,1,854.74,Cash,40,2025-02-25,280,Inactive,4,2024-09-12,Cancelled
1501,Male,Senior,Peshawar,2024-05-01,2024-02-21,Pizza Hut,Fries,Continental,5,1363.97,Cash,30,2024-12-28,71,Inactive,3,2024-03-11,Cancelled
1502,Male,Teenager,Lahore,2024-10-01,2024-02-21,McDonald's,Pizza,Continental,1,546.03,Cash,41,2025-01-15,478,Active,4,2025-07-18,Delayed
1503,Female,Teenager,Lahore,2025-06-28,2024-02-21,KFC,Burger,Continental,2,276.6,Card,7,2025-04-30,85,Active,3,2025-11-08,Delayed
1504,Male,Adult,Peshawar,2024-09-01,2024-02-21,McDonald's,Fries,Fast Food,3,1378.28,Cash,50,2025-06-20,107,Inactive,2,2025-07-15,Cancelled
1505,Male,Teenager,Lahore,2024-11-28,2024-02-21,Subway,Pasta,Fast Food,1,218.31,Wallet,20,2025-09-08,84,Inactive,4,2025-04-24,Delivered
1506,Female,Senior,Multan,2025-04-05,2024-02-21,Pizza Hut,Pasta,Continental,2,1484.97,Cash,3,2025-03-03,323,Inactive,4,2024-11-21,Delayed
1507,Other,Senior,Peshawar,2024-07-03,2024-02-22,Burger King,Pizza,Continental,4,813.63,Cash,36,2025-04-03,51,Inactive,4,2025-03-21,Delivered
1508,Other,Senior,Islamabad,2025-02-22,2024-02-22,Burger King,Sandwich,Italian,2,522.4,Cash,11,2024-09-18,47,Active,5,2024-04-10,Delivered
1509,Female,Senior,Peshawar,2024-01-24,2024-02-22,KFC,Fries,Fast Food,1,420.14,Card,14,2024-06-12,265,Inactive,2,2024-10-19,Delayed
1510,Female,Teenager,Multan,2024-05-31,2024-02-22,Subway,Burger,Chinese,3,1100.63,Cash,29,2024-08-12,412,Active,4,2025-05-21,Cancelled
1511,Female,Teenager,Islamabad,2024-09-20,2024-02-22,KFC,Sandwich,Dessert,1,1338.35,Wallet,3,2024-10-16,490,Active,3,2025-06-05,Cancelled
1512,Other,Teenager,Peshawar,2024-12-31,2024-02-22,McDonald's,Fries,Chinese,3,1026.94,Card,1,2025-09-02,419,Inactive,4,2025-08-06,Cancelled
1513,Male,Adult,Islamabad,2023-07-11,2024-02-22,Subway,Pizza,Italian,2,864.72,Wallet,8,2025-07-20,195,Active,3,2024-10-30,Delivered
1514,Other,Adult,Islamabad,2023-10-20,2024-02-22,Pizza Hut,Pasta,Continental,3,805.19,Card,43,2024-01-09,261,Active,1,2024-09-15,Delivered
1515,Other,Adult,Multan,2023-11-16,2024-02-22,KFC,Pasta,Fast Food,3,1293.84,Cash,33,2024-01-12,198,Active,4,2025-12-03,Delayed
1516,Other,Senior,Multan,2025-05-16,2024-02-23,Subway,Sandwich,Chinese,5,280.5,Cash,19,2025-04-13,144,Inactive,3,2024-12-12,Delivered
1517,Female,Senior,Lahore,2025-01-26,2024-02-23,Subway,Fries,Fast Food,2,284.58,Cash,49,2025-05-21,38,Inactive,2,2024-08-25,Delayed
1518,Female,Teenager,Islamabad,2024-10-06,2024-02-23,Pizza Hut,Fries,Continental,5,644.46,Wallet,4,2025-04-13,467,Inactive,5,2025-12-03,Delayed
1519,Female,Senior,Lahore,2024-12-13,2024-02-23,McDonald's,Fries,Fast Food,3,166.57,Card,14,2024-11-11,18,Active,5,2025-07-27,Delayed
1520,Other,Senior,Lahore,2025-03-20,2024-02-23,Subway,Pizza,Italian,3,1389.12,Wallet,44,2025-03-26,144,Inactive,1,2024-09-09,Delayed
1521,Male,Teenager,Karachi,2025-02-17,2024-02-23,KFC,Fries,Dessert,2,186.86,Cash,36,2024-09-30,326,Inactive,2,2025-03-29,Delayed
1522,Female,Senior,Peshawar,2024-11-05,2024-02-23,KFC,Sandwich,Italian,2,663.82,Wallet,11,2025-11-08,283,Active,3,2025-04-06,Delivered
1523,Female,Teenager,Multan,2023-08-30,2024-02-23,Burger King,Fries,Fast Food,2,488.08,Card,21,2024-10-12,21,Inactive,3,2025-03-14,Delivered
1524,Female,Teenager,Karachi,2023-06-11,2024-02-23,KFC,Pizza,Dessert,2,847.31,Card,1,2024-12-21,189,Active,3,2025-04-02,Cancelled
1525,Male,Senior,Islamabad,2023-11-26,2024-02-24,McDonald's,Pasta,Dessert,1,689.33,Card,6,2025-06-13,376,Active,2,2024-08-29,Delayed
1526,Other,Teenager,Peshawar,2024-07-29,2024-02-24,Burger King,Pasta,Dessert,3,1190.25,Wallet,14,2025-04-03,63,Active,3,2025-03-27,Cancelled
1527,Male,Adult,Karachi,2024-03-29,2024-02-24,Burger King,Pasta,Italian,1,1241.56,Card,38,2025-02-01,148,Active,1,2025-08-06,Delayed
1528,Male,Teenager,Karachi,2025-04-24,2024-02-24,Subway,Pasta,Chinese,3,291.42,Cash,18,2024-11-27,105,Inactive,4,2024-08-21,Cancelled
1529,Female,Teenager,Multan,2025-05-15,2024-02-24,McDonald's,Sandwich,Fast Food,3,369.79,Card,42,2025-07-14,47,Inactive,2,2025-04-02,Delivered
1530,Other,Teenager,Islamabad,2024-03-06,2024-02-24,McDonald's,Sandwich,Dessert,1,740.6,Card,12,2025-02-07,52,Inactive,5,2025-04-16,Delayed
1531,Male,Teenager,Peshawar,2023-10-18,2024-02-24,Pizza Hut,Pasta,Chinese,3,834.92,Cash,12,2025-06-07,115,Inactive,1,2025-07-30,Cancelled
1532,Male,Adult,Karachi,2025-02-24,2024-02-24,Pizza Hut,Pasta,Chinese,5,154.51,Wallet,50,2025-07-22,421,Active,5,2024-12-31,Cancelled
1533,Other,Adult,Peshawar,2024-03-20,2024-02-24,Subway,Sandwich,Dessert,5,256.63,Wallet,30,2025-02-03,236,Inactive,3,2025-09-05,Delayed
1534,Other,Senior,Peshawar,2024-02-02,2024-02-24,Pizza Hut,Pasta,Italian,3,209.21,Cash,26,2025-06-13,203,Active,5,2024-11-17,Delivered
1535,Male,Senior,Islamabad,2023-10-20,2024-02-24,Subway,Burger,Chinese,1,624.23,Wallet,19,2025-11-05,214,Active,4,2025-05-25,Delivered
1536,Other,Teenager,Karachi,2024-06-25,2024-02-24,Burger King,Fries,Fast Food,2,970.41,Cash,24,2024-08-12,478,Inactive,1,2025-06-03,Delayed
1537,Male,Senior,Karachi,2023-06-10,2024-02-24,KFC,Burger,Italian,5,1229.12,Cash,17,2025-01-26,361,Inactive,2,2024-10-11,Delivered
1538,Female,Teenager,Islamabad,2023-12-30,2024-02-24,KFC,Pizza,Continental,3,136.43,Card,20,2025-04-18,474,Inactive,2,2025-12-08,Delivered
1539,Male,Teenager,Peshawar,2025-01-03,2024-02-24,McDonald's,Pizza,Fast Food,3,292.57,Wallet,36,2025-05-21,167,Inactive,4,2024-12-12,Delivered
1540,Female,Adult,Karachi,2024-08-22,2024-02-25,Subway,Pizza,Continental,1,646.95,Cash,23,2025-08-06,473,Active,1,2025-01-18,Cancelled
1541,Female,Teenager,Peshawar,2024-08-05,2024-02-25,McDonald's,Pizza,Continental,3,1174.4,Wallet,41,2024-01-12,82,Active,3,2024-12-13,Delayed
1542,Male,Senior,Peshawar,2024-06-21,2024-02-25,Pizza Hut,Sandwich,Italian,1,1444.27,Cash,12,2025-01-26,144,Inactive,5,2024-09-23,Delivered
1543,Other,Adult,Multan,2024-07-08,2024-02-25,KFC,Pizza,Italian,2,908.07,Cash,13,2024-10-23,223,Active,2,2024-09-18,Delayed
1544,Male,Adult,Karachi,2024-10-15,2024-02-25,Subway,Burger,Fast Food,5,1089.43,Card,37,2024-11-28,265,Inactive,4,2025-04-26,Delivered
1545,Other,Adult,Karachi,2024-09-02,2024-02-25,KFC,Sandwich,Italian,2,951.54,Card,24,2025-02-08,101,Active,3,2024-12-12,Delivered
1546,Other,Senior,Multan,2024-06-21,2024-02-25,Subway,Fries,Fast Food,1,1275.47,Card,41,2025-06-21,236,Inactive,5,2025-02-26,Delayed
1547,Other,Adult,Lahore,2024-08-13,2024-02-25,KFC,Sandwich,Chinese,1,445.08,Cash,41,2024-02-09,453,Active,2,2025-04-08,Delivered
1548,Female,Adult,Karachi,2024-08-28,2024-02-25,Burger King,Burger,Italian,4,397.36,Wallet,25,2024-09-20,439,Active,4,2024-12-18,Delayed
1549,Female,Adult,Lahore,2023-03-11,2024-02-25,Burger King,Burger,Dessert,4,969.25,Wallet,32,2025-02-26,290,Active,5,2025-06-23,Cancelled
1550,Male,Senior,Multan,2025-07-29,2024-02-25,Pizza Hut,Fries,Dessert,4,563.63,Card,8,2024-11-15,373,Inactive,5,2025-08-15,Delivered
1551,Male,Adult,Peshawar,2023-01-12,2024-02-26,McDonald's,Fries,Continental,5,992.08,Wallet,12,2025-06-21,302,Active,2,2024-10-23,Delayed
1552,Other,Teenager,Karachi,2025-12-03,2024-02-26,Pizza Hut,Pizza,Fast Food,3,1474.62,Wallet,41,2025-01-26,267,Inactive,3,2025-04-04,Delivered
1553,Female,Adult,Karachi,2024-09-23,2024-02-26,Subway,Pasta,Chinese,2,283.32,Cash,30,2024-11-24,91,Active,4,2024-02-09,Cancelled
1554,Male,Senior,Karachi,2024-04-10,2024-02-26,KFC,Pizza,Italian,5,268.8,Cash,5,2024-12-13,357,Active,1,2025-04-28,Cancelled
1555,Other,Teenager,Islamabad,2024-07-25,2024-02-26,Subway,Pasta,Italian,1,1367.43,Wallet,13,2025-01-06,203,Active,4,2024-03-12,Delivered
1556,Other,Adult,Islamabad,2024-03-20,2024-02-26,KFC,Fries,Dessert,1,220.06,Card,49,2024-09-20,415,Active,4,2025-05-05,Delivered
1557,Female,Senior,Lahore,2023-11-25,2024-02-26,KFC,Sandwich,Chinese,2,406.51,Cash,40,2024-12-29,431,Inactive,3,2025-08-14,Delivered
1558,Female,Teenager,Islamabad,2024-05-15,2024-02-27,Pizza Hut,Fries,Continental,2,224.43,Wallet,10,2025-07-01,401,Active,4,2024-08-09,Delayed
1559,Female,Teenager,Peshawar,2024-08-03,2024-02-27,Pizza Hut,Sandwich,Fast Food,2,886.92,Cash,40,2025-05-29,137,Active,4,2025-12-04,Delayed
1560,Female,Teenager,Lahore,2024-11-20,2024-02-27,Pizza Hut,Sandwich,Chinese,3,1034.14,Cash,34,2024-09-25,12,Active,2,2025-03-25,Cancelled
1561,Other,Senior,Lahore,2024-07-02,2024-02-27,McDonald's,Fries,Continental,2,678.96,Card,44,2024-12-26,310,Active,5,2025-07-27,Delivered
1562,Other,Senior,Islamabad,2024-12-20,2024-02-27,KFC,Fries,Italian,2,442.5,Wallet,32,2025-06-29,322,Inactive,2,2025-10-07,Delivered
1563,Other,Teenager,Lahore,2024-04-04,2024-02-27,Burger King,Sandwich,Dessert,3,1292.95,Wallet,28,2025-10-06,51,Active,4,2025-03-21,Delayed
1564,Female,Adult,Karachi,2025-05-27,2024-02-27,Pizza Hut,Fries,Dessert,1,399.92,Cash,48,2024-05-12,5,Active,2,2024-10-21,Delivered
1565,Male,Adult,Islamabad,2025-07-25,2024-02-27,Burger King,Fries,Italian,5,1362.79,Card,9,2025-07-21,405,Inactive,5,2024-09-30,Delayed
1566,Male,Teenager,Lahore,2024-10-12,2024-02-27,Burger King,Pizza,Fast Food,4,122.41,Wallet,40,2025-07-02,15,Inactive,2,2025-06-20,Cancelled
1567,Other,Teenager,Multan,2024-03-03,2024-02-27,KFC,Pasta,Dessert,2,1349.84,Cash,7,2025-05-22,77,Inactive,4,2025-07-28,Delivered
1568,Other,Adult,Peshawar,2025-04-02,2024-02-27,Pizza Hut,Pizza,Continental,5,467.4,Wallet,4,2025-07-28,343,Active,2,2024-06-11,Delayed
1569,Female,Adult,Karachi,2024-02-28,2024-02-28,Subway,Burger,Italian,3,843.85,Cash,34,2024-11-26,391,Active,5,2024-09-26,Delayed
1570,Male,Adult,Multan,2023-10-30,2024-02-28,McDonald's,Burger,Chinese,2,495.99,Card,9,2025-10-08,477,Active,1,2025-01-25,Delayed
1571,Male,Adult,Multan,2024-12-30,2024-02-28,Pizza Hut,Burger,Continental,1,122.84,Wallet,31,2025-06-17,456,Inactive,1,2025-08-21,Delivered
1572,Other,Senior,Multan,2025-02-04,2024-02-28,McDonald's,Sandwich,Dessert,1,903.28,Cash,4,2025-05-19,352,Inactive,2,2025-07-22,Delayed
1573,Other,Adult,Peshawar,2023-09-24,2024-02-28,Burger King,Burger,Chinese,3,565.17,Card,23,2024-12-31,181,Inactive,3,2024-10-24,Delayed
1574,Female,Senior,Islamabad,2025-08-07,2024-02-29,KFC,Sandwich,Fast Food,2,731.58,Cash,2,2025-12-05,87,Inactive,3,2025-03-03,Cancelled
1575,Other,Teenager,Peshawar,2024-04-22,2024-02-29,KFC,Pizza,Chinese,5,231.2,Wallet,43,2025-05-24,125,Inactive,3,2025-04-08,Delivered
1576,Male,Senior,Karachi,2024-07-10,2024-02-29,KFC,Burger,Dessert,3,505.66,Wallet,8,2024-01-09,354,Inactive,1,2024-12-11,Delivered
1577,Male,Adult,Karachi,2024-04-08,2024-02-29,Pizza Hut,Sandwich,Italian,4,1350.29,Wallet,44,2024-01-11,148,Inactive,3,2025-05-19,Delivered
1578,Other,Teenager,Peshawar,2025-06-06,2024-02-29,Pizza Hut,Burger,Italian,2,381.5,Cash,39,2025-04-06,114,Active,4,2025-01-25,Delayed
1579,Other,Senior,Karachi,2025-02-20,2024-02-29,KFC,Sandwich,Chinese,3,697.93,Wallet,17,2025-01-25,89,Inactive,4,2025-07-19,Delivered
1580,Female,Adult,Peshawar,2025-07-21,2024-02-29,McDonald's,Sandwich,Italian,3,769.88,Card,22,2024-11-21,433,Inactive,2,2025-02-03,Delayed
1581,Female,Adult,Lahore,2023-01-10,2024-02-29,Burger King,Pasta,Chinese,1,1225.02,Cash,14,2024-08-26,484,Active,3,2024-10-28,Delivered
1582,Other,Teenager,Multan,2023-09-18,2024-02-29,Subway,Sandwich,Fast Food,2,1197.86,Cash,16,2025-04-16,195,Inactive,1,2024-09-10,Delivered
1583,Other,Senior,Lahore,2023-11-19,2024-02-29,Subway,Burger,Fast Food,4,326.98,Card,17,2025-11-06,47,Active,3,2025-06-15,Delayed
1584,Female,Teenager,Lahore,2024-12-06,2024-01-03,Pizza Hut,Burger,Chinese,4,787.43,Wallet,28,2024-12-23,17,Inactive,3,2025-04-15,Cancelled
1585,Other,Teenager,Lahore,2025-03-16,2024-01-03,McDonald's,Burger,Chinese,2,496.55,Wallet,1,2025-06-07,224,Active,5,2025-04-22,Delayed
1586,Female,Adult,Multan,2025-01-26,2024-01-03,KFC,Pizza,Continental,4,292.94,Cash,11,2025-05-16,306,Active,5,2025-01-03,Delivered
1587,Male,Teenager,Islamabad,2025-11-02,2024-01-03,KFC,Pizza,Continental,5,1123.74,Wallet,48,2025-01-03,400,Active,5,2025-07-16,Delivered
1588,Male,Senior,Peshawar,2025-04-28,2024-01-03,Pizza Hut,Sandwich,Italian,5,909.62,Cash,6,2025-11-01,385,Active,1,2025-02-16,Cancelled
1589,Male,Adult,Islamabad,2023-09-27,2024-02-03,Pizza Hut,Sandwich,Dessert,1,1461.24,Card,22,2025-01-30,155,Inactive,3,2024-09-27,Delivered
1590,Male,Teenager,Multan,2025-07-16,2024-02-03,Subway,Fries,Fast Food,1,119.17,Wallet,33,2025-02-06,400,Inactive,3,2025-01-13,Delayed
1591,Other,Teenager,Multan,2025-01-20,2024-02-03,McDonald's,Pasta,Italian,2,333.04,Card,46,2024-10-27,252,Active,3,2025-05-03,Delivered
1592,Female,Senior,Multan,2024-11-07,2024-02-03,Pizza Hut,Pasta,Italian,1,1056.72,Wallet,30,2025-03-23,152,Inactive,3,2024-12-30,Delivered
1593,Female,Adult,Multan,2024-02-18,2024-02-03,McDonald's,Fries,Fast Food,4,474.89,Cash,2,2025-06-07,236,Active,5,2025-05-08,Delayed
1594,Male,Teenager,Karachi,2025-06-18,2024-02-03,Subway,Fries,Italian,2,826.15,Card,29,2024-12-17,258,Active,3,2024-11-17,Delayed
1595,Male,Adult,Peshawar,2025-07-18,2024-03-03,Subway,Sandwich,Continental,1,1440.89,Cash,12,2025-01-26,277,Active,5,2024-03-12,Cancelled
1596,Other,Teenager,Lahore,2025-06-01,2024-03-03,Burger King,Fries,Fast Food,1,1143.46,Cash,1,2024-08-30,379,Active,2,2025-03-15,Delayed
1597,Other,Adult,Peshawar,2025-01-22,2024-03-03,Pizza Hut,Fries,Continental,5,1002.84,Cash,40,2024-12-21,70,Inactive,4,2025-08-03,Delayed
1598,Female,Senior,Multan,2024-01-07,2024-03-03,Pizza Hut,Burger,Continental,2,1177.68,Cash,22,2025-02-05,307,Active,4,2025-11-01,Delivered
1599,Male,Senior,Lahore,2023-03-09,2024-03-03,Burger King,Burger,Italian,1,561.3,Cash,16,2024-05-12,101,Active,1,2024-08-24,Delayed
1600,Male,Adult,Peshawar,2025-02-14,2024-03-03,Pizza Hut,Sandwich,Chinese,1,629.77,Card,19,2024-12-17,239,Inactive,4,2024-03-12,Delayed
1601,Male,Teenager,Lahore,2025-01-07,2024-03-03,KFC,Pizza,Italian,3,746.08,Card,20,2025-12-06,430,Inactive,1,2025-02-17,Cancelled
1602,Other,Adult,Islamabad,2024-03-10,2024-03-03,Subway,Sandwich,Chinese,5,1167.5,Wallet,31,2024-06-12,313,Inactive,1,2025-08-03,Cancelled
1603,Male,Teenager,Lahore,2025-01-20,2024-03-03,KFC,Sandwich,Italian,2,546.16,Card,35,2025-01-28,21,Active,3,2025-07-25,Delivered
1604,Other,Teenager,Lahore,2024-11-23,2024-03-03,KFC,Sandwich,Chinese,5,380.69,Wallet,39,2025-07-15,265,Active,5,2024-10-19,Delayed
1605,Female,Teenager,Peshawar,2023-09-29,2024-03-03,Subway,Fries,Dessert,1,778.17,Wallet,3,2025-05-19,285,Inactive,2,2024-11-20,Delayed
1606,Female,Teenager,Lahore,2024-08-13,2024-04-03,Burger King,Burger,Italian,1,600.62,Card,11,2025-07-01,168,Active,3,2025-07-24,Cancelled
1607,Male,Senior,Peshawar,2024-06-22,2024-04-03,Pizza Hut,Pizza,Italian,4,604.4,Wallet,40,2025-04-24,484,Inactive,2,2025-03-24,Delivered
1608,Female,Adult,Multan,2024-03-18,2024-04-03,Burger King,Pasta,Fast Food,2,742.1,Wallet,39,2025-07-24,78,Active,2,2024-12-28,Delivered
1609,Male,Teenager,Lahore,2024-02-17,2024-04-03,KFC,Fries,Italian,1,713.35,Wallet,14,2025-09-07,1,Inactive,2,2024-02-09,Cancelled
1610,Other,Senior,Peshawar,2024-05-17,2024-04-03,Burger King,Sandwich,Fast Food,1,1050.6,Wallet,15,2024-08-31,299,Active,2,2025-03-02,Cancelled
1611,Other,Teenager,Karachi,2025-06-13,2024-04-03,Burger King,Pizza,Dessert,4,636.18,Card,48,2025-04-24,458,Active,4,2024-09-19,Cancelled
1612,Male,Teenager,Islamabad,2025-04-21,2024-04-03,Subway,Pasta,Continental,5,1095.75,Cash,27,2025-02-01,443,Active,3,2025-03-29,Cancelled
1613,Female,Senior,Lahore,2023-02-09,2024-04-03,Pizza Hut,Fries,Italian,3,1463.33,Card,21,2024-08-30,249,Inactive,3,2024-11-20,Delayed
1614,Male,Senior,Karachi,2024-07-11,2024-05-03,Burger King,Pasta,Dessert,4,564.96,Wallet,10,2025-03-20,339,Active,2,2025-04-02,Cancelled
1615,Female,Adult,Karachi,2025-04-04,2024-05-03,KFC,Pizza,Italian,3,879.03,Cash,22,2025-04-17,439,Active,5,2025-02-05,Delivered
1616,Male,Senior,Karachi,2025-05-28,2024-05-03,Pizza Hut,Burger,Dessert,2,199.56,Wallet,47,2025-03-26,442,Active,3,2025-06-22,Delivered
1617,Male,Adult,Peshawar,2024-04-05,2024-05-03,Pizza Hut,Burger,Italian,3,1101.16,Wallet,19,2025-01-23,52,Inactive,1,2025-01-15,Cancelled
1618,Other,Adult,Karachi,2025-07-19,2024-05-03,KFC,Sandwich,Chinese,3,1144.9,Card,28,2025-08-03,331,Active,5,2024-11-15,Delivered
1619,Female,Teenager,Multan,2025-04-28,2024-05-03,KFC,Sandwich,Italian,4,440.27,Cash,48,2025-05-03,365,Inactive,5,2024-09-09,Cancelled
1620,Male,Senior,Lahore,2023-12-22,2024-06-03,Burger King,Sandwich,Italian,3,104.03,Wallet,40,2025-03-24,51,Inactive,2,2025-02-19,Cancelled
1621,Female,Senior,Lahore,2024-01-23,2024-06-03,Pizza Hut,Sandwich,Continental,3,395.29,Card,38,2025-06-30,127,Inactive,3,2025-05-02,Delayed
1622,Male,Senior,Karachi,2024-04-01,2024-06-03,KFC,Pasta,Dessert,3,944.9,Wallet,11,2025-06-06,152,Inactive,1,2025-07-21,Cancelled
1623,Male,Adult,Islamabad,2024-09-24,2024-06-03,Burger King,Fries,Chinese,3,794.88,Wallet,13,2024-12-19,362,Active,4,2024-04-10,Delivered
1624,Female,Adult,Multan,2023-12-17,2024-06-03,Subway,Pizza,Fast Food,4,823.13,Wallet,47,2024-12-22,414,Inactive,3,2025-01-26,Delivered
1625,Female,Teenager,Multan,2025-03-15,2024-06-03,Burger King,Pasta,Fast Food,4,1024.96,Wallet,23,2025-12-03,235,Active,4,2024-02-09,Cancelled
1626,Female,Adult,Multan,2025-03-03,2024-06-03,Pizza Hut,Pizza,Continental,4,1185.28,Card,43,2025-02-21,46,Active,3,2025-08-07,Cancelled
1627,Other,Teenager,Multan,2024-03-07,2024-06-03,Pizza Hut,Pasta,Fast Food,3,1083.08,Wallet,43,2025-01-04,193,Active,1,2025-09-02,Cancelled
1628,Other,Adult,Lahore,2025-10-05,2024-06-03,Subway,Fries,Fast Food,1,1022.37,Wallet,12,2025-05-23,114,Active,2,2025-03-25,Delayed
1629,Male,Senior,Peshawar,2023-07-10,2024-07-03,Pizza Hut,Burger,Dessert,5,250.31,Cash,30,2025-11-03,457,Inactive,1,2024-11-26,Delivered
1630,Male,Senior,Islamabad,2025-04-24,2024-07-03,Burger King,Burger,Continental,2,765.84,Cash,48,2024-11-29,252,Active,5,2024-12-11,Delayed
1631,Female,Adult,Lahore,2025-06-26,2024-07-03,Subway,Burger,Chinese,2,897.87,Card,7,2024-10-21,488,Inactive,5,2024-03-12,Delayed
1632,Male,Senior,Islamabad,2025-01-07,2024-07-03,Pizza Hut,Fries,Fast Food,1,505.39,Wallet,13,2024-05-12,339,Active,5,2024-12-21,Delayed
1633,Female,Adult,Lahore,2025-09-02,2024-07-03,Burger King,Sandwich,Fast Food,5,841.45,Card,14,2024-01-10,371,Active,2,2025-02-06,Cancelled
1634,Other,Teenager,Lahore,2023-08-09,2024-07-03,Burger King,Sandwich,Dessert,4,491.56,Wallet,42,2024-09-15,210,Active,1,2024-11-19,Delayed
1635,Male,Adult,Lahore,2023-12-15,2024-07-03,Burger King,Sandwich,Italian,3,766.13,Cash,30,2025-06-19,161,Active,2,2025-02-03,Cancelled
1636,Male,Teenager,Multan,2023-10-17,2024-07-03,KFC,Fries,Continental,4,579.83,Cash,43,2024-09-16,219,Inactive,3,2024-11-25,Cancelled
1637,Male,Adult,Karachi,2024-04-21,2024-07-03,McDonald's,Pizza,Dessert,1,591.59,Card,7,2025-06-16,417,Active,1,2025-04-19,Cancelled
1638,Other,Adult,Lahore,2024-04-08,2024-07-03,Burger King,Pasta,Chinese,1,141.27,Card,46,2025-03-07,356,Active,2,2025-03-19,Cancelled
1639,Female,Adult,Islamabad,2024-07-18,2024-07-03,Pizza Hut,Sandwich,Fast Food,4,878.72,Wallet,9,2024-01-12,112,Inactive,5,2024-02-12,Cancelled
1640,Male,Teenager,Lahore,2024-12-08,2024-08-03,McDonald's,Pasta,Italian,5,1004.32,Wallet,39,2025-02-18,332,Active,3,2025-02-19,Delivered
1641,Male,Teenager,Islamabad,2024-01-15,2024-08-03,Pizza Hut,Sandwich,Fast Food,5,1498.93,Cash,12,2025-04-28,304,Inactive,3,2025-04-17,Cancelled
1642,Female,Teenager,Lahore,2024-09-28,2024-08-03,McDonald's,Pizza,Fast Food,5,910.35,Cash,39,2024-07-12,293,Active,4,2024-09-13,Cancelled
1643,Other,Adult,Karachi,2024-08-27,2024-08-03,McDonald's,Sandwich,Continental,3,814.98,Card,19,2025-11-04,135,Active,1,2025-06-17,Delayed
1644,Other,Teenager,Peshawar,2024-05-19,2024-08-03,McDonald's,Sandwich,Chinese,4,1090.41,Card,32,2024-07-11,5,Active,2,2024-02-12,Delayed
1645,Female,Adult,Islamabad,2025-04-19,2024-08-03,McDonald's,Sandwich,Dessert,2,1411.14,Card,19,2025-02-14,459,Inactive,2,2025-06-26,Delivered
1646,Male,Adult,Lahore,2024-10-05,2024-08-03,McDonald's,Fries,Chinese,2,1343.37,Cash,33,2024-12-09,83,Active,2,2025-04-07,Cancelled
1647,Male,Teenager,Multan,2025-05-29,2024-08-03,Burger King,Pasta,Chinese,4,1034.14,Wallet,13,2025-06-28,218,Inactive,3,2025-03-07,Delivered
1648,Female,Senior,Multan,2024-04-19,2024-09-03,Subway,Sandwich,Italian,3,1453.8,Card,33,2025-02-26,416,Active,5,2024-01-11,Delivered
1649,Other,Teenager,Lahore,2025-03-08,2024-09-03,Subway,Burger,Dessert,4,1424.14,Cash,11,2024-12-12,31,Active,2,2025-07-13,Cancelled
1650,Other,Senior,Karachi,2024-02-25,2024-09-03,Pizza Hut,Burger,Continental,1,495.9,Wallet,13,2025-07-22,361,Inactive,1,2024-08-29,Cancelled
1651,Male,Senior,Islamabad,2023-05-12,2024-09-03,KFC,Pizza,Fast Food,1,533.92,Card,2,2025-08-07,303,Active,4,2024-08-28,Delayed
1652,Male,Senior,Peshawar,2025-04-04,2024-09-03,McDonald's,Fries,Italian,1,1208.35,Cash,22,2025-02-24,315,Inactive,5,2025-01-21,Cancelled
1653,Other,Teenager,Peshawar,2025-02-27,2024-09-03,McDonald's,Sandwich,Chinese,4,1437.92,Cash,42,2024-02-10,217,Active,5,2024-09-12,Cancelled
1654,Other,Adult,Peshawar,2025-06-13,2024-09-03,Burger King,Burger,Fast Food,1,424.96,Card,17,2025-10-03,376,Active,2,2025-05-07,Delayed
1655,Female,Teenager,Islamabad,2024-11-08,2024-09-03,KFC,Sandwich,Chinese,1,106.7,Card,11,2024-10-25,103,Inactive,3,2024-02-10,Delayed
1656,Female,Senior,Multan,2024-08-11,2024-09-03,Burger King,Pasta,Italian,4,1081.79,Cash,11,2024-10-19,81,Inactive,1,2024-10-10,Delivered
1657,Other,Adult,Peshawar,2024-08-10,2024-09-03,Subway,Pasta,Fast Food,1,951.59,Wallet,29,2025-06-17,277,Inactive,5,2024-08-10,Delivered
1658,Other,Teenager,Peshawar,2025-05-25,2024-09-03,Pizza Hut,Burger,Chinese,3,735.16,Cash,1,2025-07-18,413,Active,5,2025-09-04,Delivered
1659,Male,Senior,Lahore,2024-02-02,2024-09-03,Burger King,Fries,Dessert,5,1252.97,Wallet,3,2024-09-21,206,Inactive,5,2024-10-18,Delivered
1660,Female,Adult,Karachi,2023-04-11,2024-10-03,McDonald's,Pizza,Continental,2,1175.65,Cash,40,2024-10-27,248,Active,3,2025-07-03,Delivered
1661,Other,Teenager,Islamabad,2025-12-03,2024-10-03,Pizza Hut,Pizza,Fast Food,3,550.56,Card,9,2025-12-03,111,Active,1,2025-06-19,Delivered
1662,Other,Teenager,Karachi,2024-07-26,2024-11-03,McDonald's,Sandwich,Dessert,4,636.22,Card,41,2025-09-03,278,Active,1,2025-04-22,Delayed
1663,Other,Teenager,Lahore,2024-08-08,2024-11-03,Subway,Pasta,Dessert,5,440.01,Cash,27,2025-06-03,261,Inactive,1,2024-01-11,Cancelled
1664,Female,Teenager,Peshawar,2024-06-06,2024-11-03,Pizza Hut,Fries,Italian,5,370.2,Card,24,2024-10-12,379,Active,1,2025-03-26,Cancelled
1665,Male,Senior,Karachi,2023-12-21,2024-12-03,KFC,Pizza,Fast Food,5,589.58,Cash,36,2025-07-30,263,Active,3,2024-11-11,Delivered
1666,Female,Senior,Lahore,2025-02-01,2024-12-03,Pizza Hut,Pasta,Italian,3,922.08,Cash,11,2024-12-11,140,Inactive,4,2024-12-31,Delayed
1667,Female,Adult,Karachi,2024-12-12,2024-12-03,Burger King,Pizza,Chinese,5,437.22,Card,5,2025-08-01,34,Active,5,2024-09-27,Delayed
1668,Female,Senior,Islamabad,2024-04-23,2024-12-03,Subway,Pasta,Dessert,4,640.27,Wallet,23,2025-09-02,385,Inactive,5,2025-11-05,Delivered
1669,Other,Adult,Karachi,2024-07-23,2024-12-03,Subway,Fries,Continental,2,674.2,Card,15,2025-01-15,187,Active,1,2025-08-06,Cancelled
1670,Other,Adult,Peshawar,2024-01-18,2024-12-03,KFC,Burger,Fast Food,3,387.37,Card,29,2024-11-22,437,Inactive,1,2024-09-26,Cancelled
1671,Female,Senior,Islamabad,2023-06-11,2024-12-03,KFC,Pizza,Dessert,5,169.82,Cash,23,2024-12-19,153,Inactive,4,2025-06-23,Delayed
1672,Male,Teenager,Peshawar,2024-05-05,2024-12-03,Subway,Sandwich,Italian,2,1420.8,Wallet,12,2024-10-31,93,Inactive,5,2025-07-16,Delayed
1673,Female,Adult,Lahore,2025-05-03,2024-03-13,Burger King,Pizza,Fast Food,2,173.07,Wallet,38,2025-06-06,426,Active,1,2024-12-25,Cancelled
1674,Other,Senior,Peshawar,2024-05-24,2024-03-13,Subway,Sandwich,Italian,1,609.51,Cash,47,2025-03-18,159,Active,4,2025-07-29,Delayed
1675,Other,Adult,Islamabad,2024-08-05,2024-03-13,Burger King,Fries,Dessert,1,613.12,Card,3,2024-08-25,124,Active,1,2025-07-08,Delivered
1676,Other,Adult,Islamabad,2024-09-10,2024-03-13,McDonald's,Pizza,Continental,2,906.52,Card,13,2025-05-13,1,Active,3,2025-06-07,Cancelled
1677,Female,Senior,Lahore,2025-12-03,2024-03-13,McDonald's,Sandwich,Italian,4,1304.46,Card,10,2025-07-13,235,Active,3,2025-04-25,Delivered
1678,Male,Adult,Multan,2023-12-15,2024-03-13,McDonald's,Burger,Dessert,5,841.97,Cash,11,2025-01-27,338,Inactive,5,2025-08-20,Delivered
1679,Other,Teenager,Multan,2024-10-01,2024-03-13,KFC,Sandwich,Chinese,5,831.37,Card,3,2024-10-27,52,Active,4,2025-04-04,Cancelled
1680,Other,Teenager,Karachi,2023-08-22,2024-03-13,Subway,Pasta,Continental,1,552.93,Card,20,2025-06-29,331,Active,4,2025-02-14,Delayed
1681,Female,Adult,Lahore,2025-08-15,2024-03-14,Pizza Hut,Pasta,Dessert,1,326.45,Card,34,2025-05-31,102,Active,3,2025-03-01,Cancelled
1682,Female,Adult,Karachi,2024-09-30,2024-03-14,Subway,Pizza,Italian,3,846.31,Wallet,18,2024-10-13,448,Active,5,2025-06-08,Delayed
1683,Male,Teenager,Peshawar,2024-11-27,2024-03-14,Pizza Hut,Pizza,Italian,4,754.14,Cash,49,2025-03-04,89,Inactive,4,2025-08-21,Delayed
1684,Female,Senior,Multan,2024-12-10,2024-03-14,Subway,Burger,Fast Food,4,1100.18,Cash,12,2025-07-03,368,Active,5,2025-07-27,Delivered
1685,Male,Adult,Lahore,2024-06-23,2024-03-14,Burger King,Pasta,Continental,4,1052.58,Card,47,2024-12-17,75,Inactive,5,2025-04-20,Delayed
1686,Female,Adult,Multan,2024-12-24,2024-03-14,Subway,Burger,Chinese,5,607.17,Card,10,2024-12-20,293,Active,3,2024-07-12,Delayed
1687,Male,Senior,Multan,2024-05-25,2024-03-14,Pizza Hut,Fries,Italian,4,918.48,Cash,42,2024-11-12,99,Inactive,3,2024-11-11,Cancelled
1688,Other,Teenager,Lahore,2023-08-10,2024-03-14,Burger King,Fries,Italian,1,1477.97,Cash,38,2025-09-04,154,Inactive,2,2024-11-10,Delivered
1689,Male,Teenager,Peshawar,2024-06-26,2024-03-15,Subway,Pasta,Chinese,3,1320.57,Wallet,46,2025-04-27,273,Active,1,2024-03-12,Cancelled
1690,Male,Teenager,Islamabad,2023-10-25,2024-03-15,KFC,Pasta,Chinese,3,1355.75,Card,21,2024-11-21,161,Inactive,3,2025-02-25,Cancelled
1691,Male,Teenager,Multan,2024-10-18,2024-03-15,KFC,Sandwich,Italian,2,1092.53,Card,19,2025-04-02,500,Active,1,2024-03-10,Delivered
1692,Male,Senior,Karachi,2024-06-17,2024-03-15,KFC,Burger,Fast Food,5,1233.15,Cash,25,2025-10-03,347,Active,4,2025-02-06,Cancelled
1693,Other,Teenager,Islamabad,2024-12-20,2024-03-15,McDonald's,Pasta,Italian,2,1321.33,Wallet,33,2025-04-27,160,Inactive,2,2024-09-19,Delivered
1694,Female,Adult,Lahore,2025-02-08,2024-03-15,Subway,Sandwich,Continental,3,639.15,Card,13,2025-03-05,328,Active,2,2025-06-15,Delivered
1695,Female,Teenager,Lahore,2025-04-06,2024-03-15,Pizza Hut,Sandwich,Continental,4,351.19,Card,37,2024-07-12,369,Active,3,2025-01-03,Delayed
1696,Male,Adult,Lahore,2024-08-02,2024-03-15,Burger King,Sandwich,Continental,5,108.79,Card,41,2025-05-06,290,Active,2,2025-01-23,Cancelled
1697,Female,Teenager,Karachi,2024-07-04,2024-03-16,Subway,Sandwich,Dessert,2,1375.22,Cash,8,2024-12-11,27,Active,3,2025-07-21,Delivered
1698,Male,Senior,Lahore,2024-02-13,2024-03-16,KFC,Fries,Continental,3,457.71,Card,11,2024-08-10,40,Active,2,2025-06-05,Cancelled
1699,Male,Teenager,Islamabad,2025-01-14,2024-03-16,Subway,Fries,Italian,4,1103.42,Cash,7,2025-03-31,276,Inactive,4,2025-03-25,Cancelled
1700,Other,Teenager,Peshawar,2024-04-10,2024-03-16,KFC,Pasta,Chinese,1,135.21,Cash,21,2025-01-27,279,Active,5,2024-12-15,Delivered
1701,Female,Adult,Islamabad,2025-04-06,2024-03-16,KFC,Pasta,Continental,5,1196.75,Wallet,24,2024-11-20,262,Active,3,2024-09-16,Delivered
1702,Other,Teenager,Lahore,2024-10-06,2024-03-16,Subway,Pizza,Fast Food,1,798.27,Card,29,2025-12-05,295,Active,4,2025-05-24,Delivered
1703,Female,Senior,Islamabad,2025-08-13,2024-03-16,Pizza Hut,Pizza,Italian,5,1190.82,Cash,40,2024-08-25,66,Inactive,4,2024-08-25,Delivered
1704,Male,Adult,Multan,2024-10-03,2024-03-17,Subway,Pizza,Fast Food,5,1415.19,Cash,40,2025-06-04,19,Inactive,5,2024-09-26,Delayed
1705,Male,Senior,Islamabad,2025-02-06,2024-03-17,Subway,Burger,Italian,2,259.39,Wallet,27,2024-09-26,449,Inactive,3,2024-04-10,Delayed
1706,Female,Senior,Multan,2024-07-22,2024-03-17,McDonald's,Pizza,Fast Food,5,230.58,Card,36,2025-07-22,485,Inactive,3,2024-08-29,Delivered
1707,Female,Adult,Multan,2023-05-12,2024-03-17,Subway,Pizza,Fast Food,4,590.66,Card,2,2025-04-17,387,Active,2,2024-02-10,Delayed
1708,Other,Senior,Karachi,2025-04-18,2024-03-17,Pizza Hut,Burger,Italian,3,1036.96,Wallet,28,2025-06-20,395,Inactive,4,2025-12-04,Delivered
1709,Other,Senior,Islamabad,2024-03-12,2024-03-17,McDonald's,Sandwich,Dessert,1,1373.35,Wallet,40,2024-11-26,334,Active,1,2025-02-20,Delivered
1710,Male,Senior,Karachi,2023-04-09,2024-03-17,Subway,Fries,Dessert,2,387.95,Wallet,47,2025-06-05,347,Inactive,2,2024-05-12,Delivered
1711,Female,Adult,Multan,2024-11-26,2024-03-17,Subway,Fries,Fast Food,2,665.96,Card,18,2025-07-19,265,Inactive,4,2024-08-11,Delayed
1712,Other,Senior,Multan,2023-09-25,2024-03-17,Burger King,Pasta,Continental,5,1215.95,Cash,31,2025-03-21,29,Inactive,4,2025-08-04,Cancelled
1713,Other,Teenager,Peshawar,2024-09-23,2024-03-18,KFC,Sandwich,Italian,1,609.81,Wallet,12,2025-08-21,80,Active,3,2025-07-03,Delivered
1714,Female,Adult,Multan,2024-02-03,2024-03-18,Subway,Burger,Fast Food,3,345.92,Cash,20,2024-09-24,352,Active,4,2024-01-10,Cancelled
1715,Female,Adult,Peshawar,2024-05-02,2024-03-18,Subway,Pasta,Chinese,3,1037.31,Cash,42,2024-05-09,88,Inactive,2,2025-03-17,Delivered
1716,Female,Teenager,Multan,2023-10-11,2024-03-18,Subway,Pasta,Fast Food,4,1302.37,Cash,10,2025-03-23,247,Inactive,2,2025-05-30,Cancelled
1717,Male,Adult,Islamabad,2023-11-24,2024-03-18,KFC,Burger,Fast Food,4,880.77,Wallet,32,2025-08-13,335,Inactive,3,2024-12-16,Cancelled
1718,Male,Adult,Karachi,2025-06-14,2024-03-18,Subway,Pizza,Chinese,1,632.37,Card,49,2025-07-08,353,Active,5,2025-01-16,Delayed
1719,Male,Teenager,Islamabad,2024-06-29,2024-03-18,KFC,Fries,Italian,1,466.39,Card,20,2025-08-02,282,Inactive,4,2025-04-02,Delivered
1720,Female,Senior,Lahore,2024-10-10,2024-03-18,Subway,Pasta,Fast Food,3,662.32,Card,27,2025-05-25,134,Active,3,2025-04-30,Delivered
1721,Other,Adult,Multan,2024-04-26,2024-03-19,McDonald's,Fries,Chinese,2,1219.27,Wallet,4,2024-12-28,330,Active,4,2025-06-27,Cancelled
1722,Male,Adult,Islamabad,2025-12-04,2024-03-19,Pizza Hut,Sandwich,Continental,4,910.65,Cash,37,2025-03-06,468,Inactive,1,2024-11-09,Delayed
1723,Male,Teenager,Multan,2025-03-19,2024-03-19,McDonald's,Fries,Dessert,5,267.73,Cash,32,2024-10-16,283,Active,3,2024-05-11,Cancelled
1724,Female,Adult,Multan,2024-02-24,2024-03-19,Pizza Hut,Sandwich,Continental,4,181.72,Cash,10,2025-05-23,213,Active,3,2025-10-04,Delayed
1725,Female,Teenager,Peshawar,2024-12-16,2024-03-19,McDonald's,Pasta,Continental,5,696.94,Wallet,7,2024-08-09,12,Active,1,2025-02-24,Delivered
1726,Male,Adult,Lahore,2025-04-08,2024-03-19,KFC,Burger,Chinese,3,702.15,Wallet,50,2024-08-10,167,Inactive,4,2024-08-12,Cancelled
1727,Other,Adult,Karachi,2025-02-28,2024-03-19,Pizza Hut,Pizza,Chinese,3,322.95,Cash,11,2025-09-01,166,Inactive,3,2025-07-26,Delivered
1728,Male,Adult,Peshawar,2023-09-16,2024-03-20,Burger King,Pizza,Chinese,5,1292.82,Card,19,2024-11-19,64,Inactive,1,2025-04-25,Delayed
1729,Male,Adult,Peshawar,2023-07-12,2024-03-20,Pizza Hut,Pasta,Dessert,4,343.08,Cash,6,2024-09-09,109,Active,1,2025-04-03,Delivered
1730,Other,Adult,Peshawar,2024-09-26,2024-03-20,McDonald's,Burger,Dessert,4,514.51,Card,5,2025-03-23,77,Inactive,1,2024-11-18,Cancelled
1731,Other,Teenager,Lahore,2024-04-09,2024-03-20,KFC,Pizza,Italian,1,754.68,Wallet,11,2025-03-15,329,Active,1,2024-12-15,Cancelled
1732,Male,Teenager,Multan,2025-02-25,2024-03-20,McDonald's,Pasta,Dessert,3,1274.73,Wallet,48,2024-01-11,415,Active,5,2025-06-17,Cancelled
1733,Other,Adult,Peshawar,2024-01-05,2024-03-20,Subway,Pasta,Chinese,3,1404.24,Wallet,23,2025-05-25,350,Inactive,4,2025-07-19,Cancelled
1734,Other,Senior,Karachi,2024-05-31,2024-03-21,Burger King,Burger,Italian,5,249.79,Card,16,2024-10-11,236,Inactive,5,2025-09-05,Delayed
1735,Other,Adult,Peshawar,2023-11-25,2024-03-21,Pizza Hut,Pasta,Fast Food,2,1350.08,Cash,8,2024-10-25,28,Inactive,3,2025-05-19,Delivered
1736,Female,Adult,Islamabad,2024-02-24,2024-03-21,McDonald's,Burger,Italian,4,716.08,Cash,34,2025-05-30,136,Active,4,2025-04-04,Cancelled
1737,Male,Adult,Lahore,2025-04-07,2024-03-21,Pizza Hut,Pizza,Chinese,4,264.66,Card,21,2024-11-11,321,Active,5,2025-05-24,Delayed
1738,Female,Senior,Lahore,2025-02-04,2024-03-21,McDonald's,Sandwich,Italian,2,566.9,Wallet,32,2025-01-14,243,Active,1,2025-10-01,Delayed
1739,Female,Senior,Lahore,2025-02-13,2024-03-21,Pizza Hut,Burger,Continental,1,1029.2,Card,37,2025-08-13,200,Inactive,3,2024-09-26,Delivered
1740,Male,Teenager,Karachi,2024-04-28,2024-03-22,Pizza Hut,Pasta,Fast Food,1,663.09,Cash,39,2024-09-18,327,Inactive,5,2024-11-23,Delivered
1741,Male,Teenager,Multan,2025-11-06,2024-03-22,Burger King,Fries,Chinese,1,693.19,Card,17,2025-08-19,495,Inactive,5,2025-06-22,Cancelled
1742,Other,Teenager,Lahore,2024-10-21,2024-03-22,Pizza Hut,Sandwich,Dessert,1,856.76,Cash,41,2025-06-25,214,Inactive,3,2025-01-18,Cancelled
1743,Male,Adult,Islamabad,2025-05-07,2024-03-22,Burger King,Sandwich,Continental,1,885.37,Card,5,2025-04-23,148,Active,3,2025-02-20,Delayed
1744,Female,Teenager,Peshawar,2024-08-16,2024-03-22,KFC,Pasta,Continental,1,540.87,Cash,33,2024-11-14,438,Inactive,2,2025-11-03,Cancelled
1745,Male,Adult,Peshawar,2025-02-18,2024-03-22,Burger King,Pasta,Chinese,3,1147.9,Wallet,50,2025-07-30,257,Active,4,2024-06-12,Delayed
1746,Male,Senior,Lahore,2023-09-17,2024-03-22,McDonald's,Burger,Chinese,3,559.13,Cash,17,2025-12-01,306,Active,5,2025-03-23,Cancelled
1747,Male,Teenager,Islamabad,2025-07-28,2024-03-22,KFC,Burger,Dessert,2,761.89,Card,47,2024-10-28,479,Active,4,2025-07-13,Delayed
1748,Other,Adult,Karachi,2024-01-15,2024-03-22,Pizza Hut,Fries,Continental,1,380.58,Card,19,2024-09-29,8,Inactive,3,2025-01-19,Delivered
1749,Male,Adult,Karachi,2025-02-16,2024-03-23,KFC,Burger,Continental,5,301.69,Wallet,46,2025-08-17,367,Active,2,2025-01-31,Cancelled
1750,Other,Senior,Peshawar,2024-01-08,2024-03-23,Burger King,Burger,Dessert,2,1469.53,Wallet,20,2025-01-04,76,Inactive,2,2025-10-08,Delayed
1751,Male,Adult,Lahore,2023-08-11,2024-03-23,Pizza Hut,Pasta,Dessert,2,265.29,Cash,30,2025-05-17,383,Active,2,2025-04-15,Cancelled
1752,Other,Teenager,Islamabad,2023-05-12,2024-03-23,Subway,Burger,Dessert,3,1248.99,Wallet,49,2025-08-20,372,Inactive,5,2025-05-26,Delivered
1753,Other,Adult,Karachi,2024-05-08,2024-03-23,Burger King,Burger,Continental,1,238.13,Cash,15,2025-01-16,451,Active,1,2025-01-19,Delivered
1754,Female,Teenager,Multan,2023-11-18,2024-03-23,McDonald's,Burger,Italian,5,1269.83,Card,4,2024-12-24,259,Inactive,3,2024-11-09,Cancelled
1755,Male,Adult,Multan,2025-06-30,2024-03-23,McDonald's,Fries,Dessert,5,541.95,Card,26,2025-07-25,444,Active,1,2024-12-21,Delivered
1756,Male,Teenager,Lahore,2024-08-06,2024-03-23,Subway,Fries,Dessert,2,649.95,Cash,24,2025-04-21,125,Inactive,4,2025-12-02,Cancelled
1757,Other,Senior,Peshawar,2024-09-20,2024-03-23,Subway,Burger,Continental,4,347.58,Card,21,2025-08-14,101,Active,4,2024-12-10,Delivered
1758,Male,Adult,Karachi,2024-03-24,2024-03-23,KFC,Pizza,Dessert,1,486.5,Card,29,2025-05-05,305,Inactive,5,2025-11-07,Delayed
1759,Male,Adult,Peshawar,2025-03-15,2024-03-23,Subway,Fries,Italian,5,1038.7,Wallet,38,2025-09-07,431,Inactive,4,2025-06-20,Delivered
1760,Female,Adult,Peshawar,2024-08-26,2024-03-23,Pizza Hut,Pizza,Dessert,4,648.86,Card,24,2025-06-16,289,Active,4,2024-08-22,Delivered
1761,Male,Senior,Peshawar,2024-08-20,2024-03-23,McDonald's,Burger,Chinese,1,1013.21,Cash,4,2025-03-30,45,Active,4,2024-11-25,Delayed
1762,Female,Senior,Lahore,2023-08-22,2024-03-24,Pizza Hut,Pasta,Italian,3,344.33,Wallet,9,2024-03-11,348,Active,5,2024-09-17,Delivered
1763,Other,Senior,Multan,2025-07-16,2024-03-24,KFC,Fries,Continental,4,1311.76,Wallet,14,2024-05-12,130,Active,5,2025-08-06,Delivered
1764,Female,Adult,Islamabad,2023-02-10,2024-03-24,KFC,Burger,Fast Food,3,1312.89,Cash,1,2024-08-26,24,Active,3,2024-11-12,Delivered
1765,Male,Adult,Peshawar,2024-02-26,2024-03-24,Subway,Sandwich,Italian,1,478.89,Cash,1,2025-05-03,211,Active,2,2024-07-12,Cancelled
1766,Male,Adult,Lahore,2024-07-18,2024-03-24,Pizza Hut,Sandwich,Continental,1,781.67,Cash,19,2024-01-12,372,Inactive,3,2025-11-06,Cancelled
1767,Female,Teenager,Multan,2024-06-30,2024-03-24,KFC,Burger,Continental,3,1200.85,Wallet,28,2025-04-18,26,Inactive,1,2025-03-21,Delayed
1768,Other,Adult,Islamabad,2025-09-07,2024-03-24,McDonald's,Burger,Dessert,3,1388.46,Cash,31,2024-07-12,151,Inactive,3,2025-06-15,Delivered
1769,Male,Adult,Islamabad,2023-09-21,2024-03-25,Pizza Hut,Pizza,Fast Food,2,608.73,Wallet,20,2024-12-09,210,Inactive,3,2025-01-02,Delivered
1770,Other,Senior,Lahore,2023-03-10,2024-03-25,Subway,Pizza,Fast Food,3,543.45,Wallet,46,2024-07-11,257,Active,1,2024-05-10,Delivered
1771,Other,Teenager,Lahore,2025-09-03,2024-03-25,Burger King,Burger,Fast Food,3,997.42,Card,7,2025-04-14,383,Inactive,4,2024-11-13,Cancelled
1772,Female,Teenager,Islamabad,2025-11-05,2024-03-25,Burger King,Fries,Chinese,1,1049.77,Cash,36,2025-06-19,472,Inactive,1,2024-11-24,Delivered
1773,Other,Senior,Lahore,2024-07-28,2024-03-25,Subway,Pizza,Chinese,5,1375.95,Cash,23,2025-10-03,53,Active,4,2024-08-21,Delivered
1774,Other,Senior,Lahore,2023-09-13,2024-03-25,KFC,Pizza,Chinese,2,487.09,Card,17,2024-09-21,0,Active,3,2025-04-01,Delayed
1775,Male,Adult,Karachi,2025-06-20,2024-03-26,Burger King,Fries,Italian,3,486.22,Card,5,2025-04-17,469,Inactive,5,2024-06-12,Delayed
1776,Other,Senior,Peshawar,2025-05-07,2024-03-26,Subway,Pasta,Italian,2,602.47,Cash,25,2024-09-28,320,Inactive,4,2025-01-30,Cancelled
1777,Male,Adult,Islamabad,2024-04-01,2024-03-26,KFC,Pizza,Continental,2,178.58,Cash,29,2025-09-02,35,Inactive,1,2025-08-04,Delivered
1778,Female,Teenager,Islamabad,2023-12-15,2024-03-26,Pizza Hut,Sandwich,Dessert,3,729.52,Cash,21,2025-05-30,69,Active,2,2025-08-20,Cancelled
1779,Other,Senior,Multan,2024-02-28,2024-03-27,Burger King,Fries,Continental,2,811.36,Cash,22,2024-04-10,14,Active,1,2025-06-27,Delivered
1780,Other,Senior,Islamabad,2023-10-13,2024-03-27,Pizza Hut,Burger,Chinese,4,620.96,Card,17,2025-08-21,206,Active,2,2025-09-04,Cancelled
1781,Male,Senior,Islamabad,2025-05-23,2024-03-27,Pizza Hut,Burger,Dessert,2,1004.76,Cash,5,2025-01-23,111,Inactive,5,2024-09-22,Cancelled
1782,Female,Adult,Multan,2023-09-21,2024-03-27,KFC,Fries,Dessert,5,526.51,Card,23,2024-07-11,235,Inactive,2,2025-04-19,Delivered
1783,Female,Teenager,Multan,2025-05-16,2024-03-27,McDonald's,Pizza,Continental,1,703.07,Wallet,8,2025-04-23,51,Inactive,5,2025-07-21,Delayed
1784,Male,Adult,Peshawar,2025-07-14,2024-03-27,Burger King,Pizza,Continental,3,481.97,Card,49,2025-02-28,314,Active,1,2024-11-29,Delivered
1785,Female,Senior,Multan,2024-02-21,2024-03-27,KFC,Pizza,Fast Food,4,238.95,Cash,15,2025-06-24,382,Inactive,2,2024-02-12,Delivered
1786,Other,Senior,Karachi,2025-01-03,2024-03-27,KFC,Burger,Chinese,3,957.8,Cash,38,2025-02-19,315,Inactive,5,2025-07-03,Cancelled
1787,Other,Adult,Islamabad,2024-06-17,2024-03-28,Subway,Pasta,Italian,1,231.35,Wallet,6,2024-07-10,247,Active,2,2025-05-07,Delivered
1788,Female,Teenager,Karachi,2024-10-16,2024-03-28,McDonald's,Sandwich,Continental,4,128.63,Cash,23,2024-11-28,154,Active,5,2024-11-15,Delayed
1789,Other,Teenager,Karachi,2025-06-19,2024-03-28,Burger King,Burger,Chinese,2,284.9,Wallet,32,2025-03-14,289,Active,4,2025-12-04,Delivered
1790,Male,Teenager,Multan,2024-01-13,2024-03-28,Pizza Hut,Pizza,Dessert,1,1316.01,Cash,28,2025-11-01,215,Active,4,2024-09-30,Delivered
1791,Male,Teenager,Islamabad,2023-04-12,2024-03-28,McDonald's,Fries,Fast Food,2,816.36,Card,13,2025-08-03,450,Inactive,5,2024-10-25,Delivered
1792,Female,Adult,Lahore,2024-05-22,2024-03-28,McDonald's,Fries,Italian,2,787.92,Wallet,33,2025-09-06,212,Active,3,2025-03-30,Cancelled
1793,Female,Senior,Peshawar,2025-05-24,2024-03-28,KFC,Pizza,Fast Food,3,956.19,Card,17,2025-07-03,229,Active,1,2025-07-24,Cancelled
1794,Female,Senior,Islamabad,2025-04-15,2024-03-28,Subway,Pasta,Chinese,4,927.18,Card,12,2025-04-06,26,Inactive,1,2025-04-03,Delivered
1795,Other,Teenager,Lahore,2024-11-06,2024-03-29,Burger King,Pasta,Fast Food,5,292.15,Wallet,42,2024-10-16,211,Active,4,2025-01-21,Cancelled
1796,Male,Teenager,Karachi,2023-09-09,2024-03-29,Burger King,Fries,Continental,1,1405.01,Card,23,2024-10-23,417,Active,1,2025-01-27,Delivered
1797,Female,Adult,Peshawar,2024-12-03,2024-03-29,KFC,Pasta,Continental,2,141.51,Cash,4,2025-07-05,72,Inactive,5,2025-02-02,Delivered
1798,Female,Senior,Islamabad,2024-11-21,2024-03-29,McDonald's,Pizza,Chinese,1,129.45,Wallet,10,2024-10-20,51,Active,5,2024-10-15,Cancelled
1799,Female,Senior,Karachi,2025-08-07,2024-03-29,KFC,Pasta,Chinese,2,310.77,Cash,50,2025-05-06,128,Active,3,2025-08-20,Delayed
1800,Female,Adult,Multan,2024-08-28,2024-03-29,Subway,Pizza,Fast Food,4,929.83,Cash,9,2024-10-16,479,Active,1,2025-04-14,Delayed
1801,Other,Teenager,Islamabad,2025-04-04,2024-03-29,Subway,Pizza,Dessert,5,939.29,Wallet,24,2025-08-17,229,Inactive,1,2025-04-19,Delayed
1802,Female,Teenager,Karachi,2023-07-10,2024-03-29,McDonald's,Pasta,Continental,4,975.23,Card,26,2024-11-19,189,Active,5,2025-01-03,Delivered
1803,Female,Teenager,Lahore,2023-08-10,2024-03-29,KFC,Sandwich,Continental,5,526.05,Card,18,2024-01-11,155,Active,2,2025-05-06,Delayed
1804,Female,Teenager,Lahore,2024-12-28,2024-03-29,Pizza Hut,Burger,Dessert,2,1399.76,Card,33,2025-08-21,186,Active,4,2024-08-24,Delayed
1805,Female,Teenager,Multan,2024-12-20,2024-03-29,McDonald's,Fries,Dessert,5,1486.67,Wallet,40,2024-04-09,65,Active,4,2024-10-27,Delayed
1806,Male,Adult,Lahore,2023-08-22,2024-03-29,Subway,Fries,Continental,4,1381.05,Cash,49,2025-08-04,161,Inactive,4,2024-12-15,Cancelled
1807,Male,Adult,Lahore,2025-04-19,2024-03-30,Subway,Sandwich,Continental,3,1219.68,Cash,3,2025-06-21,464,Inactive,5,2024-10-18,Delivered
1808,Male,Senior,Peshawar,2024-12-13,2024-03-30,Subway,Fries,Fast Food,4,865.03,Card,4,2025-10-07,95,Active,1,2024-09-10,Delayed
1809,Male,Adult,Karachi,2024-01-17,2024-03-30,McDonald's,Burger,Continental,1,1249.58,Card,30,2025-05-08,419,Inactive,3,2024-11-19,Delayed
1810,Other,Senior,Islamabad,2025-05-02,2024-03-30,Pizza Hut,Pizza,Chinese,4,775.64,Card,12,2024-10-26,182,Inactive,1,2025-06-13,Delayed
1811,Male,Adult,Multan,2023-10-28,2024-03-30,Burger King,Sandwich,Fast Food,5,372.09,Card,3,2025-03-28,417,Active,5,2025-03-26,Delayed
1812,Other,Teenager,Islamabad,2024-05-11,2024-03-30,KFC,Fries,Continental,5,1063.1,Wallet,9,2024-07-09,390,Inactive,3,2025-04-08,Cancelled
1813,Male,Teenager,Lahore,2025-03-18,2024-03-30,Subway,Fries,Italian,3,892.16,Wallet,45,2024-02-12,242,Inactive,4,2024-09-12,Delivered
1814,Male,Teenager,Karachi,2025-03-29,2024-03-30,Burger King,Pizza,Dessert,5,537.59,Cash,36,2024-09-19,88,Active,3,2025-01-03,Delivered
1815,Other,Adult,Lahore,2025-06-19,2024-03-30,KFC,Pasta,Continental,5,1478.75,Cash,13,2025-07-21,383,Active,4,2025-07-02,Delivered
1816,Male,Adult,Karachi,2023-10-23,2024-03-31,Subway,Pasta,Italian,2,186.77,Card,24,2025-06-14,88,Inactive,1,2024-10-10,Delayed
1817,Other,Teenager,Islamabad,2025-05-02,2024-03-31,Burger King,Pasta,Continental,1,231.83,Cash,7,2025-10-01,338,Inactive,3,2025-04-30,Delayed
1818,Female,Adult,Multan,2023-11-13,2024-03-31,Subway,Burger,Fast Food,4,330.41,Wallet,28,2024-05-10,71,Inactive,3,2025-08-20,Cancelled
1819,Female,Senior,Islamabad,2024-02-23,2024-03-31,McDonald's,Burger,Dessert,2,456.28,Cash,11,2025-04-14,186,Inactive,4,2024-09-09,Cancelled
1820,Other,Senior,Islamabad,2023-02-10,2024-01-04,Subway,Sandwich,Continental,4,559.68,Wallet,25,2025-01-25,468,Active,5,2025-04-04,Delayed
1821,Male,Teenager,Lahore,2024-05-04,2024-01-04,Pizza Hut,Sandwich,Italian,5,227.21,Card,41,2025-06-29,310,Active,5,2025-03-31,Delivered
1822,Other,Adult,Islamabad,2024-05-31,2024-01-04,KFC,Pasta,Fast Food,5,693.13,Card,36,2025-01-02,201,Inactive,2,2025-08-15,Cancelled
1823,Male,Adult,Islamabad,2024-05-12,2024-01-04,Burger King,Burger,Chinese,2,348.66,Card,31,2025-07-28,41,Inactive,5,2025-03-22,Delayed
1824,Other,Senior,Multan,2023-09-14,2024-01-04,McDonald's,Sandwich,Italian,4,1339.93,Wallet,19,2025-09-08,77,Inactive,3,2024-01-12,Delayed
1825,Female,Adult,Peshawar,2023-09-15,2024-01-04,Burger King,Sandwich,Italian,3,747.98,Wallet,36,2025-02-08,408,Active,1,2025-06-28,Delayed
1826,Other,Teenager,Lahore,2025-05-24,2024-01-04,Subway,Burger,Italian,5,245.04,Cash,5,2025-01-03,246,Active,2,2025-11-05,Cancelled
1827,Other,Adult,Peshawar,2024-01-05,2024-01-04,KFC,Pizza,Dessert,3,1107.28,Cash,28,2025-07-18,185,Active,4,2025-02-14,Cancelled
1828,Female,Teenager,Peshawar,2024-04-01,2024-01-04,KFC,Burger,Italian,3,164.1,Card,5,2025-10-08,126,Active,5,2025-10-02,Delivered
1829,Female,Adult,Lahore,2023-12-22,2024-01-04,McDonald's,Pizza,Continental,1,400.61,Card,29,2025-11-06,206,Active,3,2025-05-21,Cancelled
1830,Male,Adult,Karachi,2024-11-09,2024-02-04,KFC,Burger,Dessert,3,464.29,Cash,34,2025-01-20,124,Inactive,5,2025-10-07,Delivered
1831,Female,Adult,Peshawar,2024-06-06,2024-02-04,Pizza Hut,Fries,Continental,4,987.34,Wallet,14,2025-02-18,310,Active,4,2025-05-16,Delayed
1832,Other,Teenager,Peshawar,2025-12-08,2024-02-04,Subway,Pasta,Continental,2,1470.43,Card,13,2025-05-23,188,Inactive,4,2024-08-21,Delayed
1833,Male,Adult,Islamabad,2024-08-15,2024-03-04,Pizza Hut,Sandwich,Continental,2,396.31,Card,26,2025-01-07,15,Inactive,1,2025-04-03,Delivered
1834,Female,Senior,Peshawar,2025-08-02,2024-03-04,Burger King,Pizza,Fast Food,1,443.64,Card,49,2025-05-06,387,Inactive,2,2025-05-07,Delayed
1835,Other,Teenager,Karachi,2024-09-24,2024-03-04,Subway,Fries,Fast Food,2,1463.89,Card,3,2025-04-25,305,Inactive,5,2024-11-29,Cancelled
1836,Female,Senior,Peshawar,2023-10-21,2024-03-04,Subway,Pizza,Dessert,2,1016.61,Card,34,2025-06-22,367,Active,2,2024-12-16,Cancelled
1837,Female,Senior,Peshawar,2025-04-06,2024-03-04,Burger King,Sandwich,Fast Food,1,1295.96,Cash,29,2025-06-27,161,Inactive,2,2024-09-23,Cancelled
1838,Male,Adult,Peshawar,2023-12-30,2024-03-04,McDonald's,Pasta,Fast Food,4,1114.24,Cash,42,2025-12-05,97,Inactive,3,2025-06-16,Delivered
1839,Male,Senior,Islamabad,2023-12-10,2024-04-04,Subway,Pizza,Chinese,5,1477.52,Cash,37,2025-02-22,214,Active,5,2024-12-20,Delivered
1840,Male,Teenager,Islamabad,2024-03-21,2024-04-04,McDonald's,Pasta,Chinese,3,1384.97,Cash,6,2024-10-09,109,Active,5,2025-01-19,Delayed
1841,Other,Teenager,Islamabad,2025-02-16,2024-04-04,Subway,Fries,Continental,2,789.15,Wallet,26,2025-07-16,314,Active,2,2024-01-12,Delivered
1842,Other,Teenager,Karachi,2023-09-11,2024-04-04,KFC,Fries,Dessert,3,736.23,Cash,16,2025-11-07,55,Inactive,3,2025-03-14,Delayed
1843,Female,Teenager,Lahore,2024-11-20,2024-04-04,Pizza Hut,Pasta,Italian,5,1166.94,Cash,22,2024-09-17,495,Active,1,2024-12-12,Delivered
1844,Female,Teenager,Islamabad,2025-01-16,2024-04-04,Pizza Hut,Burger,Chinese,2,772.17,Card,25,2025-03-25,387,Active,1,2025-07-14,Delayed
1845,Other,Teenager,Multan,2025-10-01,2024-04-04,Subway,Pizza,Fast Food,3,1444.31,Cash,32,2025-11-04,319,Inactive,2,2025-01-30,Delayed
1846,Female,Senior,Karachi,2025-02-26,2024-04-04,Subway,Burger,Fast Food,2,753.44,Card,34,2025-06-16,371,Inactive,5,2025-05-22,Cancelled
1847,Other,Teenager,Karachi,2025-08-20,2024-04-04,Subway,Burger,Continental,5,1055.72,Wallet,5,2024-08-11,487,Inactive,3,2025-07-29,Cancelled
1848,Female,Adult,Peshawar,2024-12-05,2024-05-04,Burger King,Sandwich,Dessert,5,1204.31,Card,4,2024-11-28,232,Active,1,2025-01-17,Delayed
1849,Other,Teenager,Peshawar,2025-04-13,2024-05-04,KFC,Fries,Dessert,3,1271.26,Wallet,18,2025-04-24,471,Inactive,5,2025-07-26,Delivered
1850,Other,Teenager,Multan,2024-02-12,2024-05-04,KFC,Burger,Fast Food,2,615.89,Wallet,26,2025-05-04,372,Active,4,2025-05-24,Cancelled
1851,Other,Teenager,Peshawar,2025-10-06,2024-05-04,KFC,Pizza,Fast Food,3,808.19,Wallet,32,2025-11-05,407,Inactive,2,2024-10-15,Cancelled
1852,Male,Senior,Lahore,2024-05-09,2024-06-04,McDonald's,Fries,Chinese,5,1186.39,Wallet,6,2024-09-21,370,Active,4,2025-01-16,Delayed
1853,Male,Adult,Peshawar,2024-02-26,2024-06-04,Subway,Fries,Fast Food,2,598.36,Cash,47,2025-08-08,51,Active,1,2025-06-29,Delayed
1854,Female,Adult,Islamabad,2024-08-05,2024-06-04,Burger King,Fries,Continental,5,253.2,Cash,18,2024-08-11,172,Active,3,2024-09-19,Delayed
1855,Female,Senior,Islamabad,2024-02-14,2024-06-04,Subway,Pasta,Chinese,1,701.79,Cash,17,2024-11-23,54,Inactive,4,2025-01-22,Delayed
1856,Other,Senior,Lahore,2023-01-12,2024-06-04,McDonald's,Fries,Chinese,1,1359.62,Cash,11,2024-11-18,447,Inactive,2,2024-10-21,Cancelled
1857,Male,Senior,Islamabad,2024-02-02,2024-06-04,KFC,Sandwich,Dessert,4,456.66,Cash,33,2025-04-22,181,Active,1,2025-07-20,Delayed
1858,Female,Senior,Lahore,2025-02-13,2024-06-04,Pizza Hut,Sandwich,Italian,3,857.13,Card,13,2025-06-22,115,Inactive,4,2025-01-20,Delayed
1859,Male,Teenager,Karachi,2023-08-26,2024-06-04,Pizza Hut,Pizza,Fast Food,1,1100.43,Wallet,22,2024-10-29,51,Active,2,2025-07-14,Cancelled
1860,Other,Senior,Multan,2023-11-12,2024-06-04,Pizza Hut,Pizza,Fast Food,3,877.31,Card,16,2025-02-18,31,Active,2,2024-08-24,Cancelled
1861,Other,Teenager,Karachi,2024-06-12,2024-07-04,Subway,Fries,Dessert,4,438.45,Card,28,2025-03-23,324,Active,2,2025-02-15,Cancelled
1862,Male,Teenager,Karachi,2025-01-27,2024-07-04,KFC,Pizza,Chinese,3,946.01,Wallet,27,2025-02-19,254,Inactive,1,2025-03-23,Delayed
1863,Female,Adult,Islamabad,2024-02-27,2024-07-04,KFC,Pizza,Fast Food,4,1195.05,Wallet,9,2024-03-12,382,Inactive,4,2024-08-26,Delayed
1864,Male,Adult,Peshawar,2025-07-05,2024-07-04,Subway,Pasta,Italian,5,328.79,Wallet,30,2024-08-22,329,Inactive,5,2025-06-20,Cancelled
1865,Male,Teenager,Lahore,2023-10-29,2024-07-04,KFC,Burger,Continental,3,410.83,Card,8,2025-01-28,387,Active,1,2025-10-04,Cancelled
1866,Male,Senior,Multan,2024-08-20,2024-08-04,Subway,Sandwich,Fast Food,1,935.47,Card,36,2024-12-31,385,Active,4,2024-07-10,Delayed
1867,Other,Teenager,Islamabad,2024-05-25,2024-08-04,Pizza Hut,Burger,Fast Food,1,514.31,Wallet,6,2024-12-21,271,Inactive,4,2024-12-14,Delivered
1868,Other,Teenager,Lahore,2025-11-05,2024-08-04,Subway,Fries,Continental,4,534.17,Wallet,38,2025-02-01,382,Inactive,3,2024-01-11,Delayed
1869,Other,Adult,Islamabad,2024-12-09,2024-08-04,Burger King,Burger,Fast Food,2,687.88,Cash,3,2025-03-23,122,Active,2,2025-07-23,Delayed
1870,Other,Teenager,Islamabad,2025-01-16,2024-08-04,Pizza Hut,Pizza,Italian,4,825.88,Card,31,2024-09-10,83,Active,5,2024-11-15,Cancelled
1871,Other,Senior,Karachi,2025-09-05,2024-08-04,McDonald's,Sandwich,Chinese,3,501.34,Wallet,22,2024-05-10,169,Inactive,5,2025-06-24,Cancelled
1872,Male,Teenager,Islamabad,2023-10-20,2024-08-04,McDonald's,Pasta,Fast Food,3,653.02,Wallet,48,2025-01-08,35,Inactive,3,2024-10-22,Cancelled
1873,Female,Teenager,Islamabad,2024-08-22,2024-08-04,Pizza Hut,Sandwich,Italian,2,129.62,Card,27,2025-08-20,163,Inactive,5,2024-12-30,Delivered
1874,Other,Teenager,Peshawar,2025-02-16,2024-08-04,Subway,Burger,Dessert,5,856.2,Cash,30,2025-06-26,259,Active,4,2025-06-20,Cancelled
1875,Female,Senior,Lahore,2024-10-18,2024-08-04,Burger King,Sandwich,Dessert,3,1057.71,Cash,44,2025-03-27,309,Inactive,5,2024-08-25,Delayed
1876,Male,Teenager,Lahore,2025-12-07,2024-08-04,McDonald's,Burger,Italian,2,579.46,Wallet,31,2025-03-17,282,Inactive,3,2024-11-10,Delayed
1877,Other,Adult,Multan,2023-08-30,2024-09-04,McDonald's,Pizza,Italian,5,273.55,Card,37,2025-10-05,101,Inactive,3,2024-10-17,Delayed
1878,Other,Teenager,Islamabad,2024-05-09,2024-09-04,KFC,Sandwich,Chinese,1,1305.02,Card,49,2024-09-22,226,Active,1,2024-12-17,Cancelled
1879,Other,Senior,Peshawar,2024-09-08,2024-09-04,McDonald's,Pasta,Continental,4,537.04,Wallet,2,2025-01-26,357,Inactive,4,2024-08-24,Delivered
1880,Male,Senior,Peshawar,2025-05-04,2024-09-04,Pizza Hut,Fries,Continental,5,393.5,Wallet,27,2025-08-13,110,Active,3,2025-04-29,Delayed
1881,Male,Adult,Islamabad,2023-10-11,2024-09-04,Pizza Hut,Burger,Chinese,5,1435.0,Cash,27,2025-08-06,109,Inactive,2,2025-03-04,Cancelled
1882,Male,Teenager,Lahore,2024-04-09,2024-09-04,Pizza Hut,Fries,Fast Food,3,727.42,Wallet,45,2025-02-23,430,Inactive,1,2024-12-22,Delayed
1883,Male,Senior,Karachi,2025-07-13,2024-09-04,KFC,Pizza,Chinese,5,282.42,Cash,50,2025-04-13,178,Inactive,4,2024-10-24,Cancelled
1884,Male,Teenager,Karachi,2024-02-27,2024-09-04,Burger King,Burger,Continental,5,580.21,Cash,30,2025-07-22,414,Active,1,2025-06-25,Delivered
1885,Other,Adult,Peshawar,2024-12-15,2024-09-04,KFC,Pizza,Continental,3,1218.52,Wallet,22,2024-12-11,252,Active,1,2025-02-27,Delayed
1886,Female,Teenager,Peshawar,2024-10-08,2024-09-04,Subway,Pasta,Italian,1,1420.93,Cash,8,2025-05-26,486,Active,3,2025-01-19,Delivered
1887,Female,Senior,Peshawar,2023-10-18,2024-09-04,Subway,Burger,Dessert,2,828.91,Card,47,2024-10-23,436,Active,5,2025-02-01,Delayed
1888,Male,Adult,Islamabad,2025-07-17,2024-10-04,Subway,Pasta,Continental,5,1057.64,Card,44,2025-06-21,231,Active,2,2024-07-11,Delivered
1889,Male,Teenager,Lahore,2025-01-01,2024-10-04,McDonald's,Burger,Fast Food,3,510.7,Cash,24,2025-03-23,241,Inactive,3,2024-11-11,Cancelled
1890,Other,Teenager,Karachi,2024-04-06,2024-10-04,Subway,Pasta,Continental,4,1260.3,Card,41,2025-03-13,300,Active,4,2024-02-11,Delivered
1891,Male,Senior,Multan,2025-05-26,2024-10-04,Subway,Fries,Fast Food,2,291.54,Wallet,31,2025-05-07,38,Active,2,2024-07-11,Delivered
1892,Other,Teenager,Lahore,2024-07-05,2024-11-04,KFC,Fries,Chinese,4,303.81,Cash,24,2025-09-08,372,Inactive,3,2024-09-22,Delivered
1893,Female,Adult,Lahore,2023-09-19,2024-11-04,McDonald's,Burger,Fast Food,5,185.13,Card,26,2025-05-01,330,Inactive,3,2024-11-20,Delayed
1894,Male,Teenager,Karachi,2025-11-06,2024-11-04,Burger King,Pizza,Chinese,3,1150.16,Cash,7,2025-02-21,184,Inactive,1,2024-08-11,Cancelled
1895,Male,Teenager,Lahore,2025-07-04,2024-11-04,KFC,Pasta,Italian,2,757.35,Cash,20,2024-12-30,237,Inactive,1,2025-04-15,Delayed
1896,Male,Senior,Peshawar,2024-05-17,2024-11-04,Burger King,Pasta,Chinese,3,345.18,Wallet,38,2025-01-23,447,Active,2,2024-11-27,Delivered
1897,Other,Senior,Peshawar,2024-07-19,2024-11-04,McDonald's,Pasta,Continental,5,1439.98,Card,45,2025-11-01,385,Inactive,3,2024-11-20,Delayed
1898,Female,Adult,Islamabad,2025-04-27,2024-12-04,KFC,Sandwich,Fast Food,3,600.67,Card,30,2024-12-14,315,Active,3,2025-05-28,Cancelled
1899,Other,Adult,Karachi,2024-06-01,2024-12-04,Pizza Hut,Burger,Italian,1,1353.19,Card,6,2025-11-01,361,Inactive,2,2025-11-06,Delayed
1900,Female,Teenager,Islamabad,2025-02-20,2024-12-04,KFC,Pizza,Italian,4,545.88,Wallet,32,2024-10-23,70,Inactive,3,2025-03-08,Cancelled
1901,Male,Teenager,Islamabad,2024-01-03,2024-12-04,Pizza Hut,Pasta,Continental,3,577.52,Cash,1,2025-04-07,384,Active,5,2025-04-08,Cancelled
1902,Other,Senior,Multan,2025-06-06,2024-12-04,KFC,Burger,Fast Food,2,813.76,Card,33,2025-01-04,422,Inactive,3,2025-05-18,Cancelled
1903,Other,Adult,Peshawar,2025-03-28,2024-12-04,Burger King,Pizza,Fast Food,2,996.97,Cash,18,2025-09-01,93,Inactive,1,2025-10-03,Delivered
1904,Male,Teenager,Lahore,2024-10-01,2024-12-04,KFC,Burger,Continental,3,579.22,Wallet,1,2024-10-09,260,Inactive,4,2025-05-30,Delayed
1905,Other,Senior,Lahore,2023-06-10,2024-12-04,Subway,Pasta,Continental,5,1445.31,Cash,49,2025-09-03,19,Inactive,1,2024-11-13,Delivered
1906,Female,Senior,Lahore,2024-04-04,2024-12-04,Burger King,Fries,Italian,3,1482.13,Card,31,2025-03-06,251,Active,4,2025-04-13,Delivered
1907,Other,Senior,Peshawar,2025-06-25,2024-12-04,Burger King,Fries,Dessert,5,733.3,Card,48,2024-01-12,447,Inactive,3,2025-01-13,Delivered
1908,Male,Senior,Lahore,2024-12-31,2024-12-04,McDonald's,Pizza,Dessert,5,997.23,Card,45,2025-08-13,315,Active,2,2025-06-05,Cancelled
1909,Male,Teenager,Peshawar,2024-05-10,2024-04-13,McDonald's,Sandwich,Chinese,5,790.07,Wallet,8,2025-07-18,361,Active,2,2024-12-17,Delayed
1910,Other,Teenager,Multan,2024-09-14,2024-04-13,KFC,Pizza,Italian,2,564.24,Cash,48,2025-12-04,483,Inactive,3,2025-08-16,Delivered
1911,Other,Teenager,Islamabad,2024-06-18,2024-04-13,Pizza Hut,Sandwich,Chinese,1,864.56,Wallet,32,2024-12-31,148,Active,5,2024-09-27,Delayed
1912,Other,Senior,Lahore,2024-02-16,2024-04-13,Pizza Hut,Fries,Chinese,3,604.15,Card,49,2025-02-15,122,Inactive,2,2025-08-16,Delivered
1913,Other,Senior,Peshawar,2024-10-30,2024-04-13,McDonald's,Sandwich,Dessert,5,1103.32,Cash,40,2024-12-13,86,Active,1,2025-01-08,Delivered
1914,Other,Senior,Multan,2024-10-24,2024-04-13,Pizza Hut,Sandwich,Italian,5,416.81,Wallet,36,2025-03-29,108,Active,3,2025-02-15,Delivered
1915,Male,Senior,Karachi,2024-03-22,2024-04-13,McDonald's,Pasta,Chinese,2,1276.74,Card,42,2025-12-03,104,Inactive,3,2025-09-06,Delivered
1916,Other,Teenager,Lahore,2024-04-26,2024-04-13,Subway,Fries,Italian,4,451.39,Cash,34,2025-01-24,428,Inactive,3,2025-04-29,Delayed
1917,Female,Teenager,Karachi,2024-12-02,2024-04-13,Pizza Hut,Sandwich,Dessert,5,1308.6,Card,47,2025-06-18,264,Inactive,2,2024-10-23,Cancelled
1918,Female,Senior,Islamabad,2024-01-02,2024-04-14,KFC,Burger,Continental,4,1297.71,Wallet,1,2025-03-18,419,Active,4,2025-01-29,Delayed
1919,Male,Teenager,Multan,2023-10-23,2024-04-14,Pizza Hut,Sandwich,Continental,5,204.29,Wallet,28,2025-06-01,467,Inactive,1,2024-10-10,Delayed
1920,Female,Adult,Multan,2023-01-10,2024-04-14,Subway,Pasta,Chinese,2,1249.22,Wallet,46,2024-12-19,141,Active,4,2025-04-22,Delayed
1921,Male,Teenager,Lahore,2023-11-18,2024-04-14,KFC,Burger,Chinese,5,628.19,Cash,40,2024-11-21,354,Inactive,5,2024-09-11,Delivered
1922,Male,Teenager,Multan,2024-03-14,2024-04-14,KFC,Pizza,Fast Food,2,541.91,Card,7,2024-11-20,426,Active,2,2025-03-15,Cancelled
1923,Female,Teenager,Lahore,2025-12-04,2024-04-14,KFC,Sandwich,Italian,5,532.05,Cash,19,2025-05-01,256,Inactive,1,2025-01-23,Cancelled
1924,Male,Senior,Islamabad,2024-02-16,2024-04-14,McDonald's,Pasta,Chinese,3,1007.05,Card,15,2025-08-15,182,Inactive,4,2025-02-17,Delayed
1925,Other,Teenager,Lahore,2024-08-13,2024-04-14,McDonald's,Sandwich,Chinese,5,354.3,Card,50,2024-12-17,334,Active,2,2025-02-08,Delivered
1926,Male,Adult,Lahore,2024-06-07,2024-04-14,Pizza Hut,Sandwich,Chinese,1,485.88,Cash,39,2024-12-21,407,Active,5,2024-09-10,Delivered
1927,Other,Teenager,Peshawar,2024-06-27,2024-04-14,KFC,Sandwich,Dessert,3,628.87,Card,23,2025-02-22,188,Active,5,2025-03-03,Delivered
1928,Female,Teenager,Lahore,2024-02-11,2024-04-14,KFC,Pasta,Chinese,3,546.86,Cash,7,2025-03-25,418,Inactive,4,2024-09-13,Delivered
1929,Male,Teenager,Multan,2025-04-05,2024-04-14,McDonald's,Sandwich,Chinese,5,144.1,Cash,23,2024-10-22,100,Active,2,2025-11-06,Delayed
1930,Male,Senior,Islamabad,2023-11-24,2024-04-14,Burger King,Pasta,Italian,2,1247.54,Cash,42,2025-04-21,176,Active,3,2024-11-19,Delayed
1931,Male,Senior,Lahore,2024-07-07,2024-04-14,Pizza Hut,Fries,Continental,5,1410.5,Wallet,43,2025-04-13,477,Active,2,2024-09-10,Delayed
1932,Male,Adult,Karachi,2024-03-06,2024-04-15,Burger King,Sandwich,Fast Food,3,1165.12,Wallet,16,2025-04-28,217,Active,1,2025-04-28,Delivered
1933,Female,Teenager,Multan,2024-05-13,2024-04-15,Subway,Pasta,Fast Food,5,1471.71,Wallet,12,2025-03-05,149,Active,2,2025-07-20,Cancelled
1934,Female,Adult,Peshawar,2025-06-28,2024-04-15,Burger King,Pasta,Continental,5,1441.98,Card,13,2024-11-23,174,Inactive,4,2025-04-30,Cancelled
1935,Other,Senior,Multan,2024-03-30,2024-04-15,Burger King,Sandwich,Dessert,4,987.68,Cash,37,2025-02-04,35,Active,4,2025-03-21,Delayed
1936,Female,Adult,Lahore,2024-04-07,2024-04-15,Burger King,Sandwich,Continental,4,739.21,Wallet,17,2025-02-03,132,Inactive,3,2025-04-07,Cancelled
1937,Other,Senior,Lahore,2025-03-24,2024-04-15,Subway,Pasta,Dessert,5,452.5,Cash,29,2025-12-05,315,Inactive,4,2025-03-29,Delivered
1938,Male,Senior,Karachi,2024-10-12,2024-04-15,Burger King,Burger,Continental,2,708.98,Card,21,2025-01-30,279,Active,3,2025-02-15,Delivered
1939,Female,Adult,Multan,2025-03-14,2024-04-15,Subway,Fries,Italian,3,1293.72,Card,12,2024-03-11,373,Inactive,2,2025-02-15,Delayed
1940,Female,Adult,Lahore,2024-01-07,2024-04-16,Burger King,Burger,Italian,1,246.12,Card,24,2025-06-28,488,Active,5,2025-10-05,Delayed
1941,Other,Teenager,Lahore,2024-04-24,2024-04-16,KFC,Fries,Chinese,1,1016.12,Wallet,13,2025-11-06,364,Inactive,4,2025-03-15,Delayed
1942,Female,Adult,Multan,2024-09-23,2024-04-16,Subway,Fries,Italian,5,433.26,Card,16,2024-12-30,45,Active,5,2025-11-04,Delivered
1943,Male,Teenager,Lahore,2025-08-05,2024-04-16,Subway,Pasta,Dessert,4,150.69,Wallet,28,2024-11-15,254,Active,1,2025-03-04,Cancelled
1944,Other,Adult,Karachi,2023-09-24,2024-04-17,McDonald's,Pizza,Dessert,3,271.27,Card,2,2025-04-05,211,Inactive,2,2024-10-15,Delayed
1945,Other,Adult,Peshawar,2024-05-15,2024-04-17,Subway,Pasta,Fast Food,4,342.4,Wallet,36,2024-09-14,6,Inactive,1,2024-12-22,Delayed
1946,Male,Adult,Karachi,2024-01-03,2024-04-17,Pizza Hut,Sandwich,Dessert,3,652.76,Cash,11,2024-06-12,133,Active,1,2025-04-07,Cancelled
1947,Male,Senior,Lahore,2025-03-27,2024-04-17,Subway,Pizza,Italian,3,101.72,Cash,32,2025-04-07,7,Inactive,5,2025-02-28,Delayed
1948,Other,Senior,Karachi,2025-04-25,2024-04-17,McDonald's,Fries,Fast Food,5,1225.63,Cash,37,2025-07-28,351,Inactive,5,2024-08-27,Cancelled
1949,Male,Teenager,Islamabad,2024-09-21,2024-04-17,Burger King,Pasta,Continental,2,1317.43,Cash,2,2025-05-22,335,Active,4,2024-10-21,Delivered
1950,Other,Adult,Islamabad,2025-12-05,2024-04-17,McDonald's,Fries,Italian,3,978.1,Card,25,2024-12-31,317,Inactive,3,2024-10-17,Delayed
1951,Male,Senior,Islamabad,2024-09-16,2024-04-17,Pizza Hut,Fries,Chinese,3,582.57,Wallet,41,2025-06-25,277,Inactive,5,2024-12-25,Delivered
1952,Male,Adult,Islamabad,2025-12-05,2024-04-18,Subway,Pizza,Dessert,5,871.57,Wallet,1,2025-02-19,273,Active,1,2025-10-07,Delayed
1953,Other,Adult,Peshawar,2024-05-25,2024-04-18,McDonald's,Pasta,Italian,5,383.33,Cash,19,2025-01-18,301,Active,1,2025-08-06,Cancelled
1954,Female,Senior,Islamabad,2024-08-30,2024-04-18,Subway,Burger,Dessert,4,744.41,Wallet,3,2024-12-10,386,Inactive,1,2025-07-26,Delivered
1955,Female,Senior,Lahore,2024-12-19,2024-04-18,Subway,Burger,Continental,5,744.94,Cash,16,2025-06-13,412,Active,4,2024-01-10,Delayed
1956,Male,Senior,Multan,2024-11-05,2024-04-19,Pizza Hut,Burger,Fast Food,2,138.02,Cash,46,2024-12-12,255,Active,1,2025-06-28,Delivered
1957,Female,Senior,Karachi,2023-05-11,2024-04-19,KFC,Pasta,Chinese,3,1297.02,Cash,27,2025-02-26,30,Inactive,3,2024-08-29,Delayed
1958,Male,Teenager,Multan,2023-09-27,2024-04-19,Burger King,Burger,Chinese,1,436.88,Wallet,9,2024-09-17,297,Active,2,2025-08-14,Delayed
1959,Male,Senior,Karachi,2024-08-17,2024-04-19,McDonald's,Fries,Continental,5,743.39,Wallet,49,2025-08-06,387,Active,3,2024-11-16,Delayed
1960,Female,Senior,Karachi,2025-06-05,2024-04-19,Burger King,Sandwich,Continental,1,1231.51,Card,40,2025-06-01,128,Active,2,2025-05-24,Cancelled
1961,Male,Adult,Peshawar,2025-01-01,2024-04-19,KFC,Sandwich,Dessert,1,1170.11,Card,44,2025-01-03,408,Active,1,2025-09-07,Cancelled
1962,Male,Adult,Peshawar,2024-05-24,2024-04-19,KFC,Fries,Dessert,3,1357.31,Cash,8,2025-07-27,108,Active,3,2025-06-13,Delayed
1963,Male,Adult,Peshawar,2023-11-18,2024-04-19,KFC,Sandwich,Continental,4,1089.32,Wallet,8,2025-03-18,28,Active,5,2024-09-28,Delivered
1964,Male,Senior,Islamabad,2025-02-13,2024-04-19,Subway,Pizza,Fast Food,2,651.04,Wallet,27,2025-07-06,483,Active,1,2025-04-23,Cancelled
1965,Male,Adult,Karachi,2023-06-12,2024-04-19,Pizza Hut,Sandwich,Continental,4,1107.49,Card,25,2025-06-27,141,Inactive,1,2025-04-23,Cancelled
1966,Other,Adult,Islamabad,2024-02-07,2024-04-19,Burger King,Pasta,Fast Food,4,1266.16,Cash,22,2025-03-01,108,Active,2,2024-05-09,Delayed
1967,Female,Senior,Peshawar,2024-04-20,2024-04-19,Burger King,Pasta,Italian,1,613.36,Card,16,2024-12-26,105,Active,3,2024-04-11,Cancelled
1968,Male,Senior,Islamabad,2024-05-13,2024-04-19,Subway,Fries,Chinese,5,181.19,Card,43,2025-03-31,192,Active,4,2025-12-01,Cancelled
1969,Female,Adult,Multan,2023-08-11,2024-04-20,KFC,Burger,Dessert,4,1265.45,Card,35,2025-10-06,216,Active,3,2025-06-17,Delivered
1970,Male,Adult,Lahore,2023-11-23,2024-04-20,McDonald's,Burger,Chinese,4,1108.18,Wallet,48,2025-05-08,397,Active,2,2025-07-16,Delivered
1971,Female,Teenager,Islamabad,2025-02-23,2024-04-20,Subway,Burger,Dessert,4,752.24,Cash,4,2024-12-28,334,Active,3,2024-12-10,Delayed
1972,Other,Teenager,Karachi,2024-05-30,2024-04-20,McDonald's,Sandwich,Fast Food,3,1194.59,Cash,18,2024-12-12,198,Inactive,1,2024-10-14,Cancelled
1973,Female,Teenager,Peshawar,2023-02-11,2024-04-20,Subway,Burger,Dessert,5,100.49,Card,30,2025-03-23,87,Active,4,2024-11-25,Delayed
1974,Other,Senior,Peshawar,2023-08-12,2024-04-20,KFC,Fries,Continental,2,288.23,Card,6,2025-02-18,98,Active,3,2025-05-21,Delayed
1975,Other,Teenager,Multan,2025-01-31,2024-04-20,KFC,Pizza,Italian,2,438.56,Card,10,2024-08-29,403,Active,3,2025-02-16,Delayed
1976,Male,Adult,Lahore,2024-05-23,2024-04-21,McDonald's,Burger,Fast Food,5,703.06,Card,37,2025-08-15,373,Active,2,2024-10-22,Delayed
1977,Female,Senior,Lahore,2024-12-15,2024-04-21,McDonald's,Pasta,Dessert,3,1183.59,Card,5,2025-07-18,431,Inactive,1,2025-01-07,Delayed
1978,Male,Teenager,Multan,2025-05-15,2024-04-21,Burger King,Fries,Dessert,4,1135.77,Cash,39,2024-03-11,385,Active,2,2025-06-17,Delayed
1979,Female,Teenager,Islamabad,2025-06-25,2024-04-21,KFC,Sandwich,Chinese,4,204.09,Cash,28,2025-06-28,354,Active,3,2025-03-04,Delayed
1980,Female,Senior,Islamabad,2025-08-21,2024-04-21,KFC,Sandwich,Fast Food,2,1370.32,Card,20,2025-05-21,416,Inactive,4,2025-07-13,Cancelled
1981,Other,Teenager,Peshawar,2023-12-11,2024-04-21,KFC,Pizza,Continental,2,966.75,Cash,43,2024-08-28,66,Inactive,2,2025-05-18,Delayed
1982,Other,Adult,Islamabad,2024-11-29,2024-04-21,KFC,Pizza,Italian,2,716.04,Card,3,2025-04-20,111,Active,4,2025-03-29,Delayed
1983,Male,Teenager,Karachi,2024-10-18,2024-04-21,Pizza Hut,Fries,Chinese,5,588.62,Wallet,32,2025-09-06,235,Active,3,2025-09-08,Delayed
1984,Other,Adult,Lahore,2024-03-08,2024-04-21,KFC,Pasta,Fast Food,5,612.97,Wallet,3,2025-02-03,239,Inactive,3,2024-12-18,Cancelled
1985,Other,Teenager,Karachi,2025-07-24,2024-04-21,McDonald's,Pizza,Italian,4,622.33,Wallet,16,2024-09-18,405,Inactive,3,2025-06-06,Delivered
1986,Male,Senior,Islamabad,2023-05-09,2024-04-21,McDonald's,Fries,Continental,5,1180.16,Wallet,37,2025-05-23,494,Active,1,2024-07-12,Delivered
1987,Female,Teenager,Lahore,2023-03-10,2024-04-21,Burger King,Burger,Chinese,5,780.02,Cash,39,2025-01-23,203,Active,3,2025-06-04,Delivered
1988,Female,Adult,Islamabad,2025-06-07,2024-04-21,Subway,Pizza,Fast Food,3,454.13,Card,3,2024-08-23,298,Inactive,2,2025-06-14,Cancelled
1989,Other,Adult,Islamabad,2025-05-31,2024-04-21,McDonald's,Pizza,Fast Food,3,1152.02,Cash,40,2025-07-15,72,Active,5,2025-07-08,Delayed
1990,Male,Adult,Peshawar,2024-09-05,2024-04-22,Pizza Hut,Pizza,Continental,3,1425.04,Wallet,34,2025-06-15,364,Active,1,2025-11-07,Delayed
1991,Female,Teenager,Peshawar,2024-09-22,2024-04-22,Subway,Burger,Continental,1,1015.44,Card,33,2024-08-25,424,Active,5,2025-10-08,Delayed
1992,Male,Adult,Islamabad,2024-10-12,2024-04-22,McDonald's,Pasta,Continental,4,1182.8,Card,40,2025-05-26,491,Active,3,2024-09-13,Delayed
1993,Female,Senior,Multan,2025-04-19,2024-04-22,McDonald's,Pasta,Continental,1,786.54,Card,42,2025-03-04,298,Inactive,4,2024-09-28,Cancelled
1994,Male,Teenager,Karachi,2025-10-08,2024-04-22,Pizza Hut,Fries,Dessert,2,875.73,Wallet,30,2025-04-03,155,Inactive,3,2024-09-26,Delayed
1995,Male,Adult,Multan,2024-07-04,2024-04-22,KFC,Burger,Dessert,4,159.56,Card,35,2025-03-08,380,Active,1,2025-04-19,Cancelled
1996,Male,Teenager,Karachi,2025-06-01,2024-04-22,KFC,Pizza,Chinese,5,261.03,Wallet,25,2025-04-04,171,Active,4,2024-07-11,Cancelled
1997,Male,Teenager,Multan,2023-11-14,2024-04-22,Pizza Hut,Pizza,Continental,4,721.66,Card,20,2024-12-14,158,Inactive,4,2024-01-12,Cancelled
1998,Female,Teenager,Karachi,2025-12-03,2024-04-22,Pizza Hut,Sandwich,Fast Food,5,193.42,Cash,49,2025-02-26,75,Active,2,2024-11-10,Delayed
1999,Other,Senior,Lahore,2024-06-18,2024-04-22,McDonald's,Sandwich,Chinese,4,222.31,Wallet,4,2025-11-05,450,Inactive,4,2025-08-06,Delivered
2000,Other,Adult,Islamabad,2023-11-29,2024-04-23,Burger King,Fries,Italian,3,509.02,Cash,46,2024-11-25,193,Active,4,2025-04-04,Cancelled
2001,Female,Teenager,Lahore,2024-12-15,2024-04-23,Pizza Hut,Fries,Italian,2,321.96,Wallet,25,2025-09-07,222,Inactive,1,2025-07-06,Cancelled
2002,Other,Teenager,Multan,2025-04-02,2024-04-23,Pizza Hut,Fries,Fast Food,4,889.71,Cash,13,2025-06-02,126,Active,4,2024-11-12,Delayed
2003,Female,Adult,Islamabad,2024-10-30,2024-04-23,Pizza Hut,Pasta,Fast Food,4,163.58,Card,6,2025-07-20,272,Active,3,2025-05-03,Cancelled
2004,Other,Adult,Multan,2024-09-07,2024-04-23,McDonald's,Sandwich,Dessert,3,1259.72,Card,39,2025-12-04,59,Inactive,1,2025-04-07,Delayed
2005,Other,Teenager,Islamabad,2025-07-14,2024-04-23,Subway,Sandwich,Italian,1,452.54,Cash,27,2025-06-30,467,Inactive,5,2024-02-11,Delayed
2006,Male,Adult,Islamabad,2023-08-31,2024-04-23,Pizza Hut,Sandwich,Continental,3,1399.51,Card,6,2025-02-24,4,Inactive,4,2024-08-31,Cancelled
2007,Female,Teenager,Lahore,2024-10-04,2024-04-23,Pizza Hut,Burger,Continental,1,501.59,Card,4,2025-10-02,139,Inactive,2,2024-09-14,Delayed
2008,Other,Senior,Peshawar,2024-03-21,2024-04-23,Burger King,Pizza,Continental,5,783.53,Card,11,2025-02-03,276,Active,2,2025-12-05,Delivered
2009,Female,Teenager,Multan,2025-06-29,2024-04-23,Pizza Hut,Pasta,Continental,4,364.24,Card,25,2025-07-02,220,Inactive,2,2025-11-08,Delayed
2010,Male,Adult,Peshawar,2023-06-11,2024-04-23,Burger King,Pasta,Chinese,4,1251.7,Card,22,2025-07-19,218,Inactive,2,2025-06-17,Delayed
2011,Male,Adult,Islamabad,2025-02-14,2024-04-24,KFC,Burger,Fast Food,4,417.39,Wallet,37,2024-08-10,180,Active,3,2024-07-12,Delivered
2012,Male,Senior,Islamabad,2023-11-24,2024-04-24,KFC,Pasta,Fast Food,1,153.81,Card,17,2025-02-18,106,Active,3,2024-12-27,Delayed
2013,Other,Adult,Multan,2024-03-17,2024-04-24,Burger King,Fries,Fast Food,3,606.24,Cash,10,2024-11-14,125,Inactive,2,2025-04-24,Delayed
2014,Female,Teenager,Islamabad,2023-12-10,2024-04-24,Burger King,Burger,Dessert,4,1220.38,Cash,42,2025-06-25,409,Active,4,2024-11-09,Cancelled
2015,Other,Adult,Karachi,2025-06-30,2024-04-24,Burger King,Pizza,Fast Food,5,1300.96,Card,8,2025-10-02,269,Inactive,5,2024-10-25,Cancelled
2016,Male,Senior,Karachi,2023-11-11,2024-04-24,McDonald's,Pasta,Italian,4,476.38,Wallet,27,2024-11-28,222,Inactive,1,2025-08-05,Cancelled
2017,Female,Senior,Multan,2024-07-11,2024-04-24,McDonald's,Sandwich,Chinese,3,644.27,Cash,17,2024-12-12,265,Inactive,2,2025-06-13,Delivered
2018,Female,Teenager,Karachi,2024-11-08,2024-04-24,McDonald's,Sandwich,Continental,1,125.81,Card,47,2025-08-04,311,Active,4,2024-09-12,Cancelled
2019,Other,Adult,Islamabad,2023-12-26,2024-04-24,Pizza Hut,Sandwich,Continental,1,1492.01,Cash,28,2025-09-03,433,Active,4,2024-09-24,Cancelled
2020,Male,Adult,Karachi,2025-07-05,2024-04-24,Burger King,Pasta,Italian,4,1498.16,Cash,42,2024-12-12,446,Active,4,2024-10-11,Delivered
2021,Male,Senior,Peshawar,2024-02-04,2024-04-24,Pizza Hut,Pizza,Italian,4,793.19,Wallet,32,2025-05-02,133,Active,1,2024-08-24,Delivered
2022,Male,Senior,Islamabad,2024-10-31,2024-04-24,Pizza Hut,Sandwich,Continental,5,322.77,Card,48,2025-03-01,405,Inactive,1,2024-12-27,Delayed
2023,Other,Senior,Karachi,2024-07-24,2024-04-25,McDonald's,Fries,Chinese,2,1255.34,Card,42,2024-11-24,102,Inactive,4,2025-07-05,Cancelled
2024,Male,Teenager,Karachi,2023-11-16,2024-04-25,Burger King,Fries,Chinese,2,1048.17,Wallet,9,2025-05-04,407,Active,3,2024-11-28,Delivered
2025,Other,Teenager,Multan,2024-02-07,2024-04-25,Subway,Pasta,Chinese,5,1315.23,Card,21,2025-03-26,155,Active,1,2024-12-24,Delivered
2026,Female,Teenager,Multan,2025-06-29,2024-04-25,McDonald's,Pizza,Italian,1,624.55,Wallet,13,2025-01-19,214,Active,5,2024-10-26,Cancelled
2027,Other,Teenager,Karachi,2025-05-31,2024-04-25,Subway,Pizza,Chinese,2,751.25,Card,1,2025-07-22,77,Inactive,5,2024-11-28,Delivered
2028,Male,Teenager,Karachi,2023-09-29,2024-04-25,Pizza Hut,Fries,Continental,3,726.99,Wallet,28,2024-09-09,192,Inactive,3,2024-09-11,Delivered
2029,Male,Senior,Islamabad,2024-05-11,2024-04-25,Burger King,Fries,Italian,1,654.82,Cash,47,2025-06-21,177,Active,1,2024-03-10,Delayed
2030,Male,Adult,Peshawar,2024-07-14,2024-04-25,Pizza Hut,Pasta,Dessert,3,341.78,Cash,19,2024-09-11,3,Inactive,2,2025-05-16,Delayed
2031,Female,Teenager,Peshawar,2024-08-10,2024-04-25,Pizza Hut,Sandwich,Italian,2,1226.31,Card,13,2024-09-11,272,Inactive,4,2025-07-13,Delayed
2032,Female,Adult,Peshawar,2024-03-16,2024-04-25,Pizza Hut,Burger,Chinese,5,466.95,Card,15,2025-10-06,436,Inactive,3,2025-06-14,Delayed
2033,Female,Adult,Karachi,2024-01-04,2024-04-26,McDonald's,Fries,Fast Food,1,1098.54,Wallet,13,2025-05-06,15,Active,4,2024-12-17,Delayed
2034,Female,Adult,Lahore,2024-08-04,2024-04-26,KFC,Pizza,Italian,4,285.59,Cash,45,2024-12-24,263,Inactive,4,2024-02-09,Delayed
2035,Other,Teenager,Lahore,2024-05-17,2024-04-26,Burger King,Sandwich,Chinese,2,1283.58,Wallet,49,2025-01-21,375,Inactive,1,2024-12-18,Delivered
2036,Female,Teenager,Multan,2024-06-02,2024-04-26,Subway,Fries,Continental,1,240.55,Wallet,47,2025-07-15,412,Inactive,5,2025-07-06,Cancelled
2037,Other,Adult,Karachi,2024-08-23,2024-04-26,Subway,Sandwich,Fast Food,5,481.17,Card,48,2025-02-03,391,Inactive,4,2024-10-13,Cancelled
2038,Other,Adult,Karachi,2025-02-17,2024-04-26,KFC,Pasta,Chinese,3,1387.34,Card,40,2024-09-29,51,Active,4,2025-03-30,Cancelled
2039,Other,Teenager,Multan,2023-10-18,2024-04-26,Burger King,Burger,Continental,3,1011.78,Wallet,25,2024-03-10,39,Inactive,4,2025-01-07,Delayed
2040,Female,Senior,Karachi,2024-02-22,2024-04-26,Pizza Hut,Sandwich,Dessert,2,1363.15,Cash,32,2025-06-01,471,Inactive,2,2024-07-10,Delivered
2041,Male,Teenager,Karachi,2024-06-19,2024-04-26,Pizza Hut,Pasta,Italian,3,1204.55,Card,47,2025-07-04,400,Inactive,3,2025-02-05,Delayed
2042,Other,Senior,Islamabad,2024-05-21,2024-04-27,KFC,Pasta,Chinese,2,966.48,Card,5,2025-01-05,195,Active,2,2025-11-07,Delayed
2043,Other,Senior,Peshawar,2024-07-04,2024-04-27,Pizza Hut,Fries,Italian,2,1333.77,Cash,26,2025-03-15,272,Active,1,2025-07-17,Cancelled
2044,Other,Teenager,Peshawar,2023-07-10,2024-04-27,McDonald's,Pizza,Fast Food,3,623.06,Cash,26,2025-04-17,440,Inactive,4,2025-02-14,Delivered
2045,Other,Adult,Lahore,2025-11-05,2024-04-27,Subway,Sandwich,Italian,5,191.04,Card,5,2024-12-26,210,Active,3,2025-11-04,Delivered
2046,Female,Teenager,Multan,2025-03-22,2024-04-27,Pizza Hut,Burger,Italian,2,957.04,Wallet,47,2024-10-30,380,Inactive,1,2025-05-04,Cancelled
2047,Other,Adult,Islamabad,2024-05-19,2024-04-27,KFC,Pizza,Continental,4,1012.57,Wallet,26,2024-08-24,463,Inactive,2,2024-10-24,Delayed
2048,Female,Teenager,Peshawar,2024-11-04,2024-04-27,Subway,Fries,Italian,1,1154.18,Cash,23,2024-10-15,448,Inactive,2,2025-07-21,Delivered
2049,Female,Adult,Multan,2024-01-21,2024-04-27,Subway,Burger,Chinese,4,1227.07,Card,11,2025-03-04,291,Active,5,2025-01-15,Delivered
2050,Female,Senior,Islamabad,2023-08-24,2024-04-27,Subway,Fries,Dessert,5,188.91,Card,23,2024-07-10,234,Active,5,2025-02-19,Delivered
2051,Female,Teenager,Islamabad,2024-04-10,2024-04-28,KFC,Pizza,Chinese,2,820.82,Wallet,47,2024-04-09,294,Inactive,4,2024-10-13,Delivered
2052,Other,Senior,Peshawar,2023-04-11,2024-04-28,KFC,Burger,Chinese,4,805.09,Cash,35,2024-11-25,195,Inactive,5,2025-03-06,Cancelled
2053,Other,Senior,Multan,2024-09-14,2024-04-28,Burger King,Burger,Italian,2,611.52,Wallet,21,2024-12-16,73,Active,3,2025-07-22,Cancelled
2054,Male,Adult,Islamabad,2025-05-01,2024-04-28,Pizza Hut,Burger,Italian,5,1071.83,Card,24,2025-07-06,349,Inactive,2,2025-11-06,Cancelled
2055,Other,Adult,Peshawar,2025-03-17,2024-04-28,KFC,Fries,Dessert,1,1145.82,Card,30,2024-11-29,122,Active,3,2025-01-18,Cancelled
2056,Male,Teenager,Karachi,2024-07-04,2024-04-28,Pizza Hut,Sandwich,Continental,1,411.37,Cash,30,2025-11-06,243,Active,2,2025-07-25,Cancelled
2057,Other,Adult,Multan,2023-07-12,2024-04-28,Pizza Hut,Pasta,Dessert,2,160.82,Wallet,8,2025-07-24,285,Inactive,2,2024-08-28,Delivered
2058,Female,Teenager,Multan,2025-08-15,2024-04-29,KFC,Sandwich,Continental,2,1185.2,Card,46,2025-08-13,491,Active,3,2025-05-29,Cancelled
2059,Male,Teenager,Peshawar,2023-10-16,2024-04-29,KFC,Burger,Italian,4,930.85,Wallet,4,2024-09-24,92,Inactive,3,2025-06-20,Delayed
2060,Other,Teenager,Karachi,2024-12-17,2024-04-29,Subway,Pasta,Chinese,5,1265.29,Wallet,4,2024-10-18,262,Active,3,2025-02-05,Delivered
2061,Female,Adult,Peshawar,2024-12-18,2024-04-29,Pizza Hut,Fries,Dessert,3,300.18,Cash,3,2025-11-01,411,Active,5,2025-01-15,Cancelled
2062,Other,Adult,Peshawar,2024-10-26,2024-04-29,Pizza Hut,Sandwich,Fast Food,1,494.13,Card,6,2025-04-28,262,Active,4,2025-02-14,Delivered
2063,Female,Senior,Multan,2024-02-26,2024-04-29,Subway,Pasta,Continental,3,1029.41,Card,32,2025-07-20,45,Inactive,3,2024-12-16,Delivered
2064,Male,Adult,Karachi,2025-10-01,2024-04-29,Subway,Sandwich,Dessert,5,1386.81,Wallet,19,2024-11-18,240,Active,1,2024-09-21,Delivered
2065,Other,Teenager,Multan,2024-07-16,2024-04-29,KFC,Burger,Fast Food,3,987.74,Cash,50,2025-05-14,228,Active,1,2025-06-06,Delivered
2066,Female,Adult,Karachi,2024-10-30,2024-04-30,KFC,Fries,Fast Food,1,1275.78,Wallet,47,2024-10-14,351,Inactive,1,2025-07-20,Delivered
2067,Female,Adult,Peshawar,2025-05-08,2024-04-30,Burger King,Burger,Italian,4,683.88,Wallet,33,2025-03-30,475,Active,4,2025-11-06,Cancelled
2068,Male,Senior,Peshawar,2025-01-05,2024-04-30,McDonald's,Sandwich,Chinese,2,1012.18,Wallet,35,2025-01-22,141,Active,2,2024-10-22,Delivered
2069,Female,Senior,Multan,2024-05-29,2024-04-30,Subway,Pasta,Continental,4,173.93,Card,8,2025-03-05,310,Active,1,2024-06-10,Delivered
2070,Female,Senior,Peshawar,2025-07-14,2024-04-30,McDonald's,Pizza,Continental,3,276.4,Card,20,2024-08-29,216,Inactive,5,2025-05-18,Cancelled
2071,Other,Adult,Islamabad,2023-10-19,2024-04-30,Pizza Hut,Pizza,Continental,2,375.1,Card,12,2024-09-27,107,Inactive,5,2025-04-21,Delivered
2072,Male,Senior,Peshawar,2024-12-05,2024-01-05,Burger King,Fries,Chinese,4,938.68,Cash,30,2024-09-15,367,Inactive,2,2024-12-09,Delayed
2073,Male,Teenager,Lahore,2025-05-16,2024-01-05,Pizza Hut,Sandwich,Fast Food,5,654.41,Cash,36,2024-10-30,268,Inactive,4,2025-11-05,Delivered
2074,Female,Teenager,Peshawar,2024-05-05,2024-01-05,Subway,Pizza,Dessert,4,1164.26,Cash,47,2025-08-05,149,Inactive,4,2024-10-15,Delivered
2075,Male,Senior,Peshawar,2025-04-30,2024-01-05,Subway,Pasta,Continental,1,592.84,Card,39,2025-05-27,290,Active,1,2024-10-26,Delivered
2076,Other,Senior,Islamabad,2023-10-11,2024-02-05,Pizza Hut,Sandwich,Continental,3,1377.06,Cash,29,2024-11-30,372,Inactive,1,2025-07-05,Delivered
2077,Other,Teenager,Karachi,2024-11-10,2024-02-05,KFC,Pasta,Fast Food,2,614.21,Cash,11,2025-06-13,361,Inactive,1,2024-12-26,Delayed
2078,Male,Teenager,Islamabad,2024-10-15,2024-02-05,Pizza Hut,Pasta,Italian,3,576.44,Cash,43,2025-08-15,460,Inactive,3,2025-02-23,Delivered
2079,Female,Senior,Karachi,2025-06-28,2024-02-05,Burger King,Sandwich,Fast Food,2,1369.3,Card,45,2025-05-03,48,Inactive,5,2025-03-05,Delivered
2080,Male,Teenager,Multan,2024-07-26,2024-02-05,Subway,Sandwich,Dessert,2,436.26,Card,14,2024-10-15,278,Inactive,1,2024-12-24,Delayed
2081,Other,Teenager,Peshawar,2024-02-06,2024-02-05,Pizza Hut,Burger,Chinese,5,207.86,Cash,20,2025-04-14,251,Active,4,2025-09-08,Delivered
2082,Female,Adult,Multan,2024-06-05,2024-02-05,Subway,Pizza,Chinese,4,340.15,Cash,44,2025-10-06,450,Active,3,2025-06-30,Cancelled
2083,Female,Senior,Islamabad,2025-07-31,2024-02-05,Subway,Fries,Italian,5,117.17,Wallet,32,2025-08-04,488,Inactive,3,2024-03-11,Delayed
2084,Other,Teenager,Peshawar,2025-07-27,2024-02-05,McDonald's,Burger,Continental,4,849.63,Wallet,1,2025-02-28,482,Active,4,2024-11-25,Cancelled
2085,Female,Adult,Lahore,2024-07-21,2024-03-05,McDonald's,Pizza,Fast Food,4,1349.93,Card,14,2025-04-16,2,Active,4,2025-04-24,Cancelled
2086,Male,Teenager,Karachi,2023-04-11,2024-03-05,Burger King,Sandwich,Fast Food,4,1130.54,Card,14,2025-04-28,315,Active,2,2024-10-15,Delivered
2087,Male,Teenager,Multan,2025-01-24,2024-03-05,McDonald's,Burger,Italian,5,726.46,Cash,11,2024-11-28,386,Inactive,4,2024-12-21,Delivered
2088,Female,Senior,Peshawar,2024-08-15,2024-03-05,Burger King,Pizza,Fast Food,2,1172.17,Cash,6,2025-07-19,315,Active,2,2025-04-04,Cancelled
2089,Female,Adult,Karachi,2024-06-07,2024-03-05,Subway,Fries,Chinese,2,702.87,Cash,20,2025-06-28,258,Active,1,2024-08-29,Cancelled
2090,Other,Senior,Multan,2024-05-19,2024-03-05,Pizza Hut,Sandwich,Fast Food,5,739.23,Wallet,33,2025-05-05,333,Active,1,2024-01-10,Cancelled
2091,Other,Senior,Lahore,2024-02-26,2024-04-05,Pizza Hut,Fries,Fast Food,5,419.55,Card,50,2024-09-29,241,Active,5,2024-12-24,Delivered
2092,Female,Adult,Karachi,2025-03-28,2024-04-05,KFC,Pasta,Italian,3,876.4,Wallet,7,2025-04-27,137,Active,3,2024-08-26,Cancelled
2093,Other,Adult,Karachi,2024-10-22,2024-04-05,KFC,Fries,Chinese,3,236.93,Card,49,2025-11-02,446,Active,3,2025-01-25,Delivered
2094,Other,Senior,Karachi,2023-09-20,2024-04-05,KFC,Pasta,Italian,1,171.97,Wallet,19,2024-09-09,412,Inactive,4,2025-04-02,Delivered
2095,Other,Senior,Lahore,2024-08-19,2024-04-05,Pizza Hut,Fries,Continental,5,799.38,Wallet,42,2024-11-22,300,Active,2,2024-10-22,Delivered
2096,Female,Adult,Multan,2025-09-07,2024-04-05,KFC,Pasta,Continental,1,492.37,Cash,4,2025-02-19,348,Active,2,2025-05-27,Delivered
2097,Male,Adult,Multan,2025-02-18,2024-05-05,Pizza Hut,Pasta,Continental,3,806.34,Card,18,2025-12-02,278,Inactive,5,2024-12-26,Cancelled
2098,Other,Teenager,Multan,2024-10-31,2024-05-05,KFC,Fries,Dessert,2,1304.69,Cash,27,2024-10-25,436,Active,3,2025-08-01,Delivered
2099,Other,Teenager,Lahore,2024-06-11,2024-05-05,KFC,Pasta,Italian,4,1344.23,Card,45,2025-04-25,398,Inactive,2,2025-08-14,Cancelled
2100,Male,Teenager,Lahore,2024-08-08,2024-05-05,Pizza Hut,Pasta,Italian,2,1146.64,Cash,23,2024-12-15,401,Active,2,2024-11-18,Cancelled
2101,Female,Adult,Lahore,2025-09-01,2024-05-05,McDonald's,Fries,Continental,3,197.07,Card,38,2024-11-19,20,Active,4,2025-05-04,Delivered
2102,Female,Adult,Multan,2024-02-16,2024-05-05,Pizza Hut,Sandwich,Chinese,4,1317.71,Wallet,36,2024-11-13,252,Inactive,1,2025-03-28,Cancelled
2103,Female,Adult,Lahore,2024-11-30,2024-05-05,McDonald's,Burger,Fast Food,4,137.37,Wallet,33,2025-08-05,412,Active,4,2025-05-04,Cancelled
2104,Other,Teenager,Islamabad,2025-02-16,2024-06-05,McDonald's,Sandwich,Italian,2,438.7,Wallet,24,2024-05-09,64,Inactive,2,2025-08-08,Delayed
2105,Male,Senior,Islamabad,2023-09-16,2024-06-05,McDonald's,Sandwich,Continental,2,1080.01,Card,41,2024-10-24,106,Active,3,2025-07-24,Delivered
2106,Other,Senior,Peshawar,2024-09-11,2024-06-05,Burger King,Pasta,Dessert,3,1180.13,Card,15,2025-01-16,373,Inactive,5,2025-12-04,Delayed
2107,Male,Senior,Peshawar,2024-11-27,2024-06-05,McDonald's,Pizza,Continental,2,804.13,Card,26,2025-06-24,298,Inactive,1,2025-04-24,Delayed
2108,Female,Teenager,Peshawar,2024-05-21,2024-06-05,McDonald's,Fries,Italian,5,333.34,Cash,18,2025-08-07,258,Active,1,2024-08-22,Delayed
2109,Female,Adult,Lahore,2024-07-01,2024-07-05,McDonald's,Pasta,Italian,1,834.97,Wallet,31,2024-08-23,263,Inactive,1,2024-11-09,Delayed
2110,Other,Adult,Multan,2025-05-07,2024-07-05,Pizza Hut,Pizza,Continental,2,1079.19,Wallet,4,2024-09-20,9,Inactive,1,2025-03-08,Delayed
2111,Female,Senior,Lahore,2024-03-16,2024-07-05,Pizza Hut,Pizza,Dessert,5,537.33,Cash,33,2024-12-21,239,Inactive,2,2025-04-28,Delayed
2112,Female,Senior,Lahore,2025-03-01,2024-07-05,KFC,Burger,Italian,1,896.27,Cash,11,2025-11-02,61,Active,2,2024-08-26,Delivered
2113,Other,Teenager,Peshawar,2024-08-04,2024-07-05,Burger King,Fries,Italian,2,489.76,Card,45,2025-05-21,59,Active,5,2025-09-02,Delayed
2114,Other,Adult,Karachi,2023-12-09,2024-07-05,Subway,Pasta,Continental,3,1024.57,Card,32,2025-07-29,409,Active,4,2024-12-20,Delivered
2115,Other,Adult,Islamabad,2025-07-15,2024-08-05,Pizza Hut,Pizza,Italian,3,143.14,Wallet,12,2025-06-20,491,Inactive,2,2025-03-13,Delayed
2116,Male,Teenager,Lahore,2025-12-04,2024-08-05,Pizza Hut,Fries,Italian,3,209.88,Cash,32,2025-04-20,66,Active,4,2024-06-09,Delayed
2117,Other,Teenager,Islamabad,2024-09-26,2024-08-05,Subway,Sandwich,Italian,2,906.22,Card,11,2024-08-10,439,Inactive,4,2025-01-06,Cancelled
2118,Other,Senior,Multan,2025-03-28,2024-08-05,Burger King,Fries,Fast Food,3,1282.87,Cash,46,2024-10-30,480,Inactive,5,2024-05-11,Delayed
2119,Male,Teenager,Lahore,2025-01-08,2024-08-05,McDonald's,Pizza,Continental,1,900.48,Wallet,13,2025-07-20,28,Active,5,2025-06-16,Delayed
2120,Female,Teenager,Lahore,2024-05-08,2024-08-05,Burger King,Pizza,Continental,2,734.06,Cash,39,2025-02-05,120,Inactive,4,2024-09-23,Cancelled
2121,Female,Teenager,Lahore,2024-08-17,2024-08-05,KFC,Fries,Chinese,1,733.23,Cash,26,2024-11-18,299,Active,3,2024-12-09,Delivered
2122,Other,Adult,Multan,2023-12-10,2024-08-05,KFC,Sandwich,Chinese,4,934.92,Wallet,32,2025-06-16,327,Inactive,1,2024-12-13,Delivered
2123,Female,Teenager,Multan,2024-11-12,2024-08-05,KFC,Pasta,Fast Food,2,364.05,Wallet,43,2024-08-12,244,Inactive,1,2025-07-29,Delayed
2124,Other,Adult,Islamabad,2025-04-30,2024-08-05,McDonald's,Pasta,Dessert,4,495.96,Wallet,14,2024-08-22,149,Active,5,2025-02-13,Delayed
2125,Male,Adult,Multan,2025-12-01,2024-08-05,Subway,Sandwich,Continental,2,706.91,Cash,27,2025-06-02,310,Inactive,2,2025-02-17,Delivered
2126,Female,Adult,Multan,2025-02-02,2024-09-05,Subway,Pasta,Italian,1,219.54,Cash,42,2024-09-26,392,Active,1,2024-10-23,Cancelled
2127,Female,Adult,Lahore,2025-07-05,2024-09-05,Pizza Hut,Burger,Italian,2,114.74,Cash,30,2025-06-01,402,Active,2,2024-10-26,Cancelled
2128,Other,Teenager,Multan,2023-09-20,2024-09-05,McDonald's,Fries,Continental,2,988.27,Wallet,10,2024-12-12,131,Active,3,2025-05-04,Delayed
2129,Male,Adult,Islamabad,2025-03-24,2024-09-05,KFC,Pizza,Continental,2,1109.52,Cash,23,2025-01-13,423,Inactive,2,2024-11-10,Cancelled
2130,Other,Adult,Multan,2025-07-05,2024-09-05,McDonald's,Sandwich,Fast Food,5,818.91,Cash,35,2025-07-07,243,Inactive,3,2025-03-21,Cancelled
2131,Other,Adult,Lahore,2025-05-01,2024-09-05,Burger King,Fries,Fast Food,1,646.07,Card,8,2024-12-21,278,Inactive,5,2025-04-23,Delivered
2132,Female,Adult,Peshawar,2024-02-05,2024-09-05,Subway,Fries,Chinese,1,1485.85,Cash,47,2024-12-27,393,Active,3,2025-03-15,Cancelled
2133,Other,Adult,Karachi,2024-02-05,2024-09-05,Pizza Hut,Pizza,Chinese,5,1300.15,Card,42,2024-09-16,14,Active,2,2024-11-13,Delayed
2134,Other,Senior,Multan,2024-01-04,2024-10-05,Burger King,Sandwich,Italian,5,1469.53,Card,13,2025-03-06,165,Active,5,2025-01-04,Delivered
2135,Male,Teenager,Peshawar,2023-11-15,2024-10-05,McDonald's,Pasta,Chinese,3,1294.71,Cash,50,2025-11-04,161,Active,1,2025-06-15,Cancelled
2136,Female,Senior,Islamabad,2023-08-24,2024-10-05,McDonald's,Burger,Continental,5,290.25,Card,29,2025-06-14,82,Active,1,2025-05-21,Delayed
2137,Male,Senior,Karachi,2023-01-09,2024-10-05,Burger King,Burger,Chinese,4,539.85,Cash,21,2024-10-31,370,Active,2,2025-02-27,Cancelled
2138,Other,Teenager,Multan,2023-10-16,2024-10-05,Burger King,Sandwich,Continental,1,469.04,Cash,14,2025-12-06,296,Active,1,2024-07-09,Cancelled
2139,Female,Adult,Karachi,2024-08-24,2024-10-05,Burger King,Burger,Italian,5,448.63,Wallet,41,2025-01-01,464,Active,5,2024-10-09,Delivered
2140,Female,Senior,Karachi,2025-06-21,2024-10-05,KFC,Fries,Dessert,4,1344.65,Card,46,2025-01-28,307,Inactive,3,2025-07-13,Delivered
2141,Other,Adult,Peshawar,2024-12-15,2024-11-05,Burger King,Pasta,Chinese,4,949.8,Cash,48,2025-04-16,481,Active,4,2025-08-13,Cancelled
2142,Male,Senior,Islamabad,2023-08-24,2024-11-05,Burger King,Fries,Italian,3,225.17,Card,22,2025-04-28,489,Active,3,2024-04-11,Delayed
2143,Male,Teenager,Islamabad,2024-11-21,2024-12-05,Subway,Burger,Dessert,2,175.48,Cash,42,2025-05-15,413,Inactive,5,2025-06-29,Delivered
2144,Male,Adult,Peshawar,2025-07-22,2024-12-05,KFC,Pasta,Italian,4,436.53,Wallet,40,2025-07-20,135,Inactive,5,2024-07-12,Delivered
2145,Other,Teenager,Peshawar,2024-05-22,2024-12-05,KFC,Fries,Fast Food,1,913.2,Cash,19,2025-04-20,161,Active,3,2025-07-13,Delayed
2146,Other,Senior,Islamabad,2024-02-29,2024-12-05,Burger King,Fries,Dessert,3,1222.55,Cash,49,2025-01-18,442,Active,2,2025-05-06,Delivered
2147,Male,Teenager,Peshawar,2024-03-27,2024-12-05,Subway,Burger,Dessert,4,596.96,Cash,13,2025-08-01,235,Active,1,2025-04-27,Cancelled
2148,Female,Teenager,Lahore,2024-01-03,2024-12-05,Burger King,Fries,Italian,3,624.43,Cash,46,2025-02-04,47,Inactive,2,2025-02-02,Delivered
2149,Male,Adult,Peshawar,2024-09-24,2024-12-05,Subway,Pizza,Dessert,2,508.24,Wallet,10,2024-08-28,148,Active,4,2025-02-03,Delivered
2150,Other,Senior,Islamabad,2024-08-21,2024-12-05,Burger King,Sandwich,Fast Food,1,1396.82,Card,27,2025-11-06,188,Inactive,2,2024-11-29,Delivered
2151,Male,Teenager,Islamabad,2024-04-17,2024-12-05,Burger King,Sandwich,Continental,4,891.58,Wallet,41,2024-12-12,372,Active,5,2025-01-30,Delivered
2152,Male,Teenager,Multan,2024-01-19,2024-05-13,KFC,Pasta,Dessert,5,1142.42,Card,36,2025-05-30,272,Active,1,2025-06-01,Delayed
2153,Other,Teenager,Multan,2024-09-16,2024-05-13,Subway,Fries,Dessert,2,1071.07,Cash,41,2025-02-06,498,Inactive,4,2024-08-24,Cancelled
2154,Female,Teenager,Karachi,2024-09-18,2024-05-13,KFC,Pasta,Continental,4,1449.32,Cash,45,2024-11-15,326,Active,5,2025-09-01,Delivered
2155,Male,Teenager,Karachi,2025-05-31,2024-05-13,McDonald's,Pizza,Chinese,5,810.36,Wallet,4,2024-02-09,26,Active,5,2025-11-05,Delivered
2156,Other,Senior,Peshawar,2023-08-28,2024-05-13,Subway,Pizza,Dessert,1,872.74,Cash,15,2024-09-27,224,Active,5,2024-04-09,Delayed
2157,Male,Senior,Peshawar,2025-07-26,2024-05-13,Subway,Fries,Italian,1,248.51,Card,45,2025-01-08,259,Active,1,2025-03-06,Cancelled
2158,Other,Teenager,Multan,2024-08-26,2024-05-13,McDonald's,Pizza,Fast Food,1,622.02,Wallet,24,2024-09-24,164,Active,2,2025-01-24,Cancelled
2159,Male,Teenager,Lahore,2025-07-27,2024-05-13,Pizza Hut,Sandwich,Italian,3,206.84,Cash,3,2024-06-09,141,Inactive,1,2024-12-30,Delivered
2160,Male,Teenager,Islamabad,2023-11-14,2024-05-13,Subway,Pasta,Italian,2,1433.02,Card,33,2024-02-09,469,Active,4,2024-09-14,Delayed
2161,Other,Senior,Peshawar,2024-09-18,2024-05-14,Pizza Hut,Pasta,Fast Food,4,1229.62,Wallet,23,2024-12-26,495,Active,4,2024-09-28,Delivered
2162,Male,Senior,Peshawar,2024-07-23,2024-05-14,Burger King,Pasta,Chinese,1,156.71,Wallet,29,2025-07-20,486,Active,3,2025-07-27,Delivered
2163,Female,Teenager,Peshawar,2024-08-09,2024-05-14,Pizza Hut,Fries,Fast Food,1,852.45,Cash,17,2024-09-14,184,Inactive,5,2025-04-07,Delivered
2164,Other,Senior,Multan,2024-05-08,2024-05-14,McDonald's,Sandwich,Fast Food,5,1273.03,Wallet,17,2025-05-19,309,Active,2,2025-05-07,Delivered
2165,Female,Adult,Islamabad,2024-05-20,2024-05-14,Burger King,Burger,Dessert,2,1392.19,Wallet,31,2025-01-14,192,Active,2,2024-11-24,Delivered
2166,Other,Teenager,Islamabad,2024-06-16,2024-05-14,McDonald's,Pizza,Continental,2,929.17,Wallet,24,2025-07-14,309,Active,3,2025-06-24,Delayed
2167,Male,Adult,Islamabad,2025-02-22,2024-05-14,KFC,Fries,Continental,4,817.38,Card,26,2025-04-24,132,Inactive,4,2025-07-05,Delivered
2168,Male,Adult,Peshawar,2024-11-06,2024-05-14,KFC,Pasta,Italian,5,1395.78,Card,23,2025-08-20,101,Active,1,2025-12-06,Cancelled
2169,Female,Teenager,Islamabad,2024-09-02,2024-05-14,Subway,Burger,Italian,5,1175.49,Card,7,2024-10-18,71,Active,5,2024-09-18,Cancelled
2170,Other,Senior,Islamabad,2025-03-17,2024-05-14,Burger King,Fries,Chinese,5,1149.76,Wallet,40,2024-09-24,25,Active,1,2025-02-20,Delivered
2171,Male,Adult,Multan,2025-04-18,2024-05-15,KFC,Pizza,Continental,4,505.52,Card,21,2024-10-25,276,Inactive,5,2025-10-02,Delayed
2172,Other,Adult,Lahore,2024-02-09,2024-05-15,KFC,Fries,Italian,4,1016.79,Wallet,1,2024-10-17,310,Inactive,5,2025-06-05,Delayed
2173,Other,Teenager,Multan,2024-09-24,2024-05-15,Pizza Hut,Pasta,Chinese,1,1044.89,Wallet,40,2025-04-23,217,Active,2,2024-10-24,Delivered
2174,Other,Senior,Lahore,2025-04-02,2024-05-15,Pizza Hut,Burger,Italian,3,699.07,Wallet,38,2025-05-20,304,Inactive,4,2025-02-21,Delayed
2175,Other,Senior,Karachi,2025-10-04,2024-05-15,KFC,Sandwich,Fast Food,4,1239.29,Wallet,32,2024-10-19,141,Active,1,2025-03-13,Delivered
2176,Female,Teenager,Multan,2023-08-22,2024-05-15,McDonald's,Burger,Dessert,2,545.14,Cash,10,2024-12-16,35,Active,5,2025-03-17,Cancelled
2177,Male,Adult,Multan,2025-07-20,2024-05-15,Subway,Burger,Continental,1,1029.89,Wallet,12,2025-03-18,115,Active,2,2025-03-02,Delivered
2178,Male,Senior,Karachi,2023-11-17,2024-05-16,Pizza Hut,Burger,Continental,2,1463.74,Cash,9,2025-06-07,281,Active,2,2025-02-27,Cancelled
2179,Female,Teenager,Karachi,2024-05-24,2024-05-16,McDonald's,Pizza,Continental,3,168.76,Cash,30,2025-03-24,258,Active,4,2025-01-21,Delivered
2180,Other,Teenager,Karachi,2023-09-26,2024-05-16,KFC,Fries,Chinese,3,655.0,Wallet,25,2025-03-18,19,Active,2,2025-01-08,Delivered
2181,Male,Teenager,Karachi,2025-07-26,2024-05-16,Pizza Hut,Sandwich,Chinese,3,1040.6,Wallet,39,2024-11-12,484,Inactive,3,2024-09-19,Delayed
2182,Other,Senior,Karachi,2024-05-19,2024-05-16,Subway,Burger,Fast Food,1,1287.14,Card,17,2025-04-01,325,Active,4,2025-04-24,Delivered
2183,Female,Adult,Multan,2025-05-08,2024-05-16,Subway,Fries,Dessert,2,539.63,Cash,5,2025-07-17,114,Inactive,4,2025-03-07,Delivered
2184,Other,Adult,Islamabad,2025-04-13,2024-05-16,KFC,Burger,Continental,4,937.88,Wallet,41,2025-05-30,197,Active,1,2025-01-25,Delayed
2185,Female,Senior,Peshawar,2023-03-11,2024-05-16,Pizza Hut,Burger,Dessert,4,206.27,Card,15,2025-07-15,454,Active,3,2024-10-28,Delayed
2186,Female,Teenager,Karachi,2023-09-15,2024-05-16,Subway,Sandwich,Chinese,1,654.3,Card,15,2025-01-04,423,Active,5,2024-08-09,Delivered
2187,Female,Senior,Islamabad,2024-11-19,2024-05-17,Pizza Hut,Pasta,Chinese,1,510.62,Wallet,31,2025-08-06,500,Inactive,5,2024-09-25,Cancelled
2188,Male,Teenager,Lahore,2025-10-04,2024-05-17,Pizza Hut,Fries,Chinese,1,897.57,Card,14,2025-03-27,216,Active,1,2025-09-01,Delivered
2189,Male,Senior,Lahore,2024-07-05,2024-05-17,Pizza Hut,Sandwich,Dessert,1,497.43,Cash,29,2025-05-23,152,Active,2,2025-01-26,Cancelled
2190,Male,Teenager,Islamabad,2025-02-22,2024-05-17,Pizza Hut,Burger,Fast Food,1,1383.4,Cash,11,2025-04-26,261,Inactive,3,2025-05-17,Delayed
2191,Other,Adult,Multan,2025-02-25,2024-05-17,KFC,Pizza,Fast Food,4,467.7,Card,34,2025-10-07,385,Inactive,4,2025-08-21,Cancelled
2192,Other,Adult,Multan,2024-11-12,2024-05-17,Subway,Pizza,Italian,5,1498.72,Wallet,42,2025-02-05,70,Active,2,2025-04-29,Delayed
2193,Other,Adult,Karachi,2024-05-10,2024-05-17,Burger King,Burger,Dessert,3,382.54,Wallet,33,2024-11-16,322,Inactive,4,2024-06-10,Delivered
2194,Female,Senior,Peshawar,2025-04-08,2024-05-17,Subway,Fries,Continental,2,903.71,Cash,18,2025-08-20,143,Inactive,1,2024-12-22,Delivered
2195,Male,Teenager,Lahore,2024-05-13,2024-05-17,Subway,Fries,Fast Food,5,245.91,Cash,23,2024-09-10,17,Inactive,2,2025-02-20,Delivered
2196,Other,Adult,Karachi,2025-07-16,2024-05-18,Burger King,Sandwich,Italian,3,573.79,Card,42,2025-11-06,26,Active,5,2025-07-17,Delayed
2197,Male,Teenager,Karachi,2023-10-19,2024-05-18,Burger King,Pasta,Chinese,1,982.15,Wallet,50,2025-02-18,376,Inactive,3,2025-07-24,Cancelled
2198,Female,Senior,Multan,2023-05-09,2024-05-18,Pizza Hut,Burger,Fast Food,2,1200.84,Card,2,2025-08-05,134,Active,4,2024-12-21,Delayed
2199,Female,Adult,Multan,2025-02-25,2024-05-18,Burger King,Fries,Chinese,3,1341.7,Cash,30,2025-12-06,277,Active,1,2025-03-04,Delivered
2200,Male,Teenager,Peshawar,2024-06-20,2024-05-18,Subway,Fries,Continental,3,313.86,Wallet,21,2024-10-15,295,Active,1,2025-01-26,Delayed
2201,Male,Adult,Lahore,2024-01-01,2024-05-18,KFC,Fries,Chinese,5,908.05,Card,44,2025-01-03,336,Inactive,1,2024-12-23,Delivered
2202,Female,Senior,Peshawar,2024-08-19,2024-05-18,Subway,Sandwich,Fast Food,1,841.93,Wallet,26,2025-11-04,449,Inactive,5,2025-03-31,Delayed
2203,Other,Senior,Multan,2025-01-13,2024-05-18,Pizza Hut,Burger,Italian,3,187.21,Cash,6,2025-01-13,5,Inactive,2,2024-11-14,Delivered
2204,Male,Adult,Multan,2024-05-06,2024-05-18,KFC,Fries,Italian,2,1266.83,Wallet,3,2025-03-07,51,Active,5,2025-10-04,Delivered
2205,Other,Senior,Karachi,2024-08-26,2024-05-18,McDonald's,Pasta,Continental,5,663.78,Wallet,32,2025-05-27,153,Active,4,2025-03-05,Delivered
2206,Female,Teenager,Multan,2025-06-25,2024-05-18,McDonald's,Fries,Italian,1,1411.3,Card,17,2025-03-03,249,Inactive,3,2025-02-16,Delivered
2207,Male,Adult,Karachi,2024-10-24,2024-05-18,KFC,Sandwich,Fast Food,2,690.46,Card,26,2025-11-07,214,Inactive,1,2025-05-20,Delivered
2208,Female,Teenager,Islamabad,2024-03-01,2024-05-18,Pizza Hut,Burger,Dessert,3,340.31,Wallet,26,2025-04-25,268,Inactive,5,2024-09-20,Delayed
2209,Female,Senior,Islamabad,2025-04-27,2024-05-19,Subway,Pizza,Italian,2,381.61,Card,46,2025-01-19,53,Active,4,2025-03-21,Cancelled
2210,Female,Adult,Multan,2023-11-21,2024-05-19,McDonald's,Burger,Dessert,5,153.93,Cash,17,2025-07-02,486,Inactive,5,2024-12-10,Delivered
2211,Male,Senior,Peshawar,2024-03-08,2024-05-19,KFC,Pasta,Chinese,2,1416.53,Wallet,20,2025-05-28,15,Active,3,2025-02-19,Cancelled
2212,Other,Teenager,Peshawar,2025-01-06,2024-05-19,Pizza Hut,Pizza,Dessert,3,533.83,Card,29,2024-11-12,379,Active,1,2025-04-23,Delayed
2213,Other,Teenager,Multan,2023-09-29,2024-05-19,McDonald's,Pasta,Chinese,1,1058.71,Cash,6,2024-06-09,67,Inactive,5,2024-12-10,Delayed
2214,Male,Teenager,Peshawar,2025-07-29,2024-05-19,Pizza Hut,Pasta,Chinese,5,252.54,Wallet,44,2025-09-06,398,Active,5,2025-02-25,Delivered
2215,Male,Senior,Multan,2025-07-01,2024-05-19,Pizza Hut,Pizza,Continental,4,485.14,Card,47,2024-11-15,157,Inactive,2,2024-10-13,Delivered
2216,Other,Senior,Peshawar,2025-04-21,2024-05-19,Burger King,Burger,Chinese,2,919.17,Wallet,50,2024-09-28,311,Inactive,3,2024-03-09,Delayed
2217,Other,Teenager,Multan,2023-05-11,2024-05-20,KFC,Burger,Fast Food,3,228.46,Cash,11,2025-01-28,17,Inactive,2,2024-01-11,Delayed
2218,Female,Senior,Peshawar,2024-12-18,2024-05-20,KFC,Pasta,Dessert,1,900.71,Card,45,2025-05-14,486,Inactive,4,2025-02-05,Cancelled
2219,Female,Senior,Multan,2024-12-19,2024-05-20,Pizza Hut,Fries,Fast Food,5,709.31,Cash,36,2025-01-23,4,Inactive,5,2024-03-11,Delayed
2220,Female,Teenager,Karachi,2024-05-09,2024-05-20,Burger King,Pasta,Continental,5,1113.3,Wallet,35,2025-05-16,294,Active,1,2025-03-19,Cancelled
2221,Other,Teenager,Islamabad,2024-06-21,2024-05-20,KFC,Pasta,Dessert,4,953.63,Cash,15,2025-02-25,130,Inactive,3,2025-04-02,Delivered
2222,Other,Senior,Karachi,2025-11-04,2024-05-20,Pizza Hut,Pasta,Fast Food,4,905.45,Card,14,2025-08-07,303,Active,4,2024-10-13,Delivered
2223,Female,Senior,Islamabad,2025-07-08,2024-05-20,Pizza Hut,Sandwich,Chinese,1,1278.9,Cash,44,2024-09-25,25,Inactive,2,2025-07-24,Delivered
2224,Other,Teenager,Lahore,2025-07-22,2024-05-21,McDonald's,Burger,Dessert,1,1253.85,Wallet,31,2024-12-19,267,Inactive,5,2025-07-23,Delivered
2225,Female,Teenager,Peshawar,2025-04-26,2024-05-21,McDonald's,Sandwich,Chinese,1,895.81,Wallet,45,2025-03-31,364,Active,5,2025-03-29,Delivered
2226,Male,Senior,Karachi,2024-09-09,2024-05-21,McDonald's,Burger,Continental,3,1346.4,Wallet,8,2024-04-11,381,Inactive,1,2025-05-04,Cancelled
2227,Male,Senior,Islamabad,2025-06-22,2024-05-21,Burger King,Pasta,Italian,2,924.57,Wallet,23,2025-03-26,473,Active,2,2024-11-12,Delivered
2228,Male,Adult,Karachi,2024-08-10,2024-05-21,Pizza Hut,Sandwich,Fast Food,3,701.39,Card,38,2025-08-21,197,Active,3,2025-02-23,Delayed
2229,Other,Adult,Multan,2024-09-08,2024-05-21,McDonald's,Sandwich,Chinese,3,748.73,Card,15,2025-06-02,254,Inactive,5,2025-09-05,Delivered
2230,Female,Senior,Islamabad,2025-07-29,2024-05-21,Burger King,Burger,Fast Food,2,1327.52,Cash,12,2025-03-07,146,Inactive,3,2025-01-13,Cancelled
2231,Female,Adult,Peshawar,2025-07-02,2024-05-21,Burger King,Burger,Dessert,5,1093.52,Cash,48,2024-10-10,353,Inactive,1,2024-11-23,Cancelled
2232,Other,Adult,Lahore,2024-06-12,2024-05-21,KFC,Fries,Continental,1,537.69,Cash,16,2025-07-20,412,Inactive,5,2025-08-14,Delayed
2233,Male,Senior,Multan,2024-09-24,2024-05-21,McDonald's,Fries,Chinese,2,1449.82,Cash,37,2025-08-15,226,Active,3,2024-12-10,Cancelled
2234,Other,Teenager,Multan,2024-09-19,2024-05-22,Burger King,Sandwich,Fast Food,2,1307.54,Cash,49,2025-10-07,33,Inactive,4,2024-09-21,Delayed
2235,Male,Senior,Karachi,2024-05-06,2024-05-22,KFC,Burger,Fast Food,3,1258.67,Card,25,2024-10-17,111,Active,5,2024-10-18,Delayed
2236,Other,Senior,Karachi,2024-09-21,2024-05-22,Pizza Hut,Pizza,Dessert,1,760.45,Card,21,2025-12-08,308,Active,2,2025-02-14,Delayed
2237,Other,Senior,Lahore,2024-09-06,2024-05-22,Pizza Hut,Burger,Continental,4,1311.22,Cash,37,2025-07-22,343,Inactive,5,2025-01-28,Delivered
2238,Other,Adult,Karachi,2025-04-06,2024-05-22,Pizza Hut,Pizza,Continental,3,788.69,Cash,32,2024-12-09,436,Inactive,3,2025-11-05,Delivered
2239,Male,Adult,Peshawar,2024-05-06,2024-05-22,Burger King,Pasta,Dessert,4,1283.97,Card,16,2025-03-16,381,Active,2,2024-08-25,Delivered
2240,Other,Teenager,Lahore,2025-07-22,2024-05-22,Burger King,Burger,Dessert,2,1199.68,Cash,9,2024-09-23,175,Inactive,5,2024-11-14,Cancelled
2241,Female,Adult,Lahore,2025-07-24,2024-05-22,Subway,Fries,Italian,4,1456.87,Cash,28,2024-08-21,174,Inactive,5,2025-02-01,Delivered
2242,Female,Teenager,Peshawar,2025-07-28,2024-05-23,Pizza Hut,Pizza,Dessert,3,705.88,Card,30,2024-10-18,225,Active,1,2025-04-16,Cancelled
2243,Male,Adult,Karachi,2024-02-26,2024-05-23,McDonald's,Pasta,Italian,1,1442.58,Wallet,7,2024-11-12,38,Active,5,2025-06-14,Delayed
2244,Male,Senior,Lahore,2025-07-18,2024-05-23,Subway,Sandwich,Chinese,2,466.89,Cash,25,2024-04-10,345,Active,2,2025-02-14,Delayed
2245,Male,Adult,Karachi,2024-10-15,2024-05-23,Burger King,Pasta,Chinese,1,539.24,Cash,30,2024-12-10,192,Active,2,2024-08-23,Cancelled
2246,Male,Teenager,Islamabad,2025-07-27,2024-05-23,KFC,Sandwich,Chinese,1,771.48,Cash,50,2025-03-27,96,Active,4,2025-04-13,Cancelled
2247,Male,Senior,Karachi,2024-07-01,2024-05-23,Pizza Hut,Sandwich,Italian,3,1252.33,Wallet,4,2024-05-09,256,Active,2,2025-06-06,Cancelled
2248,Female,Adult,Multan,2024-06-05,2024-05-23,McDonald's,Burger,Chinese,4,1182.98,Card,12,2024-02-09,200,Inactive,2,2025-09-07,Cancelled
2249,Male,Senior,Lahore,2024-02-17,2024-05-23,Subway,Burger,Continental,4,1328.33,Card,42,2025-05-20,460,Inactive,3,2025-06-02,Delivered
2250,Female,Adult,Lahore,2023-08-31,2024-05-23,Pizza Hut,Fries,Italian,1,1469.47,Wallet,18,2025-09-08,448,Inactive,2,2024-12-16,Cancelled
2251,Other,Teenager,Peshawar,2024-10-13,2024-05-24,Burger King,Pasta,Italian,3,1487.08,Card,42,2025-05-03,389,Active,3,2025-02-05,Delayed
2252,Other,Senior,Peshawar,2025-08-16,2024-05-24,McDonald's,Pasta,Dessert,1,557.49,Wallet,26,2024-04-09,66,Inactive,2,2025-05-31,Delayed
2253,Female,Teenager,Multan,2024-10-03,2024-05-24,Subway,Burger,Italian,5,1039.5,Card,22,2024-07-09,92,Inactive,5,2024-11-24,Cancelled
2254,Female,Adult,Lahore,2024-03-19,2024-05-24,Burger King,Fries,Fast Food,5,106.16,Cash,1,2025-08-08,407,Inactive,1,2025-03-28,Cancelled
2255,Male,Senior,Islamabad,2024-02-10,2024-05-25,KFC,Fries,Italian,2,301.01,Wallet,6,2024-01-12,497,Inactive,5,2025-05-19,Delayed
2256,Male,Senior,Islamabad,2023-09-30,2024-05-25,Subway,Pasta,Fast Food,1,1111.22,Wallet,2,2024-06-11,82,Inactive,2,2024-12-18,Delivered
2257,Male,Teenager,Peshawar,2024-10-22,2024-05-25,Subway,Burger,Italian,3,1411.37,Wallet,24,2025-02-02,285,Active,5,2024-12-27,Cancelled
2258,Female,Senior,Islamabad,2025-11-01,2024-05-25,McDonald's,Pizza,Dessert,2,1382.43,Card,4,2025-07-14,243,Active,5,2025-04-29,Cancelled
2259,Male,Adult,Islamabad,2024-08-11,2024-05-25,Subway,Pizza,Continental,2,508.57,Wallet,41,2024-11-26,459,Inactive,1,2025-01-30,Cancelled
2260,Female,Senior,Islamabad,2025-07-31,2024-05-25,Pizza Hut,Fries,Fast Food,5,1373.38,Card,18,2025-07-26,475,Active,4,2025-08-07,Delayed
2261,Female,Adult,Multan,2024-07-22,2024-05-25,Pizza Hut,Pasta,Dessert,3,1438.71,Card,21,2025-03-03,289,Inactive,2,2025-05-28,Cancelled
2262,Female,Senior,Peshawar,2025-08-14,2024-05-26,Subway,Sandwich,Italian,4,417.96,Cash,30,2025-03-03,311,Inactive,1,2025-03-22,Cancelled
2263,Female,Senior,Multan,2025-03-31,2024-05-26,Pizza Hut,Burger,Dessert,5,424.28,Wallet,50,2025-08-06,345,Inactive,3,2025-03-16,Delivered
2264,Female,Senior,Multan,2024-12-15,2024-05-26,KFC,Pasta,Chinese,5,752.84,Card,14,2025-01-16,214,Active,4,2025-05-27,Delivered
2265,Female,Teenager,Lahore,2024-02-25,2024-05-26,Pizza Hut,Pizza,Chinese,2,200.73,Wallet,49,2025-07-03,133,Active,1,2025-04-13,Cancelled
2266,Female,Senior,Islamabad,2023-10-26,2024-05-26,Burger King,Pizza,Dessert,3,259.02,Card,13,2025-04-20,77,Inactive,4,2025-05-18,Cancelled
2267,Female,Teenager,Multan,2025-08-20,2024-05-27,KFC,Burger,Chinese,3,1452.02,Cash,3,2025-02-22,452,Inactive,2,2025-10-04,Cancelled
2268,Female,Adult,Karachi,2024-11-20,2024-05-27,KFC,Burger,Dessert,3,1451.36,Wallet,19,2025-03-24,268,Active,5,2025-01-14,Cancelled
2269,Female,Teenager,Islamabad,2023-09-13,2024-05-27,Pizza Hut,Burger,Chinese,5,295.03,Cash,37,2025-11-03,81,Active,4,2024-12-14,Delayed
2270,Other,Senior,Lahore,2024-12-31,2024-05-27,McDonald's,Burger,Fast Food,5,1262.52,Wallet,8,2025-10-07,309,Inactive,5,2025-08-19,Delayed
2271,Male,Senior,Islamabad,2024-07-15,2024-05-27,Subway,Pasta,Continental,2,1030.8,Card,27,2025-07-06,112,Active,3,2025-03-24,Delayed
2272,Male,Adult,Lahore,2025-11-05,2024-05-27,Subway,Pasta,Italian,1,1357.27,Cash,32,2025-04-21,361,Active,4,2025-05-27,Delayed
2273,Male,Adult,Peshawar,2024-10-10,2024-05-27,Pizza Hut,Burger,Chinese,2,787.5,Wallet,7,2025-05-24,36,Inactive,2,2024-10-27,Delayed
2274,Male,Adult,Islamabad,2025-06-23,2024-05-27,Burger King,Pasta,Dessert,5,138.13,Card,41,2024-09-11,9,Active,3,2025-10-01,Delivered
2275,Female,Senior,Karachi,2023-08-12,2024-05-28,KFC,Fries,Chinese,5,1147.95,Card,50,2024-12-31,163,Inactive,5,2024-11-17,Delivered
2276,Male,Adult,Multan,2024-06-30,2024-05-28,Burger King,Burger,Continental,5,509.22,Cash,21,2025-02-08,156,Inactive,3,2024-09-18,Delivered
2277,Female,Teenager,Lahore,2023-10-26,2024-05-28,KFC,Pasta,Chinese,5,342.85,Card,16,2025-06-29,112,Inactive,3,2025-03-03,Delayed
2278,Female,Senior,Multan,2024-05-22,2024-05-28,Pizza Hut,Pasta,Italian,1,879.11,Card,31,2025-03-08,301,Inactive,3,2025-07-14,Delayed
2279,Female,Senior,Karachi,2024-09-26,2024-05-28,Burger King,Burger,Chinese,1,1281.95,Wallet,9,2025-06-16,174,Active,2,2024-12-29,Delayed
2280,Male,Adult,Multan,2024-05-11,2024-05-29,KFC,Pasta,Continental,2,341.76,Card,18,2025-04-13,176,Active,2,2025-03-16,Cancelled
2281,Male,Teenager,Islamabad,2025-08-02,2024-05-29,KFC,Sandwich,Chinese,4,1473.46,Cash,4,2025-06-20,20,Active,5,2025-03-18,Delivered
2282,Female,Teenager,Multan,2025-01-14,2024-05-29,Subway,Sandwich,Dessert,1,1420.56,Card,27,2025-03-06,346,Inactive,3,2025-04-01,Delayed
2283,Female,Senior,Peshawar,2025-11-01,2024-05-30,McDonald's,Sandwich,Dessert,5,923.04,Wallet,21,2025-04-22,311,Active,2,2024-09-23,Delivered
2284,Other,Teenager,Lahore,2024-08-24,2024-05-30,Burger King,Pasta,Fast Food,4,1091.23,Wallet,2,2025-07-02,256,Active,2,2025-09-05,Cancelled
2285,Female,Adult,Karachi,2024-04-10,2024-05-30,Subway,Pasta,Continental,4,326.84,Card,35,2025-11-03,51,Active,4,2025-08-13,Delayed
2286,Other,Teenager,Peshawar,2023-12-22,2024-05-30,Subway,Sandwich,Continental,1,825.55,Card,46,2025-01-01,451,Active,4,2025-01-17,Delayed
2287,Female,Adult,Peshawar,2024-05-09,2024-05-30,KFC,Pasta,Chinese,1,1386.29,Card,34,2024-07-11,160,Inactive,5,2025-02-15,Delivered
2288,Male,Adult,Multan,2024-05-03,2024-05-30,Pizza Hut,Sandwich,Italian,4,787.98,Wallet,37,2025-07-03,31,Active,3,2024-10-29,Cancelled
2289,Other,Senior,Karachi,2024-02-22,2024-05-30,Subway,Pasta,Continental,5,538.88,Cash,22,2024-10-14,243,Inactive,1,2024-08-28,Cancelled
2290,Other,Senior,Islamabad,2025-03-06,2024-05-30,KFC,Fries,Fast Food,4,1438.37,Wallet,1,2025-07-21,340,Inactive,5,2025-10-03,Delivered
2291,Other,Teenager,Peshawar,2025-05-31,2024-05-30,KFC,Burger,Dessert,2,539.77,Card,45,2025-04-26,157,Inactive,1,2025-02-02,Cancelled
2292,Female,Senior,Karachi,2024-04-24,2024-05-30,KFC,Sandwich,Dessert,4,1007.79,Cash,5,2024-10-20,171,Inactive,1,2024-11-12,Delivered
2293,Other,Adult,Peshawar,2025-01-24,2024-05-30,McDonald's,Pasta,Continental,2,1359.67,Card,12,2024-12-23,153,Active,2,2024-10-25,Delivered
2294,Female,Teenager,Multan,2025-09-02,2024-05-30,KFC,Fries,Dessert,3,1405.04,Card,33,2024-09-12,268,Inactive,1,2025-02-28,Cancelled
2295,Other,Adult,Islamabad,2025-05-19,2024-05-31,Pizza Hut,Fries,Continental,5,788.9,Card,23,2024-05-12,73,Active,5,2024-11-09,Delayed
2296,Other,Senior,Karachi,2023-10-16,2024-05-31,Subway,Sandwich,Dessert,1,337.41,Wallet,41,2025-03-25,55,Active,2,2024-02-12,Delivered
2297,Other,Adult,Multan,2025-07-18,2024-05-31,Pizza Hut,Pasta,Continental,4,290.37,Cash,24,2025-12-04,226,Inactive,2,2025-08-19,Delivered
2298,Female,Teenager,Peshawar,2024-08-17,2024-05-31,KFC,Burger,Fast Food,4,719.53,Card,10,2024-11-21,457,Active,1,2025-02-16,Cancelled
2299,Other,Adult,Multan,2024-08-20,2024-05-31,Pizza Hut,Pasta,Dessert,3,588.48,Wallet,48,2025-06-02,352,Active,5,2025-07-15,Cancelled
2300,Female,Adult,Islamabad,2024-08-28,2024-05-31,McDonald's,Pizza,Dessert,3,239.85,Card,46,2024-06-10,360,Inactive,2,2025-06-02,Cancelled
2301,Male,Teenager,Islamabad,2023-07-09,2024-05-31,Pizza Hut,Fries,Continental,2,1098.18,Wallet,32,2025-03-15,456,Inactive,2,2025-07-26,Delivered
2302,Other,Teenager,Lahore,2025-03-05,2024-05-31,Burger King,Sandwich,Fast Food,5,322.42,Wallet,39,2024-11-15,441,Inactive,5,2025-01-01,Delivered
2303,Female,Adult,Lahore,2024-08-29,2024-05-31,McDonald's,Sandwich,Dessert,2,1089.73,Wallet,37,2024-10-30,106,Inactive,2,2025-04-19,Delayed
2304,Female,Adult,Peshawar,2023-08-30,2024-01-06,Pizza Hut,Pizza,Fast Food,2,832.14,Cash,36,2025-08-19,425,Active,1,2025-04-25,Delayed
2305,Other,Senior,Multan,2024-02-09,2024-01-06,KFC,Fries,Italian,2,966.24,Card,39,2024-09-29,119,Active,5,2025-05-14,Cancelled
2306,Male,Teenager,Peshawar,2024-06-29,2024-01-06,McDonald's,Burger,Chinese,5,1148.79,Wallet,50,2024-10-18,345,Active,4,2025-01-17,Delivered
2307,Other,Adult,Karachi,2023-10-18,2024-01-06,Pizza Hut,Burger,Dessert,5,146.74,Card,16,2025-08-07,383,Active,5,2024-09-18,Cancelled
2308,Female,Senior,Karachi,2024-09-05,2024-01-06,Pizza Hut,Pizza,Dessert,1,1040.28,Card,10,2025-06-04,129,Active,4,2025-09-02,Delayed
2309,Male,Adult,Islamabad,2025-02-01,2024-01-06,Pizza Hut,Sandwich,Continental,2,1294.54,Card,31,2025-12-07,96,Inactive,1,2025-09-08,Cancelled
2310,Male,Senior,Islamabad,2024-06-02,2024-01-06,Subway,Pizza,Italian,3,714.7,Wallet,14,2024-11-19,193,Active,5,2024-10-30,Delivered
2311,Female,Adult,Karachi,2025-03-13,2024-01-06,Pizza Hut,Pizza,Italian,2,277.02,Wallet,29,2025-05-07,394,Inactive,3,2025-05-14,Delivered
2312,Other,Adult,Lahore,2025-06-29,2024-01-06,Pizza Hut,Burger,Chinese,1,992.84,Card,45,2025-01-01,31,Inactive,1,2025-05-01,Delayed
2313,Male,Senior,Islamabad,2025-12-08,2024-01-06,Burger King,Burger,Dessert,4,134.74,Wallet,8,2025-01-05,294,Active,3,2025-07-03,Cancelled
2314,Male,Adult,Islamabad,2025-10-04,2024-01-06,Subway,Fries,Continental,2,1410.94,Wallet,46,2025-08-13,41,Active,3,2025-04-30,Delivered
2315,Male,Teenager,Peshawar,2024-07-11,2024-02-06,McDonald's,Burger,Dessert,2,737.89,Cash,12,2024-03-09,107,Inactive,2,2024-02-11,Delayed
2316,Male,Senior,Islamabad,2023-09-26,2024-02-06,Subway,Pizza,Italian,4,924.91,Cash,18,2024-12-21,482,Active,1,2024-11-27,Cancelled
2317,Female,Adult,Islamabad,2024-06-16,2024-02-06,Burger King,Pizza,Continental,5,1388.35,Card,26,2025-03-24,228,Inactive,2,2024-08-31,Cancelled
2318,Male,Senior,Lahore,2023-12-30,2024-03-06,Subway,Fries,Continental,2,1438.16,Cash,30,2024-01-10,262,Active,2,2025-07-22,Delivered
2319,Female,Senior,Islamabad,2023-05-09,2024-03-06,McDonald's,Pasta,Fast Food,4,1372.11,Card,35,2024-12-10,491,Active,2,2025-02-01,Cancelled
2320,Male,Senior,Karachi,2024-03-05,2024-03-06,KFC,Burger,Fast Food,1,438.0,Wallet,7,2025-08-15,124,Inactive,2,2024-11-24,Delayed
2321,Female,Teenager,Multan,2024-11-07,2024-03-06,Burger King,Fries,Dessert,4,1426.2,Cash,47,2025-01-20,372,Active,2,2024-06-10,Delivered
2322,Male,Adult,Lahore,2024-01-08,2024-03-06,McDonald's,Burger,Italian,3,1041.28,Card,26,2025-08-01,338,Inactive,1,2025-08-21,Cancelled
2323,Male,Senior,Multan,2024-08-25,2024-03-06,McDonald's,Sandwich,Fast Food,3,612.37,Card,12,2025-09-03,414,Active,2,2025-04-14,Cancelled
2324,Female,Teenager,Multan,2024-04-04,2024-03-06,Subway,Fries,Dessert,3,757.95,Card,5,2025-01-05,297,Inactive,3,2025-07-20,Cancelled
2325,Female,Teenager,Karachi,2025-08-01,2024-03-06,McDonald's,Burger,Chinese,5,548.1,Cash,35,2025-05-25,182,Inactive,2,2025-05-20,Cancelled
2326,Other,Senior,Karachi,2025-01-01,2024-03-06,Pizza Hut,Pizza,Continental,1,562.68,Card,2,2025-04-14,236,Inactive,3,2025-04-21,Cancelled
2327,Female,Senior,Multan,2024-06-01,2024-03-06,Burger King,Pasta,Fast Food,3,863.26,Wallet,30,2025-12-05,265,Active,3,2024-09-14,Delivered
2328,Female,Adult,Karachi,2025-10-02,2024-04-06,Subway,Pizza,Continental,3,460.02,Cash,16,2025-03-13,360,Active,3,2025-07-28,Delivered
2329,Other,Teenager,Multan,2024-12-10,2024-04-06,Burger King,Fries,Fast Food,3,1164.12,Card,14,2025-05-24,247,Inactive,4,2025-09-07,Delayed
2330,Male,Teenager,Multan,2024-08-09,2024-04-06,KFC,Pasta,Continental,3,1491.06,Card,49,2025-05-25,274,Active,4,2025-07-24,Cancelled
2331,Other,Senior,Karachi,2025-06-26,2024-04-06,Pizza Hut,Fries,Fast Food,2,264.49,Card,5,2024-11-15,7,Inactive,5,2024-11-23,Delayed
2332,Other,Teenager,Islamabad,2024-11-08,2024-04-06,McDonald's,Pizza,Dessert,5,300.03,Cash,3,2025-07-27,341,Active,1,2025-05-31,Delayed
2333,Male,Teenager,Islamabad,2024-08-14,2024-04-06,KFC,Burger,Chinese,3,1420.81,Wallet,24,2025-12-05,238,Inactive,4,2025-06-03,Delivered
2334,Male,Adult,Karachi,2023-10-25,2024-04-06,KFC,Pizza,Fast Food,1,136.56,Cash,28,2025-04-07,25,Active,1,2024-12-13,Delivered
2335,Male,Teenager,Karachi,2024-07-11,2024-04-06,Subway,Sandwich,Dessert,4,327.77,Cash,46,2024-10-31,123,Active,3,2024-12-30,Cancelled
2336,Other,Adult,Lahore,2024-02-16,2024-05-06,KFC,Fries,Chinese,1,1360.42,Card,47,2024-10-12,418,Active,4,2025-11-08,Delivered
2337,Female,Adult,Islamabad,2024-01-22,2024-05-06,Subway,Sandwich,Italian,3,640.49,Card,26,2024-02-11,436,Inactive,3,2025-10-04,Delivered
2338,Other,Teenager,Peshawar,2024-01-17,2024-05-06,Pizza Hut,Sandwich,Continental,3,1267.47,Cash,5,2025-12-08,297,Active,2,2025-08-13,Delayed
2339,Male,Senior,Karachi,2025-08-18,2024-05-06,KFC,Sandwich,Italian,4,252.12,Card,20,2024-01-11,350,Active,2,2024-09-15,Delivered
2340,Female,Teenager,Peshawar,2024-10-22,2024-06-06,KFC,Burger,Continental,4,1452.09,Card,36,2025-04-16,50,Active,2,2025-05-27,Delayed
2341,Male,Senior,Peshawar,2025-03-02,2024-06-06,McDonald's,Fries,Chinese,1,186.75,Wallet,29,2025-01-29,88,Inactive,3,2024-06-12,Delivered
2342,Female,Teenager,Islamabad,2025-04-20,2024-06-06,Burger King,Sandwich,Chinese,1,329.03,Cash,43,2024-12-29,76,Active,4,2024-12-15,Delivered
2343,Male,Senior,Karachi,2023-02-09,2024-06-06,McDonald's,Pasta,Continental,1,252.64,Card,29,2025-02-03,286,Active,5,2025-04-29,Delivered
2344,Male,Senior,Islamabad,2023-10-26,2024-06-06,Pizza Hut,Pasta,Dessert,5,647.48,Wallet,32,2025-02-16,95,Active,4,2025-03-27,Delayed
2345,Other,Senior,Multan,2023-03-09,2024-06-06,KFC,Fries,Chinese,1,246.04,Wallet,40,2025-08-02,431,Active,2,2025-07-30,Delivered
2346,Other,Adult,Karachi,2024-07-18,2024-06-06,McDonald's,Sandwich,Continental,5,300.25,Cash,42,2025-06-20,190,Inactive,3,2025-07-07,Delivered
2347,Female,Teenager,Peshawar,2023-07-11,2024-07-06,Pizza Hut,Fries,Continental,1,288.39,Wallet,35,2025-02-17,405,Active,2,2025-12-02,Delivered
2348,Other,Senior,Peshawar,2025-04-03,2024-07-06,KFC,Pasta,Continental,2,1478.57,Wallet,7,2025-07-31,154,Inactive,5,2025-06-20,Delayed
2349,Other,Adult,Multan,2025-07-14,2024-07-06,Burger King,Pasta,Italian,2,978.69,Wallet,17,2025-07-17,253,Inactive,2,2025-07-16,Cancelled
2350,Other,Adult,Islamabad,2025-07-06,2024-07-06,Subway,Sandwich,Italian,3,927.29,Cash,22,2024-05-12,414,Active,5,2025-04-06,Cancelled
2351,Other,Teenager,Islamabad,2025-04-08,2024-07-06,Burger King,Pasta,Fast Food,3,777.19,Card,6,2024-11-27,236,Inactive,4,2025-06-29,Delayed
2352,Other,Adult,Multan,2024-03-05,2024-07-06,Pizza Hut,Fries,Dessert,4,822.44,Cash,49,2025-01-13,51,Active,4,2025-02-08,Delayed
2353,Male,Senior,Karachi,2025-04-29,2024-08-06,KFC,Sandwich,Italian,2,774.83,Card,21,2025-11-01,158,Active,4,2025-08-03,Delayed
2354,Female,Teenager,Lahore,2023-01-09,2024-08-06,Subway,Pizza,Dessert,5,967.55,Cash,26,2025-03-27,435,Active,2,2024-09-15,Delayed
2355,Other,Adult,Islamabad,2025-05-04,2024-08-06,KFC,Burger,Italian,3,1391.23,Cash,50,2025-02-07,54,Inactive,1,2025-03-07,Delayed
2356,Other,Teenager,Peshawar,2023-08-11,2024-08-06,Burger King,Burger,Dessert,5,1012.9,Wallet,16,2025-03-05,394,Active,4,2024-10-17,Delivered
2357,Female,Senior,Peshawar,2025-05-16,2024-08-06,KFC,Pasta,Continental,5,729.72,Wallet,18,2025-07-26,381,Active,5,2025-09-06,Delayed
2358,Female,Adult,Peshawar,2024-12-26,2024-08-06,Pizza Hut,Pasta,Continental,4,1009.09,Card,7,2025-04-23,342,Active,4,2024-03-10,Delivered
2359,Male,Teenager,Karachi,2025-05-20,2024-08-06,McDonald's,Pizza,Continental,1,1485.59,Cash,43,2025-05-05,45,Active,1,2025-06-14,Delivered
2360,Other,Teenager,Peshawar,2025-03-19,2024-08-06,Subway,Sandwich,Italian,3,938.59,Card,21,2024-12-27,220,Inactive,4,2025-10-03,Cancelled
2361,Female,Teenager,Lahore,2024-02-06,2024-08-06,Pizza Hut,Burger,Dessert,3,407.81,Wallet,46,2025-08-01,343,Active,1,2024-10-21,Cancelled
2362,Male,Senior,Islamabad,2025-04-20,2024-09-06,Subway,Pizza,Dessert,5,1253.89,Cash,43,2025-06-18,80,Active,3,2025-01-19,Cancelled
2363,Other,Senior,Karachi,2025-11-06,2024-09-06,Burger King,Sandwich,Italian,1,1205.34,Card,36,2025-03-18,103,Active,3,2025-03-13,Cancelled
2364,Male,Teenager,Islamabad,2023-12-13,2024-09-06,KFC,Pizza,Dessert,3,489.26,Cash,4,2024-02-10,266,Active,2,2024-09-30,Delivered
2365,Female,Teenager,Islamabad,2025-04-04,2024-09-06,Subway,Pasta,Fast Food,4,568.28,Wallet,46,2025-02-05,182,Inactive,5,2025-07-19,Delayed
2366,Other,Senior,Lahore,2024-06-06,2024-09-06,Subway,Pizza,Chinese,3,917.47,Wallet,17,2025-03-15,173,Inactive,5,2025-05-14,Cancelled
2367,Male,Teenager,Peshawar,2025-04-20,2024-09-06,Burger King,Pasta,Continental,2,1425.04,Wallet,31,2025-10-07,100,Inactive,1,2025-07-07,Cancelled
2368,Male,Senior,Karachi,2023-12-16,2024-09-06,Pizza Hut,Burger,Italian,3,1193.59,Wallet,35,2025-05-27,253,Active,4,2025-04-29,Delivered
2369,Other,Teenager,Multan,2024-08-10,2024-09-06,KFC,Fries,Continental,5,219.85,Card,41,2025-09-05,360,Active,3,2024-10-17,Delayed
2370,Male,Senior,Multan,2024-11-12,2024-09-06,Pizza Hut,Sandwich,Continental,3,459.7,Wallet,10,2025-05-25,416,Inactive,4,2025-01-01,Cancelled
2371,Male,Senior,Peshawar,2025-02-28,2024-09-06,Subway,Fries,Chinese,1,1306.38,Card,25,2024-11-10,199,Inactive,1,2025-07-01,Delayed
2372,Other,Adult,Peshawar,2024-02-24,2024-10-06,KFC,Fries,Chinese,5,573.13,Cash,14,2025-09-01,93,Inactive,5,2024-12-27,Delivered
2373,Other,Adult,Lahore,2023-09-14,2024-10-06,Burger King,Burger,Chinese,5,1329.17,Cash,42,2024-04-10,191,Active,2,2025-06-22,Delayed
2374,Male,Senior,Karachi,2024-12-10,2024-10-06,Burger King,Burger,Dessert,2,946.78,Wallet,1,2025-05-21,368,Active,5,2025-10-01,Cancelled
2375,Other,Teenager,Peshawar,2025-10-02,2024-10-06,KFC,Pasta,Italian,2,1296.74,Wallet,50,2025-06-02,274,Inactive,4,2025-09-06,Delivered
2376,Female,Adult,Islamabad,2023-12-10,2024-10-06,KFC,Sandwich,Continental,3,589.42,Cash,23,2024-10-09,94,Active,3,2025-04-24,Delivered
2377,Female,Teenager,Karachi,2024-12-26,2024-10-06,Burger King,Burger,Italian,3,823.1,Cash,14,2024-11-16,169,Active,1,2025-06-20,Delayed
2378,Male,Teenager,Peshawar,2024-02-23,2024-10-06,Subway,Fries,Chinese,2,735.58,Card,42,2025-07-07,208,Inactive,5,2025-02-28,Delayed
2379,Female,Adult,Peshawar,2024-12-18,2024-10-06,Subway,Sandwich,Chinese,1,655.45,Card,35,2025-04-24,336,Inactive,1,2025-06-21,Delivered
2380,Male,Teenager,Karachi,2024-07-17,2024-10-06,Subway,Pasta,Fast Food,4,484.62,Card,24,2024-08-26,27,Inactive,2,2025-03-30,Delayed
2381,Male,Senior,Multan,2025-06-30,2024-11-06,Subway,Fries,Fast Food,3,198.38,Cash,36,2024-11-11,290,Inactive,2,2025-10-01,Delayed
2382,Female,Teenager,Lahore,2024-01-05,2024-11-06,KFC,Fries,Italian,4,188.64,Cash,36,2024-08-28,108,Active,3,2024-08-23,Delayed
2383,Male,Adult,Multan,2024-05-02,2024-11-06,Burger King,Burger,Italian,1,746.1,Cash,11,2025-05-14,265,Inactive,4,2024-09-30,Delivered
2384,Female,Senior,Lahore,2024-07-19,2024-11-06,Subway,Sandwich,Italian,4,949.41,Cash,27,2025-02-17,244,Inactive,5,2024-07-09,Delayed
2385,Female,Adult,Multan,2024-08-23,2024-11-06,Burger King,Burger,Dessert,3,211.28,Cash,16,2025-03-02,45,Active,1,2024-11-14,Delayed
2386,Male,Senior,Karachi,2025-07-29,2024-11-06,Pizza Hut,Pasta,Continental,4,1343.41,Wallet,46,2024-12-31,233,Active,5,2025-06-27,Delayed
2387,Female,Adult,Lahore,2025-09-02,2024-11-06,Burger King,Fries,Italian,3,925.91,Cash,36,2025-12-03,71,Active,2,2025-07-28,Delivered
2388,Female,Adult,Islamabad,2024-06-11,2024-11-06,Subway,Pasta,Chinese,4,132.31,Cash,35,2025-03-26,175,Active,4,2025-01-28,Cancelled
2389,Other,Senior,Lahore,2025-01-22,2024-12-06,Burger King,Burger,Continental,3,750.46,Wallet,42,2025-02-04,153,Inactive,4,2024-10-29,Cancelled
2390,Female,Senior,Islamabad,2023-10-18,2024-12-06,Pizza Hut,Fries,Fast Food,2,1457.63,Card,1,2025-11-03,411,Active,2,2025-07-05,Delivered
2391,Other,Teenager,Peshawar,2024-07-19,2024-12-06,KFC,Pizza,Continental,5,927.2,Card,12,2025-08-20,346,Inactive,2,2024-07-11,Delayed
2392,Other,Teenager,Peshawar,2024-07-13,2024-12-06,Pizza Hut,Sandwich,Chinese,1,1498.75,Card,42,2025-01-21,107,Active,4,2025-07-25,Cancelled
2393,Other,Adult,Islamabad,2025-05-06,2024-12-06,Subway,Fries,Continental,4,1177.37,Card,49,2024-10-19,95,Inactive,2,2025-07-16,Cancelled
2394,Other,Teenager,Islamabad,2024-09-08,2024-06-13,Pizza Hut,Burger,Italian,1,285.22,Card,46,2025-04-30,438,Active,4,2024-11-28,Cancelled
2395,Male,Senior,Islamabad,2024-02-09,2024-06-13,McDonald's,Burger,Fast Food,1,473.07,Card,22,2024-10-22,202,Active,3,2024-10-25,Delivered
2396,Other,Senior,Multan,2024-08-05,2024-06-13,Subway,Burger,Italian,2,1219.31,Wallet,32,2024-08-28,130,Inactive,4,2024-03-10,Cancelled
2397,Other,Teenager,Peshawar,2024-06-29,2024-06-13,Subway,Pasta,Fast Food,3,1084.44,Card,43,2025-06-30,402,Inactive,2,2025-04-26,Delivered
2398,Other,Senior,Lahore,2024-06-17,2024-06-13,McDonald's,Pizza,Fast Food,4,1385.5,Wallet,1,2024-12-14,305,Active,5,2025-12-02,Delayed
2399,Female,Senior,Lahore,2024-06-26,2024-06-13,Pizza Hut,Fries,Dessert,4,409.96,Wallet,9,2024-12-27,187,Inactive,2,2024-07-09,Delayed
2400,Other,Senior,Multan,2023-12-25,2024-06-13,Burger King,Burger,Italian,1,1430.87,Card,20,2025-06-21,407,Active,3,2025-12-03,Cancelled
2401,Female,Teenager,Islamabad,2024-11-07,2024-06-13,Burger King,Pasta,Continental,5,875.81,Cash,18,2025-01-07,315,Active,5,2025-04-21,Delayed
2402,Female,Adult,Peshawar,2024-09-26,2024-06-13,Subway,Sandwich,Chinese,1,1277.39,Wallet,31,2025-03-05,53,Active,3,2025-05-26,Delivered
2403,Male,Adult,Lahore,2025-01-29,2024-06-13,KFC,Burger,Italian,2,1246.35,Cash,29,2025-07-21,206,Inactive,5,2024-12-11,Delivered
2404,Male,Teenager,Peshawar,2023-12-30,2024-06-13,McDonald's,Sandwich,Continental,4,983.07,Card,18,2024-09-11,89,Inactive,2,2025-04-22,Delayed
2405,Male,Teenager,Islamabad,2023-08-28,2024-06-13,KFC,Sandwich,Chinese,4,1245.47,Card,8,2024-04-09,398,Inactive,4,2024-11-12,Cancelled
2406,Female,Adult,Karachi,2024-03-20,2024-06-14,KFC,Pizza,Dessert,4,309.67,Card,4,2025-06-04,379,Active,1,2025-03-06,Delivered
2407,Female,Adult,Lahore,2024-08-13,2024-06-14,Subway,Pizza,Fast Food,5,513.15,Card,32,2024-09-16,20,Active,3,2025-07-20,Delivered
2408,Other,Adult,Islamabad,2025-04-20,2024-06-14,Pizza Hut,Pizza,Italian,5,233.05,Cash,45,2025-05-08,442,Active,3,2024-09-11,Delayed
2409,Female,Adult,Lahore,2024-10-20,2024-06-14,Burger King,Pizza,Fast Food,5,1139.94,Wallet,30,2025-01-16,191,Active,3,2024-08-10,Cancelled
2410,Female,Senior,Peshawar,2023-05-11,2024-06-14,Subway,Pizza,Italian,4,535.79,Wallet,49,2025-01-26,169,Inactive,4,2024-06-09,Delivered
2411,Other,Senior,Karachi,2025-09-06,2024-06-15,McDonald's,Burger,Continental,1,1298.15,Card,19,2025-11-06,196,Active,5,2024-05-10,Delivered
2412,Female,Teenager,Peshawar,2024-12-15,2024-06-15,Subway,Pasta,Italian,5,443.05,Card,22,2024-08-31,294,Active,1,2024-08-11,Cancelled
2413,Female,Adult,Peshawar,2025-04-17,2024-06-15,KFC,Fries,Italian,1,646.32,Cash,18,2024-12-30,322,Active,2,2025-03-20,Delivered
2414,Male,Senior,Peshawar,2025-08-03,2024-06-15,KFC,Burger,Italian,5,502.34,Cash,15,2024-11-18,269,Inactive,1,2024-10-09,Cancelled
2415,Female,Senior,Lahore,2025-04-23,2024-06-15,Burger King,Pasta,Dessert,2,1272.92,Wallet,32,2025-10-07,314,Inactive,5,2025-02-23,Delivered
2416,Female,Teenager,Karachi,2025-02-24,2024-06-15,Burger King,Sandwich,Italian,3,388.57,Card,19,2024-08-31,67,Active,2,2025-08-02,Cancelled
2417,Other,Teenager,Karachi,2025-05-25,2024-06-15,Burger King,Pasta,Chinese,2,744.2,Wallet,17,2024-12-28,411,Inactive,2,2025-06-29,Delayed
2418,Other,Teenager,Lahore,2024-07-20,2024-06-15,Pizza Hut,Pizza,Italian,1,1333.95,Card,7,2025-08-15,155,Inactive,1,2024-09-18,Cancelled
2419,Other,Adult,Karachi,2024-05-17,2024-06-15,Pizza Hut,Fries,Dessert,4,1002.89,Wallet,6,2024-09-20,79,Inactive,5,2025-02-22,Delayed
2420,Female,Teenager,Lahore,2023-08-09,2024-06-15,Subway,Burger,Continental,4,534.9,Wallet,30,2024-10-29,416,Inactive,3,2024-10-10,Delayed
2421,Female,Senior,Peshawar,2024-10-04,2024-06-16,KFC,Pizza,Continental,4,463.13,Card,46,2025-12-05,55,Inactive,1,2025-04-28,Delayed
2422,Female,Senior,Multan,2024-03-31,2024-06-16,Burger King,Pasta,Chinese,2,373.18,Wallet,42,2024-09-13,23,Active,5,2025-01-26,Delivered
2423,Female,Senior,Multan,2024-05-29,2024-06-16,Pizza Hut,Sandwich,Continental,5,1285.55,Cash,49,2025-02-16,423,Active,2,2024-10-27,Delivered
2424,Other,Adult,Karachi,2025-07-20,2024-06-16,McDonald's,Pizza,Fast Food,3,1097.71,Cash,35,2025-01-23,7,Active,3,2025-06-05,Delayed
2425,Female,Teenager,Lahore,2025-05-08,2024-06-16,KFC,Pasta,Italian,4,967.23,Wallet,22,2025-11-08,366,Active,5,2025-02-20,Delivered
2426,Male,Teenager,Multan,2024-05-19,2024-06-16,McDonald's,Pasta,Dessert,2,341.84,Wallet,35,2024-09-17,192,Active,4,2024-12-17,Delivered
2427,Male,Adult,Islamabad,2024-10-07,2024-06-16,Pizza Hut,Pasta,Continental,4,492.56,Cash,26,2025-04-20,179,Active,2,2024-10-20,Delayed
2428,Male,Senior,Karachi,2024-11-30,2024-06-16,KFC,Sandwich,Continental,1,1020.1,Wallet,34,2025-07-24,45,Inactive,3,2025-03-19,Delivered
2429,Female,Senior,Lahore,2024-05-15,2024-06-16,Subway,Pasta,Italian,2,1048.16,Card,21,2024-01-10,118,Inactive,1,2025-08-06,Delivered
2430,Other,Adult,Lahore,2024-12-02,2024-06-16,McDonald's,Fries,Dessert,1,1118.93,Cash,10,2025-05-17,360,Inactive,1,2025-06-14,Delivered
2431,Other,Teenager,Karachi,2024-12-26,2024-06-16,Subway,Fries,Dessert,1,1060.48,Card,17,2025-06-23,423,Inactive,3,2024-10-21,Delayed
2432,Female,Teenager,Lahore,2023-11-25,2024-06-16,McDonald's,Burger,Dessert,1,1325.11,Cash,31,2025-03-04,102,Inactive,1,2024-08-28,Cancelled
2433,Other,Adult,Peshawar,2025-12-01,2024-06-16,KFC,Burger,Fast Food,3,836.58,Wallet,4,2025-07-17,270,Inactive,1,2025-12-08,Cancelled
2434,Other,Teenager,Islamabad,2024-06-02,2024-06-17,Subway,Burger,Chinese,5,127.06,Card,1,2025-05-28,307,Active,5,2025-03-13,Delivered
2435,Other,Senior,Karachi,2024-06-02,2024-06-17,Burger King,Pizza,Dessert,4,943.53,Cash,7,2025-11-05,353,Inactive,1,2024-06-09,Delayed
2436,Other,Adult,Multan,2025-04-28,2024-06-17,Burger King,Pasta,Dessert,1,746.89,Card,22,2024-10-16,113,Active,5,2025-09-02,Delayed
2437,Female,Senior,Lahore,2025-05-26,2024-06-17,McDonald's,Pizza,Continental,3,586.33,Card,41,2024-09-24,465,Active,3,2025-10-04,Delivered
2438,Other,Senior,Multan,2023-03-10,2024-06-17,KFC,Pizza,Chinese,1,808.87,Card,19,2024-06-10,47,Active,2,2025-06-04,Delivered
2439,Male,Teenager,Karachi,2025-07-18,2024-06-17,Subway,Burger,Italian,2,1108.26,Cash,19,2025-04-21,468,Inactive,2,2025-06-14,Delayed
2440,Male,Senior,Peshawar,2023-12-13,2024-06-17,McDonald's,Pasta,Continental,5,1268.09,Card,29,2025-03-20,352,Active,2,2025-04-16,Delayed
2441,Female,Senior,Islamabad,2025-08-21,2024-06-17,Pizza Hut,Burger,Fast Food,5,1307.66,Card,29,2025-07-29,193,Active,3,2025-04-26,Cancelled
2442,Other,Adult,Islamabad,2023-06-12,2024-06-17,Burger King,Pasta,Chinese,4,1337.94,Cash,36,2025-03-16,420,Active,3,2025-06-15,Cancelled
2443,Male,Teenager,Multan,2024-09-04,2024-06-17,Burger King,Pasta,Continental,4,902.12,Card,11,2024-12-19,496,Inactive,4,2025-11-07,Cancelled
2444,Female,Senior,Multan,2024-08-25,2024-06-18,Burger King,Fries,Fast Food,4,666.42,Card,24,2025-06-18,32,Active,2,2025-06-26,Delivered
2445,Male,Adult,Multan,2023-10-29,2024-06-18,Pizza Hut,Sandwich,Continental,5,944.43,Wallet,45,2024-04-12,366,Inactive,5,2024-10-31,Delivered
2446,Female,Teenager,Islamabad,2025-07-04,2024-06-18,KFC,Pasta,Continental,5,1363.19,Cash,34,2024-08-22,488,Active,5,2024-02-11,Delivered
2447,Female,Adult,Lahore,2025-09-05,2024-06-18,Subway,Sandwich,Italian,2,1171.14,Card,34,2024-10-25,479,Active,3,2025-03-17,Cancelled
2448,Female,Senior,Lahore,2024-08-27,2024-06-18,Subway,Fries,Dessert,2,1015.87,Card,27,2025-05-08,203,Inactive,3,2025-04-25,Delayed
2449,Male,Teenager,Karachi,2025-04-14,2024-06-18,KFC,Fries,Italian,2,1076.49,Cash,18,2025-08-05,401,Inactive,3,2024-08-21,Delayed
2450,Female,Adult,Karachi,2024-11-01,2024-06-18,McDonald's,Burger,Fast Food,5,1371.51,Cash,18,2024-12-25,129,Inactive,3,2025-04-19,Delayed
2451,Female,Senior,Karachi,2024-03-03,2024-06-19,Subway,Pasta,Chinese,5,388.88,Wallet,35,2025-01-31,165,Active,1,2024-12-12,Delayed
2452,Female,Senior,Multan,2025-01-01,2024-06-19,McDonald's,Pasta,Continental,3,183.44,Cash,7,2024-06-10,448,Inactive,1,2025-03-27,Cancelled
2453,Male,Adult,Multan,2023-10-12,2024-06-19,Subway,Pasta,Fast Food,1,721.0,Cash,1,2025-05-03,163,Inactive,2,2025-06-19,Delayed
2454,Other,Teenager,Lahore,2024-06-24,2024-06-19,Pizza Hut,Burger,Italian,5,256.03,Cash,43,2024-11-27,386,Inactive,5,2025-05-15,Delayed
2455,Male,Senior,Lahore,2025-12-03,2024-06-19,Burger King,Sandwich,Dessert,3,1001.26,Cash,16,2024-12-22,83,Inactive,5,2024-10-27,Delayed
2456,Male,Teenager,Multan,2024-10-17,2024-06-19,McDonald's,Sandwich,Chinese,1,1022.84,Wallet,30,2024-11-17,460,Inactive,2,2024-10-29,Cancelled
2457,Other,Senior,Karachi,2024-07-17,2024-06-19,Subway,Pasta,Dessert,5,350.56,Wallet,15,2025-06-03,497,Active,2,2025-02-20,Delayed
2458,Female,Senior,Islamabad,2024-12-09,2024-06-19,Burger King,Burger,Chinese,3,329.48,Card,10,2025-10-01,71,Active,2,2024-12-20,Cancelled
2459,Female,Senior,Lahore,2024-11-19,2024-06-19,KFC,Burger,Fast Food,1,709.62,Card,26,2024-10-26,341,Inactive,5,2025-01-07,Delivered
2460,Female,Adult,Multan,2024-06-08,2024-06-19,KFC,Burger,Fast Food,2,1002.9,Card,7,2025-02-26,57,Active,2,2024-08-28,Cancelled
2461,Female,Senior,Peshawar,2023-09-18,2024-06-20,Burger King,Sandwich,Italian,1,1247.78,Cash,34,2025-07-04,392,Inactive,2,2025-04-03,Cancelled
2462,Male,Adult,Peshawar,2024-10-27,2024-06-20,Burger King,Sandwich,Fast Food,2,791.18,Cash,10,2025-10-01,229,Inactive,5,2024-12-14,Delivered
2463,Male,Adult,Multan,2024-05-02,2024-06-20,Subway,Fries,Dessert,4,763.48,Wallet,9,2025-01-21,473,Active,3,2024-03-09,Cancelled
2464,Male,Senior,Peshawar,2024-12-30,2024-06-20,Burger King,Burger,Chinese,5,1430.31,Card,37,2025-02-06,234,Active,4,2024-09-24,Delayed
2465,Female,Adult,Karachi,2025-07-08,2024-06-20,Subway,Burger,Dessert,4,595.96,Card,39,2025-11-08,2,Inactive,2,2024-11-20,Delivered
2466,Other,Teenager,Peshawar,2025-06-15,2024-06-20,KFC,Pasta,Fast Food,1,1058.61,Cash,11,2025-10-02,389,Active,1,2024-12-31,Delivered
2467,Male,Adult,Lahore,2025-03-03,2024-06-21,Subway,Burger,Chinese,5,317.4,Card,47,2025-04-08,500,Active,4,2025-03-06,Delivered
2468,Male,Teenager,Karachi,2024-09-25,2024-06-21,McDonald's,Pizza,Continental,2,843.83,Card,6,2025-02-26,131,Active,4,2025-02-04,Delivered
2469,Male,Senior,Peshawar,2024-06-17,2024-06-21,McDonald's,Burger,Italian,3,981.66,Card,46,2024-11-11,173,Active,5,2024-09-27,Cancelled
2470,Female,Adult,Lahore,2024-08-12,2024-06-21,Pizza Hut,Fries,Continental,5,1209.11,Cash,13,2024-11-10,108,Inactive,2,2025-08-06,Cancelled
2471,Female,Teenager,Multan,2024-10-03,2024-06-21,McDonald's,Fries,Dessert,5,655.51,Card,42,2024-11-11,298,Active,1,2025-05-01,Delayed
2472,Female,Adult,Multan,2025-01-26,2024-06-21,Pizza Hut,Fries,Italian,5,836.99,Wallet,22,2025-04-02,58,Inactive,5,2024-10-24,Cancelled
2473,Other,Senior,Peshawar,2025-05-29,2024-06-21,Pizza Hut,Sandwich,Chinese,4,1312.16,Cash,6,2025-05-16,361,Active,3,2025-07-29,Cancelled
2474,Female,Teenager,Peshawar,2024-10-18,2024-06-21,KFC,Sandwich,Continental,2,1116.62,Card,3,2024-11-19,82,Active,3,2024-12-10,Cancelled
2475,Other,Senior,Multan,2024-08-16,2024-06-21,Burger King,Pizza,Fast Food,1,1464.16,Card,2,2025-03-05,340,Inactive,5,2024-01-12,Delivered
2476,Male,Adult,Peshawar,2024-01-23,2024-06-21,Pizza Hut,Pizza,Italian,3,359.45,Card,30,2025-04-25,155,Inactive,2,2024-10-29,Delayed
2477,Male,Adult,Islamabad,2025-12-01,2024-06-22,Subway,Sandwich,Italian,3,729.12,Cash,5,2024-09-30,216,Active,5,2025-01-13,Delivered
2478,Male,Teenager,Lahore,2025-03-26,2024-06-22,Burger King,Fries,Chinese,5,239.51,Cash,47,2025-04-13,487,Active,2,2024-08-11,Delivered
2479,Male,Adult,Karachi,2024-11-28,2024-06-22,Pizza Hut,Burger,Italian,1,377.81,Cash,47,2024-09-19,290,Inactive,4,2024-01-09,Cancelled
2480,Other,Senior,Multan,2024-02-08,2024-06-22,Subway,Pizza,Chinese,1,1043.0,Card,25,2025-09-07,214,Active,5,2025-08-01,Delayed
2481,Male,Senior,Islamabad,2024-04-18,2024-06-22,Pizza Hut,Pasta,Chinese,3,1449.87,Wallet,43,2025-02-26,189,Active,2,2024-03-10,Delivered
2482,Female,Teenager,Lahore,2025-05-22,2024-06-22,McDonald's,Sandwich,Italian,1,1161.05,Cash,22,2024-09-28,158,Inactive,4,2024-08-25,Cancelled
2483,Male,Senior,Lahore,2024-07-25,2024-06-22,Subway,Pasta,Continental,4,1147.06,Card,8,2024-12-28,482,Active,1,2024-11-30,Delayed
2484,Male,Teenager,Islamabad,2023-02-09,2024-06-22,Subway,Pasta,Chinese,5,1098.22,Card,22,2025-08-04,5,Active,1,2025-10-06,Cancelled
2485,Other,Teenager,Karachi,2025-07-31,2024-06-22,Burger King,Fries,Chinese,2,433.5,Cash,43,2025-05-20,28,Inactive,1,2025-02-25,Delivered
2486,Male,Teenager,Lahore,2025-01-21,2024-06-22,Subway,Fries,Continental,4,121.44,Cash,48,2025-04-03,431,Inactive,1,2025-01-19,Cancelled
2487,Female,Senior,Multan,2024-08-10,2024-06-22,Pizza Hut,Pasta,Dessert,4,665.96,Cash,33,2024-11-16,40,Inactive,5,2025-11-04,Cancelled
2488,Other,Senior,Multan,2025-04-28,2024-06-22,McDonald's,Pizza,Fast Food,4,452.06,Wallet,14,2024-10-18,416,Active,4,2024-10-16,Delivered
2489,Other,Senior,Karachi,2024-09-10,2024-06-23,Subway,Burger,Continental,1,1042.35,Wallet,50,2025-01-03,189,Active,2,2024-09-21,Cancelled
2490,Other,Senior,Peshawar,2023-10-21,2024-06-23,Burger King,Pasta,Italian,3,642.1,Wallet,27,2025-07-01,471,Inactive,3,2025-04-29,Cancelled
2491,Other,Adult,Karachi,2024-04-07,2024-06-23,Burger King,Pizza,Fast Food,1,1217.29,Cash,44,2025-09-06,99,Active,4,2024-08-25,Cancelled
2492,Female,Senior,Karachi,2023-12-24,2024-06-23,McDonald's,Burger,Continental,3,959.58,Wallet,46,2025-04-18,120,Active,1,2025-02-24,Cancelled
2493,Male,Teenager,Lahore,2024-08-11,2024-06-23,McDonald's,Pizza,Chinese,5,138.81,Card,25,2025-02-20,72,Inactive,2,2025-01-31,Cancelled
2494,Other,Adult,Lahore,2023-12-21,2024-06-24,Pizza Hut,Sandwich,Italian,5,232.89,Wallet,9,2025-03-05,108,Inactive,5,2024-10-23,Delivered
2495,Male,Teenager,Multan,2024-11-18,2024-06-24,KFC,Sandwich,Fast Food,3,708.48,Wallet,42,2025-12-06,207,Active,3,2024-10-24,Delayed
2496,Male,Teenager,Peshawar,2023-10-10,2024-06-24,Subway,Pizza,Chinese,3,980.96,Wallet,41,2025-04-21,84,Inactive,3,2025-03-05,Cancelled
2497,Other,Adult,Karachi,2025-05-13,2024-06-24,Burger King,Fries,Dessert,5,683.33,Card,10,2025-08-08,52,Inactive,5,2025-12-07,Delayed
2498,Female,Adult,Karachi,2025-05-31,2024-06-25,Subway,Pizza,Continental,1,642.39,Card,17,2024-09-14,347,Inactive,2,2024-08-31,Cancelled
2499,Other,Teenager,Islamabad,2024-01-14,2024-06-25,Pizza Hut,Pasta,Chinese,5,1173.65,Wallet,3,2025-01-13,260,Active,1,2025-10-06,Delayed
2500,Male,Adult,Karachi,2024-08-20,2024-06-25,McDonald's,Sandwich,Italian,5,1149.15,Wallet,49,2024-10-25,275,Active,1,2024-06-11,Delivered
2501,Female,Senior,Lahore,2024-07-15,2024-06-25,Burger King,Sandwich,Chinese,3,840.71,Cash,19,2025-01-05,315,Inactive,2,2025-04-19,Delivered
2502,Female,Teenager,Lahore,2024-05-17,2024-06-25,KFC,Sandwich,Dessert,3,972.47,Card,21,2024-09-25,449,Inactive,1,2024-10-26,Cancelled
2503,Female,Teenager,Multan,2025-02-03,2024-06-25,Pizza Hut,Pasta,Dessert,2,1327.16,Cash,33,2024-12-29,44,Inactive,1,2024-07-11,Delayed
2504,Female,Senior,Karachi,2024-08-13,2024-06-25,Pizza Hut,Sandwich,Fast Food,5,1112.14,Wallet,4,2024-10-20,131,Inactive,3,2025-08-14,Cancelled
2505,Female,Senior,Karachi,2023-10-09,2024-06-25,Subway,Pizza,Fast Food,1,749.06,Cash,36,2024-09-23,310,Inactive,1,2025-02-16,Delivered
2506,Other,Teenager,Lahore,2024-09-23,2024-06-25,Subway,Burger,Fast Food,1,175.77,Wallet,17,2024-04-12,421,Active,2,2025-12-05,Delivered
2507,Other,Senior,Islamabad,2025-02-24,2024-06-26,Burger King,Fries,Chinese,3,937.27,Cash,13,2025-04-07,335,Inactive,1,2024-11-10,Delayed
2508,Other,Senior,Islamabad,2024-07-05,2024-06-26,McDonald's,Pizza,Chinese,3,1268.03,Wallet,15,2025-07-25,170,Inactive,3,2024-04-09,Delivered
2509,Male,Teenager,Karachi,2024-11-10,2024-06-26,KFC,Sandwich,Italian,3,1146.47,Cash,18,2025-05-01,410,Active,1,2024-08-21,Delivered
2510,Male,Teenager,Karachi,2025-02-15,2024-06-26,Pizza Hut,Burger,Dessert,3,1403.0,Card,23,2025-11-03,400,Inactive,1,2025-01-29,Delivered
2511,Male,Senior,Peshawar,2023-11-22,2024-06-26,Burger King,Fries,Dessert,4,697.48,Card,20,2025-07-01,387,Inactive,3,2025-02-26,Cancelled
2512,Male,Teenager,Multan,2024-08-12,2024-06-26,Subway,Pizza,Fast Food,1,365.32,Card,6,2025-03-14,316,Active,1,2025-02-16,Delivered
2513,Male,Teenager,Multan,2023-04-12,2024-06-26,Subway,Fries,Dessert,2,1325.06,Card,4,2025-04-18,408,Inactive,5,2025-12-07,Delivered
2514,Male,Senior,Multan,2025-08-02,2024-06-27,Pizza Hut,Pasta,Italian,5,1166.23,Wallet,30,2025-10-06,75,Active,1,2025-07-17,Cancelled
2515,Female,Senior,Lahore,2024-10-17,2024-06-27,Pizza Hut,Burger,Continental,3,944.51,Cash,46,2025-07-18,23,Active,3,2025-07-06,Delayed
2516,Other,Teenager,Islamabad,2025-03-30,2024-06-27,KFC,Pasta,Dessert,2,1193.21,Cash,16,2024-10-31,480,Inactive,4,2025-04-16,Delivered
2517,Female,Senior,Multan,2024-02-29,2024-06-27,McDonald's,Sandwich,Italian,3,1010.54,Wallet,1,2025-03-22,459,Inactive,5,2025-05-23,Delayed
2518,Female,Teenager,Islamabad,2024-01-25,2024-06-27,Pizza Hut,Fries,Dessert,2,1327.19,Cash,19,2025-07-24,244,Inactive,4,2024-08-27,Delayed
2519,Male,Adult,Lahore,2024-06-11,2024-06-27,McDonald's,Sandwich,Italian,4,552.65,Cash,39,2024-06-12,381,Inactive,5,2025-04-15,Cancelled
2520,Female,Teenager,Lahore,2024-02-06,2024-06-27,McDonald's,Sandwich,Fast Food,5,466.66,Card,12,2024-10-19,51,Inactive,4,2024-10-22,Cancelled
2521,Male,Adult,Islamabad,2024-12-09,2024-06-27,Subway,Pasta,Italian,4,790.75,Wallet,24,2024-06-12,90,Active,5,2024-12-18,Cancelled
2522,Other,Senior,Islamabad,2024-02-05,2024-06-27,KFC,Fries,Continental,2,184.05,Cash,21,2024-12-24,383,Active,4,2025-06-27,Cancelled
2523,Male,Teenager,Lahore,2024-06-28,2024-06-27,Burger King,Pizza,Italian,3,246.39,Cash,41,2025-12-08,499,Inactive,5,2024-10-27,Delayed
2524,Other,Adult,Islamabad,2024-06-28,2024-06-27,KFC,Pizza,Fast Food,5,1351.41,Cash,43,2025-01-28,86,Inactive,1,2024-09-28,Cancelled
2525,Male,Adult,Lahore,2024-01-30,2024-06-27,Burger King,Pizza,Fast Food,3,124.47,Card,35,2024-10-20,265,Active,2,2024-01-10,Delivered
2526,Other,Teenager,Peshawar,2025-02-02,2024-06-28,Subway,Pizza,Dessert,1,1251.8,Cash,39,2025-03-30,210,Active,4,2025-10-05,Delayed
2527,Male,Senior,Islamabad,2024-05-01,2024-06-28,Burger King,Burger,Chinese,5,446.91,Card,42,2024-12-26,145,Inactive,5,2025-01-13,Delayed
2528,Female,Senior,Peshawar,2024-05-11,2024-06-28,Pizza Hut,Fries,Dessert,1,228.7,Card,49,2025-04-24,103,Inactive,4,2024-08-09,Cancelled
2529,Other,Teenager,Islamabad,2025-04-17,2024-06-28,Subway,Sandwich,Continental,2,1310.64,Cash,41,2025-12-07,42,Active,5,2025-12-01,Cancelled
2530,Female,Adult,Multan,2024-02-22,2024-06-28,Pizza Hut,Pasta,Continental,4,382.92,Cash,22,2025-02-08,386,Inactive,5,2024-12-25,Delayed
2531,Female,Senior,Multan,2023-12-20,2024-06-28,Subway,Fries,Continental,2,435.3,Cash,38,2025-07-21,291,Inactive,3,2025-03-14,Cancelled
2532,Male,Senior,Multan,2024-12-21,2024-06-28,Pizza Hut,Fries,Continental,2,1099.75,Cash,28,2025-10-06,6,Inactive,1,2025-06-26,Delivered
2533,Male,Senior,Karachi,2025-02-13,2024-06-29,McDonald's,Sandwich,Italian,5,1480.35,Cash,37,2025-10-06,388,Inactive,4,2024-11-09,Delivered
2534,Female,Teenager,Karachi,2025-05-03,2024-06-29,KFC,Pasta,Dessert,1,273.8,Wallet,31,2024-10-23,234,Inactive,2,2025-06-18,Delivered
2535,Female,Teenager,Peshawar,2025-02-14,2024-06-29,Pizza Hut,Fries,Chinese,5,994.33,Cash,44,2025-10-03,44,Active,4,2025-06-14,Delivered
2536,Other,Teenager,Islamabad,2024-02-10,2024-06-29,Subway,Pizza,Italian,1,430.38,Cash,5,2025-07-03,92,Inactive,4,2024-10-28,Delayed
2537,Male,Adult,Multan,2024-02-21,2024-06-29,Pizza Hut,Pizza,Fast Food,2,926.49,Cash,41,2025-04-16,333,Active,3,2025-04-19,Delivered
2538,Male,Teenager,Multan,2024-03-12,2024-06-29,KFC,Fries,Chinese,2,928.95,Card,36,2024-10-21,389,Inactive,2,2024-08-28,Delivered
2539,Female,Senior,Multan,2024-11-19,2024-06-29,McDonald's,Burger,Continental,5,1046.93,Card,34,2025-04-08,409,Inactive,4,2024-10-16,Delivered
2540,Female,Senior,Karachi,2024-08-24,2024-06-29,McDonald's,Pasta,Continental,2,997.38,Card,30,2025-03-31,121,Active,4,2025-06-02,Delivered
2541,Male,Senior,Karachi,2024-04-03,2024-06-29,McDonald's,Fries,Fast Food,2,863.79,Wallet,16,2024-05-12,481,Inactive,5,2024-12-14,Delayed
2542,Female,Adult,Karachi,2025-01-26,2024-06-30,Pizza Hut,Fries,Continental,4,1006.22,Wallet,8,2025-01-27,444,Inactive,1,2024-07-10,Delivered
2543,Female,Teenager,Karachi,2024-05-31,2024-06-30,KFC,Fries,Dessert,1,360.8,Cash,17,2025-04-25,436,Active,1,2025-06-04,Cancelled
2544,Male,Adult,Islamabad,2024-03-26,2024-06-30,McDonald's,Sandwich,Dessert,5,1483.62,Cash,19,2024-03-11,472,Active,1,2025-05-03,Delivered
2545,Male,Senior,Karachi,2024-06-12,2024-06-30,Pizza Hut,Sandwich,Fast Food,4,192.44,Card,44,2025-03-26,21,Active,4,2025-09-02,Delivered
2546,Other,Adult,Islamabad,2024-11-23,2024-06-30,Subway,Burger,Continental,3,598.67,Card,7,2024-10-28,103,Active,4,2025-01-25,Delivered
2547,Other,Senior,Islamabad,2025-03-31,2024-06-30,Pizza Hut,Pizza,Dessert,4,1060.9,Card,14,2025-06-22,99,Active,3,2024-12-30,Delayed
2548,Male,Teenager,Lahore,2024-12-16,2024-06-30,Pizza Hut,Pizza,Dessert,5,1433.77,Card,48,2025-09-08,59,Inactive,1,2025-08-13,Delivered
2549,Female,Teenager,Islamabad,2025-02-07,2024-06-30,McDonald's,Pasta,Italian,2,739.14,Wallet,48,2024-08-22,259,Inactive,4,2024-07-09,Cancelled
2550,Other,Teenager,Islamabad,2024-06-06,2024-06-30,McDonald's,Sandwich,Continental,3,185.06,Card,21,2024-06-11,110,Active,4,2025-07-26,Delayed
2551,Other,Adult,Islamabad,2024-03-01,2024-01-07,McDonald's,Burger,Chinese,5,320.54,Cash,8,2025-03-15,456,Active,4,2024-11-13,Cancelled
2552,Male,Adult,Lahore,2024-12-14,2024-01-07,McDonald's,Pizza,Continental,2,1198.59,Wallet,38,2025-11-02,338,Active,2,2024-12-10,Delivered
2553,Female,Adult,Islamabad,2024-12-14,2024-01-07,Burger King,Sandwich,Dessert,2,497.42,Wallet,15,2025-05-27,455,Inactive,3,2024-05-12,Delivered
2554,Other,Senior,Karachi,2023-12-11,2024-01-07,KFC,Fries,Dessert,1,1284.43,Wallet,38,2025-08-03,50,Inactive,4,2025-01-20,Cancelled
2555,Other,Senior,Peshawar,2024-02-24,2024-01-07,Subway,Burger,Continental,5,519.16,Wallet,11,2024-06-12,328,Inactive,5,2025-08-08,Cancelled
2556,Female,Senior,Multan,2025-01-22,2024-01-07,Pizza Hut,Sandwich,Italian,1,1218.3,Cash,2,2024-11-27,58,Inactive,5,2024-09-09,Cancelled
2557,Other,Teenager,Peshawar,2024-01-28,2024-02-07,McDonald's,Pasta,Dessert,1,1105.59,Wallet,42,2025-06-29,365,Active,3,2024-12-22,Delayed
2558,Other,Teenager,Lahore,2024-10-24,2024-02-07,Pizza Hut,Pasta,Italian,3,1241.88,Wallet,10,2025-02-04,312,Active,3,2025-08-02,Cancelled
2559,Female,Adult,Lahore,2024-01-05,2024-02-07,Subway,Pizza,Italian,2,589.64,Wallet,19,2024-05-10,17,Inactive,1,2025-01-14,Cancelled
2560,Male,Teenager,Lahore,2025-03-25,2024-02-07,Subway,Pasta,Fast Food,5,156.11,Cash,23,2024-12-26,383,Active,5,2024-11-21,Cancelled
2561,Male,Senior,Multan,2024-07-09,2024-02-07,McDonald's,Fries,Italian,3,1433.7,Wallet,36,2025-02-28,235,Active,2,2024-09-27,Delivered
2562,Male,Senior,Multan,2025-07-19,2024-03-07,McDonald's,Pasta,Continental,3,1372.9,Cash,45,2025-03-28,180,Active,4,2025-04-03,Cancelled
2563,Other,Senior,Islamabad,2025-01-26,2024-03-07,Burger King,Sandwich,Chinese,5,1166.97,Card,22,2024-10-27,462,Inactive,4,2024-11-20,Cancelled
2564,Male,Adult,Lahore,2024-06-06,2024-03-07,KFC,Pizza,Italian,3,125.97,Card,21,2025-07-25,182,Active,2,2024-08-24,Delayed
2565,Other,Teenager,Peshawar,2025-04-27,2024-03-07,McDonald's,Sandwich,Dessert,5,1444.62,Wallet,13,2025-07-14,354,Active,2,2025-08-17,Delayed
2566,Female,Senior,Lahore,2024-08-30,2024-03-07,Burger King,Sandwich,Italian,5,210.29,Card,12,2025-08-13,293,Active,1,2025-07-02,Delayed
2567,Female,Adult,Islamabad,2025-01-14,2024-03-07,Burger King,Pasta,Fast Food,1,138.29,Card,38,2024-11-21,170,Active,2,2025-09-03,Delayed
2568,Other,Senior,Peshawar,2024-08-14,2024-03-07,KFC,Pizza,Continental,3,180.93,Card,5,2025-05-24,393,Inactive,5,2024-10-30,Delivered
2569,Female,Teenager,Lahore,2023-10-28,2024-03-07,Burger King,Burger,Continental,5,882.53,Card,20,2024-12-25,268,Inactive,4,2025-06-28,Delayed
2570,Female,Adult,Karachi,2023-12-30,2024-03-07,Subway,Burger,Dessert,5,496.55,Card,14,2024-11-19,322,Active,5,2024-09-15,Cancelled
2571,Male,Adult,Lahore,2024-11-14,2024-04-07,Pizza Hut,Sandwich,Chinese,2,1417.56,Card,16,2025-04-20,267,Active,5,2025-06-22,Delayed
2572,Female,Teenager,Islamabad,2024-10-25,2024-04-07,KFC,Fries,Italian,5,315.06,Card,27,2025-05-06,402,Inactive,2,2024-07-09,Cancelled
2573,Male,Teenager,Islamabad,2023-05-12,2024-04-07,Subway,Burger,Continental,3,803.81,Card,1,2024-11-29,332,Active,2,2025-01-18,Cancelled
2574,Female,Adult,Lahore,2025-02-07,2024-04-07,KFC,Sandwich,Continental,2,1435.77,Wallet,7,2025-02-19,226,Active,2,2024-09-23,Cancelled
2575,Female,Teenager,Peshawar,2025-02-27,2024-04-07,KFC,Sandwich,Chinese,4,1075.81,Card,9,2024-05-09,332,Inactive,5,2024-08-11,Delivered
2576,Female,Senior,Karachi,2025-03-24,2024-04-07,McDonald's,Sandwich,Fast Food,3,1104.1,Wallet,9,2025-10-07,390,Active,2,2024-12-21,Cancelled
2577,Female,Teenager,Multan,2024-08-08,2024-04-07,Subway,Sandwich,Continental,2,778.26,Card,6,2025-08-19,172,Active,3,2025-11-08,Delayed
2578,Other,Senior,Islamabad,2025-07-02,2024-05-07,KFC,Sandwich,Continental,2,354.83,Wallet,46,2025-03-24,483,Inactive,4,2025-01-19,Cancelled
2579,Male,Senior,Karachi,2024-09-24,2024-05-07,Subway,Pasta,Dessert,3,1321.32,Cash,1,2024-05-12,11,Active,3,2025-08-04,Delayed
2580,Other,Senior,Multan,2024-08-15,2024-05-07,Burger King,Pizza,Italian,4,582.12,Card,12,2024-02-09,258,Inactive,1,2025-03-05,Delayed
2581,Other,Teenager,Karachi,2024-02-10,2024-05-07,Pizza Hut,Pasta,Dessert,1,890.79,Card,14,2025-07-22,326,Inactive,2,2025-07-18,Delayed
2582,Male,Senior,Peshawar,2025-03-28,2024-05-07,McDonald's,Pasta,Fast Food,5,1167.6,Wallet,42,2025-03-22,136,Active,4,2024-09-10,Delayed
2583,Male,Senior,Islamabad,2024-01-26,2024-05-07,Pizza Hut,Burger,Dessert,5,1387.61,Card,10,2025-04-16,149,Inactive,5,2024-08-29,Delayed
2584,Male,Teenager,Multan,2024-06-15,2024-05-07,KFC,Pizza,Chinese,5,863.27,Cash,1,2025-05-30,416,Active,2,2024-08-22,Delivered
2585,Other,Teenager,Lahore,2024-09-16,2024-05-07,Subway,Burger,Italian,3,118.38,Card,5,2024-06-10,199,Inactive,1,2024-09-11,Cancelled
2586,Female,Adult,Peshawar,2024-07-03,2024-06-07,McDonald's,Pizza,Chinese,4,749.9,Card,17,2025-09-03,189,Inactive,3,2025-08-19,Delayed
2587,Female,Teenager,Lahore,2025-04-20,2024-06-07,Burger King,Pasta,Continental,2,671.25,Cash,34,2025-01-21,247,Active,1,2024-07-10,Cancelled
2588,Other,Senior,Karachi,2024-05-31,2024-06-07,KFC,Pizza,Italian,5,874.38,Cash,36,2025-06-18,60,Inactive,4,2025-01-18,Cancelled
2589,Male,Senior,Multan,2025-03-25,2024-06-07,Subway,Burger,Chinese,4,1188.71,Cash,12,2025-03-07,131,Inactive,1,2025-04-04,Delivered
2590,Female,Senior,Karachi,2025-05-07,2024-06-07,Burger King,Sandwich,Continental,1,1407.87,Cash,11,2025-04-02,130,Active,5,2024-09-22,Delivered
2591,Other,Adult,Karachi,2024-02-16,2024-06-07,Pizza Hut,Burger,Italian,3,961.41,Cash,15,2024-12-23,29,Inactive,5,2025-04-14,Delivered
2592,Female,Senior,Lahore,2025-12-01,2024-06-07,Burger King,Fries,Chinese,5,917.35,Cash,50,2025-04-14,271,Inactive,4,2024-10-31,Delivered
2593,Female,Teenager,Karachi,2024-10-01,2024-06-07,Burger King,Sandwich,Chinese,1,901.55,Cash,10,2024-09-29,72,Inactive,2,2025-08-19,Delayed
2594,Other,Teenager,Multan,2024-05-22,2024-06-07,Burger King,Sandwich,Dessert,3,172.41,Wallet,26,2025-10-04,313,Inactive,1,2025-02-08,Delayed
2595,Female,Adult,Multan,2023-09-19,2024-07-07,McDonald's,Burger,Continental,1,1180.57,Cash,27,2025-04-30,248,Active,4,2025-06-20,Delayed
2596,Other,Teenager,Multan,2024-11-16,2024-07-07,Subway,Pizza,Dessert,2,422.34,Wallet,4,2025-08-07,124,Active,4,2025-03-04,Cancelled
2597,Other,Teenager,Karachi,2024-02-04,2024-07-07,Pizza Hut,Pasta,Chinese,3,991.61,Wallet,15,2025-02-15,239,Inactive,4,2025-01-25,Delayed
2598,Male,Senior,Lahore,2025-01-07,2024-07-07,KFC,Pizza,Chinese,2,338.73,Wallet,50,2024-08-28,465,Inactive,3,2025-02-04,Delayed
2599,Other,Senior,Islamabad,2024-01-06,2024-08-07,Pizza Hut,Fries,Dessert,3,1452.54,Card,46,2025-12-07,489,Active,4,2025-03-30,Delayed
2600,Female,Senior,Lahore,2024-12-22,2024-08-07,Subway,Burger,Fast Food,3,573.35,Cash,32,2025-04-22,305,Inactive,1,2025-04-18,Delivered
2601,Other,Adult,Karachi,2025-05-30,2024-08-07,Burger King,Pizza,Dessert,4,630.02,Card,33,2025-12-06,98,Active,2,2024-11-24,Delayed
2602,Other,Senior,Lahore,2025-04-03,2024-08-07,Pizza Hut,Fries,Chinese,4,744.24,Card,22,2024-10-20,471,Inactive,1,2025-05-16,Delayed
2603,Other,Teenager,Multan,2024-02-20,2024-08-07,Pizza Hut,Pasta,Chinese,4,980.7,Wallet,21,2025-04-04,188,Inactive,5,2025-07-29,Cancelled
2604,Male,Teenager,Lahore,2023-09-16,2024-08-07,KFC,Sandwich,Fast Food,2,833.96,Card,39,2025-04-04,392,Inactive,3,2024-09-25,Cancelled
2605,Female,Teenager,Islamabad,2025-05-05,2024-08-07,Subway,Burger,Chinese,2,591.01,Cash,8,2024-11-28,411,Active,3,2025-06-24,Delivered
2606,Female,Adult,Multan,2023-09-17,2024-08-07,McDonald's,Fries,Continental,2,1377.81,Card,36,2025-08-13,321,Inactive,5,2025-04-18,Cancelled
2607,Other,Adult,Karachi,2025-01-22,2024-08-07,Pizza Hut,Pasta,Italian,1,1290.26,Wallet,6,2025-07-01,328,Active,1,2025-04-23,Cancelled
2608,Other,Adult,Lahore,2024-10-17,2024-08-07,McDonald's,Burger,Dessert,3,1087.84,Card,5,2024-11-19,183,Active,2,2024-11-23,Delayed
2609,Other,Teenager,Islamabad,2024-12-27,2024-08-07,McDonald's,Pizza,Dessert,2,1055.86,Card,28,2024-12-12,341,Inactive,3,2025-12-06,Delayed
2610,Female,Adult,Islamabad,2024-06-13,2024-08-07,Pizza Hut,Sandwich,Dessert,3,651.18,Wallet,42,2025-06-14,314,Active,2,2024-04-10,Cancelled
2611,Male,Adult,Islamabad,2024-12-16,2024-08-07,Pizza Hut,Pizza,Dessert,3,946.13,Cash,16,2025-03-31,155,Active,5,2025-03-17,Delivered
2612,Other,Adult,Lahore,2024-04-26,2024-08-07,KFC,Pasta,Chinese,2,1050.61,Cash,14,2025-01-14,89,Inactive,3,2025-02-05,Delivered
2613,Male,Teenager,Karachi,2024-01-08,2024-08-07,Burger King,Sandwich,Dessert,3,1200.07,Card,45,2025-04-29,287,Active,3,2024-10-13,Delayed
2614,Male,Senior,Lahore,2024-01-08,2024-08-07,KFC,Fries,Italian,4,1430.06,Wallet,24,2025-03-18,130,Inactive,2,2025-07-07,Cancelled
2615,Other,Senior,Peshawar,2024-04-05,2024-09-07,KFC,Pasta,Continental,5,185.2,Card,2,2025-03-15,95,Inactive,1,2024-08-10,Delivered
2616,Female,Adult,Lahore,2024-01-13,2024-09-07,McDonald's,Fries,Fast Food,3,307.3,Wallet,2,2025-01-03,327,Inactive,3,2025-06-08,Cancelled
2617,Male,Adult,Islamabad,2024-01-16,2024-09-07,Subway,Pizza,Italian,5,966.35,Card,3,2025-05-18,12,Inactive,5,2024-11-28,Delivered
2618,Other,Teenager,Multan,2024-01-16,2024-09-07,McDonald's,Burger,Fast Food,2,1278.81,Card,18,2024-08-23,438,Active,1,2025-03-05,Cancelled
2619,Male,Adult,Peshawar,2024-06-25,2024-09-07,KFC,Burger,Dessert,5,993.87,Cash,31,2025-06-13,259,Active,2,2024-11-23,Delivered
2620,Other,Teenager,Islamabad,2024-10-28,2024-10-07,Pizza Hut,Burger,Chinese,5,234.35,Cash,34,2025-11-02,217,Active,1,2025-01-30,Delayed
2621,Male,Teenager,Islamabad,2024-12-11,2024-10-07,Burger King,Sandwich,Continental,5,1208.78,Card,40,2025-08-05,305,Active,2,2024-09-12,Cancelled
2622,Female,Teenager,Multan,2024-05-03,2024-10-07,McDonald's,Pizza,Italian,1,486.95,Card,45,2025-07-24,8,Inactive,3,2024-11-10,Delayed
2623,Male,Senior,Islamabad,2024-02-09,2024-10-07,Subway,Fries,Chinese,3,361.93,Wallet,40,2025-12-02,161,Active,2,2025-02-01,Cancelled
2624,Other,Senior,Multan,2024-03-10,2024-10-07,Pizza Hut,Burger,Fast Food,2,219.56,Card,3,2025-02-28,52,Active,2,2025-04-02,Delivered
2625,Female,Senior,Lahore,2024-03-13,2024-10-07,McDonald's,Fries,Chinese,1,1158.5,Wallet,39,2024-10-28,43,Inactive,1,2024-10-30,Delivered
2626,Other,Adult,Lahore,2024-12-06,2024-11-07,Pizza Hut,Fries,Continental,1,1277.76,Cash,29,2025-10-01,90,Active,5,2025-03-29,Cancelled
2627,Male,Adult,Karachi,2025-09-02,2024-11-07,Burger King,Fries,Fast Food,1,153.8,Card,50,2025-06-24,459,Active,5,2025-06-14,Delivered
2628,Female,Teenager,Islamabad,2024-02-02,2024-11-07,Pizza Hut,Burger,Italian,5,668.77,Cash,3,2025-01-19,217,Active,1,2024-06-10,Delivered
2629,Female,Senior,Karachi,2025-07-08,2024-11-07,Subway,Pizza,Italian,4,1030.89,Cash,12,2025-05-15,26,Active,4,2025-05-04,Delivered
2630,Other,Teenager,Islamabad,2025-07-14,2024-11-07,McDonald's,Pasta,Dessert,1,1147.61,Wallet,48,2025-02-08,215,Active,5,2025-07-08,Delayed
2631,Male,Teenager,Multan,2024-05-30,2024-11-07,KFC,Burger,Chinese,5,205.37,Card,19,2025-04-13,160,Active,1,2024-12-10,Delayed
2632,Other,Adult,Islamabad,2023-12-19,2024-11-07,Subway,Pasta,Fast Food,2,328.52,Card,16,2025-05-20,269,Inactive,5,2025-02-22,Delivered
2633,Male,Teenager,Karachi,2025-04-13,2024-11-07,McDonald's,Pizza,Italian,4,1093.79,Cash,6,2024-12-17,98,Active,5,2025-02-08,Cancelled
2634,Female,Teenager,Peshawar,2025-11-04,2024-11-07,Subway,Fries,Continental,1,1172.68,Cash,42,2025-03-08,123,Active,2,2025-01-15,Delayed
2635,Female,Teenager,Multan,2025-06-21,2024-11-07,McDonald's,Burger,Dessert,3,188.09,Card,11,2024-10-14,370,Active,4,2025-12-03,Delivered
2636,Other,Senior,Karachi,2024-06-29,2024-12-07,KFC,Pasta,Continental,3,691.42,Cash,30,2025-01-26,371,Inactive,2,2024-09-16,Delivered
2637,Other,Senior,Karachi,2025-02-22,2024-12-07,McDonald's,Burger,Dessert,2,1402.26,Card,22,2025-09-04,267,Active,5,2025-02-13,Cancelled
2638,Female,Teenager,Lahore,2025-07-26,2024-12-07,Subway,Fries,Dessert,3,408.18,Wallet,15,2024-08-24,263,Active,5,2024-09-14,Cancelled
2639,Female,Adult,Karachi,2025-12-02,2024-12-07,KFC,Pizza,Chinese,3,724.04,Cash,44,2025-04-07,274,Active,3,2025-05-28,Delivered
2640,Other,Adult,Multan,2023-09-28,2024-12-07,Pizza Hut,Pizza,Continental,1,858.52,Cash,22,2025-09-04,465,Inactive,3,2024-08-21,Cancelled
2641,Female,Teenager,Lahore,2024-12-17,2024-12-07,Pizza Hut,Burger,Italian,1,208.8,Card,36,2024-11-12,402,Inactive,1,2025-04-30,Delivered
2642,Other,Adult,Lahore,2024-01-16,2024-12-07,McDonald's,Sandwich,Continental,4,386.98,Wallet,19,2024-03-12,340,Active,5,2025-07-23,Delayed
2643,Male,Teenager,Islamabad,2024-09-30,2024-12-07,McDonald's,Sandwich,Italian,2,425.66,Wallet,2,2025-04-03,71,Active,5,2024-12-23,Delivered
2644,Male,Senior,Peshawar,2023-03-12,2024-07-13,Burger King,Fries,Fast Food,4,421.11,Wallet,32,2024-04-10,228,Active,3,2025-10-07,Delivered
2645,Male,Teenager,Multan,2024-11-04,2024-07-13,Subway,Burger,Italian,1,446.59,Card,5,2024-11-10,198,Inactive,5,2025-11-08,Delivered
2646,Male,Teenager,Lahore,2024-05-12,2024-07-13,McDonald's,Burger,Continental,3,412.99,Wallet,11,2024-09-17,35,Inactive,1,2025-05-21,Delivered
2647,Other,Teenager,Peshawar,2023-11-17,2024-07-13,Pizza Hut,Pasta,Continental,3,1194.55,Cash,21,2024-11-28,121,Active,1,2025-12-07,Delivered
2648,Female,Adult,Karachi,2024-07-09,2024-07-13,Subway,Burger,Italian,5,1433.5,Card,28,2025-03-26,224,Inactive,4,2024-09-16,Delayed
2649,Male,Teenager,Islamabad,2024-01-06,2024-07-13,Pizza Hut,Pasta,Chinese,5,656.75,Cash,38,2025-07-15,482,Active,2,2025-08-02,Delivered
2650,Male,Senior,Karachi,2024-06-13,2024-07-13,KFC,Sandwich,Fast Food,1,510.99,Card,7,2024-09-17,134,Inactive,1,2024-12-31,Cancelled
2651,Female,Adult,Lahore,2025-11-07,2024-07-13,Subway,Fries,Continental,2,1407.39,Wallet,37,2024-12-28,296,Inactive,4,2024-10-13,Delayed
2652,Female,Adult,Lahore,2023-12-23,2024-07-13,Burger King,Pasta,Continental,2,477.57,Wallet,12,2024-07-10,101,Active,5,2025-07-23,Delayed
2653,Male,Adult,Multan,2023-06-10,2024-07-13,Burger King,Fries,Chinese,2,1156.93,Wallet,35,2024-09-10,408,Inactive,5,2024-10-11,Cancelled
2654,Other,Adult,Karachi,2024-08-23,2024-07-14,Burger King,Pasta,Chinese,1,157.44,Cash,10,2024-10-24,196,Active,3,2025-06-19,Delivered
2655,Male,Teenager,Islamabad,2024-08-15,2024-07-14,Subway,Sandwich,Chinese,2,650.52,Card,2,2025-05-06,422,Inactive,3,2025-01-26,Cancelled
2656,Male,Teenager,Karachi,2025-03-26,2024-07-14,Pizza Hut,Pizza,Chinese,5,273.52,Cash,47,2024-09-29,216,Inactive,5,2025-07-23,Delayed
2657,Male,Senior,Peshawar,2025-02-21,2024-07-14,Pizza Hut,Fries,Dessert,3,128.93,Cash,9,2024-08-27,242,Inactive,1,2024-09-11,Delayed
2658,Female,Senior,Peshawar,2024-01-24,2024-07-14,Subway,Burger,Italian,2,1042.76,Cash,13,2025-07-24,185,Inactive,1,2025-01-04,Delayed
2659,Male,Senior,Islamabad,2025-03-08,2024-07-14,Subway,Pizza,Chinese,5,1402.08,Cash,30,2025-12-06,463,Active,5,2025-04-26,Delayed
2660,Other,Senior,Islamabad,2024-09-03,2024-07-14,KFC,Pasta,Chinese,3,657.65,Cash,22,2025-03-16,198,Inactive,3,2025-08-02,Delayed
2661,Male,Teenager,Islamabad,2023-10-29,2024-07-14,KFC,Fries,Chinese,1,213.23,Wallet,15,2024-11-15,119,Active,3,2024-12-27,Cancelled
2662,Other,Senior,Multan,2024-04-22,2024-07-14,KFC,Pizza,Continental,4,1200.68,Wallet,26,2024-08-26,138,Active,5,2025-02-01,Delayed
2663,Other,Adult,Karachi,2023-10-27,2024-07-14,Subway,Pasta,Chinese,1,1123.98,Card,46,2025-05-05,198,Inactive,3,2025-11-07,Delivered
2664,Male,Adult,Multan,2024-12-10,2024-07-14,Subway,Pasta,Continental,5,1045.6,Wallet,8,2025-08-15,207,Active,1,2025-02-28,Delivered
2665,Female,Senior,Peshawar,2023-12-13,2024-07-15,Pizza Hut,Pasta,Fast Food,5,358.1,Wallet,43,2025-09-06,265,Inactive,1,2025-01-04,Delivered
2666,Other,Senior,Lahore,2023-12-20,2024-07-15,Burger King,Pasta,Italian,3,944.32,Card,25,2024-01-11,440,Active,1,2025-07-25,Cancelled
2667,Male,Teenager,Islamabad,2024-02-06,2024-07-15,KFC,Sandwich,Italian,1,1097.06,Wallet,35,2025-05-23,311,Active,4,2025-04-05,Delayed
2668,Other,Teenager,Peshawar,2023-11-20,2024-07-15,Pizza Hut,Fries,Chinese,1,637.03,Wallet,13,2025-06-25,118,Active,4,2025-01-30,Delivered
2669,Other,Senior,Islamabad,2023-06-09,2024-07-15,KFC,Fries,Fast Food,5,239.04,Wallet,24,2025-04-25,331,Inactive,1,2025-04-05,Delivered
2670,Male,Teenager,Multan,2023-11-19,2024-07-15,Burger King,Pizza,Continental,5,347.06,Cash,31,2024-09-22,283,Inactive,2,2025-09-02,Cancelled
2671,Other,Senior,Lahore,2025-05-29,2024-07-15,Subway,Pizza,Dessert,5,1482.01,Wallet,29,2024-08-09,309,Active,1,2025-04-19,Delivered
2672,Other,Senior,Multan,2024-05-23,2024-07-15,Pizza Hut,Fries,Fast Food,2,1307.01,Card,12,2025-02-01,462,Inactive,3,2025-01-04,Delayed
2673,Male,Teenager,Peshawar,2025-05-30,2024-07-15,McDonald's,Fries,Continental,2,967.46,Card,32,2024-11-18,157,Active,4,2025-02-01,Delivered
2674,Male,Senior,Multan,2023-10-24,2024-07-15,Burger King,Burger,Continental,1,740.22,Card,19,2025-03-04,155,Active,5,2025-08-19,Delivered
2675,Other,Senior,Multan,2025-02-23,2024-07-16,Pizza Hut,Pasta,Continental,1,607.26,Wallet,18,2024-06-10,231,Active,1,2025-05-03,Delayed
2676,Female,Adult,Lahore,2024-09-13,2024-07-16,Pizza Hut,Burger,Fast Food,5,330.82,Cash,35,2025-02-22,130,Inactive,5,2025-04-30,Delayed
2677,Other,Adult,Karachi,2024-07-31,2024-07-16,Subway,Burger,Dessert,5,299.94,Wallet,12,2024-09-18,470,Inactive,5,2025-03-22,Delivered
2678,Male,Adult,Karachi,2024-08-07,2024-07-16,KFC,Sandwich,Italian,1,420.97,Card,48,2024-06-11,168,Active,5,2025-02-13,Delayed
2679,Other,Teenager,Peshawar,2025-08-19,2024-07-16,Burger King,Pizza,Chinese,2,620.63,Wallet,15,2025-06-25,399,Inactive,3,2025-04-08,Cancelled
2680,Other,Teenager,Islamabad,2025-06-19,2024-07-16,KFC,Sandwich,Fast Food,5,332.26,Cash,41,2025-06-01,479,Inactive,5,2025-06-13,Delayed
2681,Male,Teenager,Multan,2024-01-14,2024-07-16,McDonald's,Sandwich,Continental,5,392.75,Card,46,2025-06-08,446,Active,3,2025-08-06,Cancelled
2682,Male,Senior,Islamabad,2024-07-31,2024-07-16,McDonald's,Pasta,Italian,2,1155.51,Card,40,2025-09-06,221,Inactive,1,2025-07-23,Cancelled
2683,Male,Adult,Karachi,2024-10-15,2024-07-16,McDonald's,Pizza,Continental,5,1222.56,Wallet,6,2025-03-23,490,Active,2,2024-07-09,Cancelled
2684,Male,Adult,Karachi,2025-03-23,2024-07-17,Subway,Pizza,Continental,1,1416.43,Card,38,2025-03-01,45,Active,4,2025-04-08,Delivered
2685,Female,Teenager,Multan,2025-06-22,2024-07-17,Subway,Sandwich,Continental,1,1414.35,Wallet,12,2025-02-19,48,Active,4,2024-12-18,Cancelled
2686,Female,Adult,Karachi,2025-06-25,2024-07-17,Subway,Burger,Fast Food,2,1366.57,Wallet,29,2024-05-11,103,Inactive,1,2025-06-21,Delayed
2687,Male,Senior,Islamabad,2023-10-27,2024-07-17,McDonald's,Sandwich,Italian,3,858.29,Wallet,31,2024-07-11,208,Inactive,1,2025-09-06,Delayed
2688,Other,Teenager,Karachi,2024-09-02,2024-07-17,Burger King,Fries,Italian,1,1300.94,Wallet,7,2024-12-09,194,Inactive,1,2025-01-04,Delivered
2689,Female,Senior,Peshawar,2025-06-14,2024-07-17,Pizza Hut,Pasta,Fast Food,3,799.96,Card,25,2024-03-12,204,Active,3,2025-01-30,Delivered
2690,Male,Adult,Lahore,2025-03-27,2024-07-17,KFC,Pasta,Italian,1,1323.35,Card,27,2025-01-15,379,Inactive,1,2024-11-30,Cancelled
2691,Female,Adult,Lahore,2025-08-02,2024-07-18,KFC,Pasta,Continental,4,1060.47,Card,19,2025-03-28,3,Active,5,2024-10-10,Delayed
2692,Female,Senior,Karachi,2024-07-21,2024-07-18,KFC,Fries,Fast Food,2,298.27,Wallet,36,2024-08-29,461,Inactive,4,2025-07-16,Delayed
2693,Other,Senior,Peshawar,2025-06-17,2024-07-18,KFC,Fries,Fast Food,2,281.85,Wallet,25,2025-04-19,431,Inactive,1,2025-03-24,Delayed
2694,Male,Adult,Islamabad,2024-05-10,2024-07-18,Burger King,Fries,Chinese,5,644.88,Cash,49,2024-03-12,123,Active,3,2024-11-20,Cancelled
2695,Other,Adult,Karachi,2025-03-14,2024-07-18,Subway,Sandwich,Continental,3,1388.57,Cash,47,2025-02-26,212,Inactive,3,2025-08-06,Cancelled
2696,Other,Adult,Lahore,2024-10-06,2024-07-19,McDonald's,Pizza,Chinese,1,860.91,Cash,29,2024-09-25,445,Active,4,2025-04-28,Cancelled
2697,Male,Senior,Islamabad,2025-04-30,2024-07-19,Pizza Hut,Pasta,Fast Food,4,267.91,Cash,36,2025-04-20,379,Inactive,3,2024-10-13,Cancelled
2698,Other,Adult,Islamabad,2023-11-10,2024-07-19,Subway,Fries,Italian,5,1062.8,Wallet,46,2025-02-26,306,Inactive,2,2024-08-28,Delayed
2699,Female,Senior,Karachi,2024-12-22,2024-07-19,Pizza Hut,Sandwich,Chinese,2,1214.31,Wallet,5,2025-07-13,170,Active,3,2025-03-27,Cancelled
2700,Male,Senior,Islamabad,2025-12-04,2024-07-19,KFC,Pizza,Italian,1,1039.54,Cash,4,2025-04-13,69,Active,5,2024-10-22,Delivered
2701,Male,Senior,Lahore,2023-08-10,2024-07-19,Burger King,Sandwich,Continental,2,927.73,Cash,42,2025-02-18,346,Inactive,3,2024-12-14,Cancelled
2702,Female,Senior,Multan,2024-02-17,2024-07-19,KFC,Pizza,Chinese,2,624.67,Card,3,2025-06-24,179,Inactive,1,2024-09-22,Delayed
2703,Male,Senior,Lahore,2025-04-05,2024-07-19,Subway,Burger,Italian,1,951.72,Card,20,2025-01-26,408,Active,4,2025-05-28,Delayed
2704,Male,Adult,Karachi,2024-10-22,2024-07-19,Burger King,Sandwich,Fast Food,2,596.31,Card,9,2025-03-30,56,Inactive,2,2025-01-04,Delayed
2705,Male,Senior,Multan,2023-10-19,2024-07-19,KFC,Fries,Dessert,4,373.81,Wallet,32,2025-03-21,87,Inactive,5,2024-12-30,Delivered
2706,Male,Teenager,Lahore,2024-09-22,2024-07-19,Subway,Pasta,Italian,3,1244.19,Cash,24,2024-09-29,293,Inactive,3,2025-03-31,Delivered
2707,Female,Adult,Peshawar,2025-01-15,2024-07-19,Burger King,Pasta,Chinese,4,777.44,Wallet,25,2024-09-23,132,Inactive,1,2025-06-06,Delayed
2708,Male,Adult,Karachi,2024-09-29,2024-07-19,Burger King,Pasta,Chinese,4,152.35,Wallet,8,2024-11-27,379,Inactive,4,2025-06-20,Delayed
2709,Other,Teenager,Islamabad,2025-07-02,2024-07-19,Subway,Burger,Dessert,1,776.78,Cash,25,2025-09-04,43,Inactive,3,2025-05-13,Cancelled
2710,Female,Teenager,Karachi,2025-05-28,2024-07-19,McDonald's,Fries,Chinese,3,199.97,Wallet,24,2025-08-07,38,Active,3,2024-04-12,Delayed
2711,Male,Senior,Lahore,2024-05-01,2024-07-20,Subway,Fries,Italian,1,821.68,Wallet,33,2024-09-23,13,Inactive,2,2024-11-27,Delivered
2712,Male,Teenager,Multan,2024-10-15,2024-07-20,Burger King,Sandwich,Fast Food,3,625.76,Cash,12,2025-03-17,373,Active,5,2025-03-20,Delayed
2713,Female,Senior,Karachi,2023-12-19,2024-07-20,Burger King,Fries,Continental,5,957.0,Wallet,41,2025-04-19,191,Inactive,2,2025-02-06,Delayed
2714,Female,Adult,Islamabad,2025-11-04,2024-07-20,Subway,Burger,Dessert,1,482.66,Wallet,25,2024-11-21,395,Active,2,2025-09-01,Delayed
2715,Male,Adult,Islamabad,2024-05-22,2024-07-20,Burger King,Fries,Chinese,2,1057.57,Cash,15,2024-12-20,237,Inactive,3,2024-09-23,Cancelled
2716,Other,Teenager,Islamabad,2024-11-23,2024-07-20,McDonald's,Pizza,Fast Food,3,1165.1,Wallet,38,2024-11-23,344,Active,1,2025-01-29,Delayed
2717,Male,Senior,Islamabad,2023-04-11,2024-07-21,Subway,Pasta,Chinese,5,631.14,Cash,4,2024-10-28,209,Inactive,1,2025-04-13,Cancelled
2718,Female,Teenager,Peshawar,2024-12-10,2024-07-21,KFC,Sandwich,Italian,5,966.98,Wallet,18,2024-10-13,209,Inactive,3,2025-06-02,Delivered
2719,Other,Adult,Multan,2024-08-03,2024-07-21,Subway,Burger,Dessert,3,825.59,Wallet,37,2025-05-15,477,Inactive,1,2024-04-10,Delivered
2720,Other,Senior,Peshawar,2024-11-23,2024-07-21,Pizza Hut,Burger,Dessert,2,701.9,Cash,47,2024-10-29,316,Active,4,2024-11-16,Cancelled
2721,Other,Adult,Islamabad,2024-11-13,2024-07-21,Burger King,Pizza,Chinese,3,665.38,Card,40,2025-02-21,90,Active,1,2024-02-11,Cancelled
2722,Male,Senior,Lahore,2024-12-21,2024-07-21,KFC,Fries,Dessert,4,886.7,Card,15,2025-04-30,340,Inactive,4,2025-03-27,Delivered
2723,Female,Teenager,Peshawar,2023-10-16,2024-07-22,Pizza Hut,Burger,Italian,5,1233.78,Wallet,38,2025-12-02,300,Inactive,2,2025-03-21,Cancelled
2724,Other,Adult,Peshawar,2023-08-31,2024-07-22,Pizza Hut,Pasta,Continental,1,1268.02,Cash,41,2025-07-18,108,Inactive,3,2024-10-15,Cancelled
2725,Female,Teenager,Multan,2024-01-12,2024-07-22,Pizza Hut,Fries,Italian,1,1284.47,Cash,11,2024-11-25,322,Inactive,4,2025-05-29,Cancelled
2726,Other,Senior,Peshawar,2024-10-02,2024-07-22,Subway,Sandwich,Continental,4,237.1,Cash,15,2024-09-27,181,Active,5,2025-01-05,Delivered
2727,Other,Teenager,Multan,2024-11-28,2024-07-22,McDonald's,Pizza,Italian,1,757.25,Wallet,19,2025-03-31,391,Inactive,3,2024-10-09,Cancelled
2728,Male,Teenager,Lahore,2024-11-04,2024-07-22,KFC,Pasta,Dessert,1,733.54,Cash,38,2024-11-10,43,Inactive,2,2025-04-05,Delayed
2729,Female,Adult,Peshawar,2025-05-19,2024-07-22,Burger King,Pasta,Fast Food,5,1020.26,Cash,43,2025-04-15,385,Active,4,2024-10-20,Cancelled
2730,Other,Senior,Multan,2023-09-12,2024-07-22,KFC,Pizza,Continental,5,403.28,Wallet,19,2025-07-15,325,Inactive,1,2025-01-03,Delivered
2731,Female,Senior,Multan,2025-06-27,2024-07-22,KFC,Pasta,Continental,5,797.32,Cash,7,2024-03-12,453,Active,3,2025-03-24,Delayed
2732,Male,Adult,Multan,2024-09-15,2024-07-23,McDonald's,Sandwich,Fast Food,3,744.96,Cash,39,2025-03-25,471,Inactive,3,2025-12-06,Delayed
2733,Other,Senior,Peshawar,2023-08-27,2024-07-23,McDonald's,Pizza,Fast Food,5,476.57,Wallet,15,2025-11-03,330,Inactive,2,2024-12-16,Cancelled
2734,Other,Senior,Karachi,2025-06-20,2024-07-23,Pizza Hut,Pasta,Continental,1,1220.35,Card,45,2025-07-03,408,Active,4,2025-04-05,Cancelled
2735,Male,Senior,Karachi,2025-01-16,2024-07-23,KFC,Fries,Continental,1,646.36,Card,27,2025-03-04,437,Active,4,2025-04-16,Delivered
2736,Male,Adult,Lahore,2023-08-25,2024-07-23,KFC,Pizza,Fast Food,2,1146.6,Card,35,2024-11-25,67,Active,4,2025-01-04,Delayed
2737,Male,Adult,Lahore,2024-10-05,2024-07-23,Subway,Burger,Fast Food,1,998.21,Cash,4,2025-03-22,284,Inactive,4,2025-04-04,Delivered
2738,Female,Teenager,Islamabad,2024-07-26,2024-07-23,Subway,Pasta,Chinese,1,802.33,Card,36,2025-06-05,285,Active,2,2025-07-25,Delayed
2739,Male,Senior,Lahore,2024-07-13,2024-07-23,Burger King,Fries,Chinese,5,1255.02,Card,44,2024-04-12,334,Active,2,2025-07-26,Delivered
2740,Other,Adult,Peshawar,2024-06-08,2024-07-24,Burger King,Pasta,Italian,3,608.51,Cash,42,2024-09-22,302,Active,3,2024-02-09,Delayed
2741,Other,Teenager,Multan,2025-07-07,2024-07-24,Subway,Burger,Italian,2,674.02,Cash,24,2025-01-15,89,Inactive,2,2024-08-25,Cancelled
2742,Female,Adult,Multan,2023-03-12,2024-07-24,Burger King,Pizza,Continental,3,820.55,Cash,46,2024-12-30,123,Active,3,2025-02-06,Cancelled
2743,Male,Senior,Peshawar,2024-10-06,2024-07-24,Subway,Pasta,Fast Food,4,322.02,Wallet,38,2024-08-27,470,Inactive,4,2024-08-11,Cancelled
2744,Male,Adult,Lahore,2025-04-30,2024-07-24,Pizza Hut,Sandwich,Italian,5,1238.63,Cash,45,2024-11-14,18,Active,5,2024-09-21,Delivered
2745,Male,Adult,Peshawar,2025-07-28,2024-07-24,Pizza Hut,Pasta,Chinese,5,1219.5,Cash,8,2024-11-19,199,Active,3,2025-07-21,Delayed
2746,Female,Teenager,Lahore,2024-11-29,2024-07-24,Subway,Pasta,Fast Food,5,175.25,Card,38,2025-01-26,92,Inactive,4,2024-03-10,Cancelled
2747,Female,Adult,Multan,2025-12-08,2024-07-25,Pizza Hut,Sandwich,Italian,5,1106.3,Card,7,2025-01-16,463,Active,4,2024-11-09,Cancelled
2748,Other,Teenager,Multan,2023-12-09,2024-07-25,KFC,Pizza,Fast Food,5,257.2,Card,20,2025-03-02,177,Inactive,2,2024-08-24,Delayed
2749,Female,Senior,Peshawar,2024-09-03,2024-07-25,McDonald's,Sandwich,Dessert,2,937.09,Wallet,31,2025-02-07,461,Active,5,2025-01-15,Delayed
2750,Female,Senior,Islamabad,2025-04-27,2024-07-25,Pizza Hut,Pizza,Chinese,3,516.15,Cash,13,2025-07-29,344,Inactive,5,2025-03-25,Delivered
2751,Female,Teenager,Karachi,2025-04-27,2024-07-25,KFC,Burger,Italian,3,1452.68,Wallet,9,2025-07-16,465,Active,1,2024-12-25,Cancelled
2752,Female,Adult,Lahore,2025-08-06,2024-07-25,McDonald's,Fries,Chinese,3,923.28,Wallet,22,2025-07-20,245,Inactive,2,2025-07-07,Cancelled
2753,Other,Senior,Peshawar,2024-03-16,2024-07-25,Subway,Pizza,Fast Food,4,1115.28,Card,24,2025-01-02,431,Inactive,3,2025-10-06,Cancelled
2754,Other,Adult,Multan,2024-09-25,2024-07-25,McDonald's,Pizza,Continental,3,375.95,Wallet,12,2025-06-23,283,Inactive,5,2024-09-13,Cancelled
2755,Female,Teenager,Karachi,2025-05-14,2024-07-25,Burger King,Pizza,Italian,3,534.19,Wallet,50,2024-09-20,478,Inactive,2,2025-02-27,Delivered
2756,Female,Senior,Multan,2024-10-05,2024-07-25,Pizza Hut,Burger,Continental,4,509.49,Wallet,17,2025-10-03,223,Active,3,2025-04-18,Cancelled
2757,Other,Senior,Peshawar,2025-02-04,2024-07-25,Pizza Hut,Sandwich,Italian,4,489.29,Card,34,2025-10-01,155,Inactive,3,2025-11-04,Cancelled
2758,Other,Senior,Islamabad,2025-02-23,2024-07-25,Burger King,Pizza,Fast Food,5,1163.14,Wallet,18,2024-12-16,197,Active,2,2025-08-15,Cancelled
2759,Other,Teenager,Lahore,2023-09-16,2024-07-26,Subway,Pizza,Fast Food,1,1287.45,Cash,33,2025-07-04,156,Active,4,2024-04-12,Delayed
2760,Other,Senior,Multan,2024-12-13,2024-07-26,Pizza Hut,Pizza,Fast Food,1,789.54,Card,33,2025-05-07,421,Active,2,2024-05-10,Cancelled
2761,Female,Adult,Peshawar,2024-11-28,2024-07-26,McDonald's,Sandwich,Dessert,1,847.46,Wallet,7,2025-05-22,279,Active,2,2024-11-24,Delayed
2762,Male,Teenager,Multan,2024-08-09,2024-07-26,Burger King,Burger,Italian,1,414.91,Card,50,2024-10-10,167,Inactive,3,2024-12-26,Delayed
2763,Male,Adult,Multan,2025-11-06,2024-07-26,Subway,Pasta,Chinese,3,378.51,Card,32,2025-03-20,28,Inactive,1,2024-05-10,Cancelled
2764,Male,Senior,Peshawar,2025-06-13,2024-07-26,Subway,Pasta,Dessert,2,1035.76,Cash,35,2025-02-14,12,Active,3,2025-08-07,Delayed
2765,Female,Teenager,Karachi,2024-12-03,2024-07-26,Pizza Hut,Sandwich,Fast Food,2,1225.5,Wallet,6,2024-12-28,17,Inactive,2,2025-04-01,Delivered
2766,Male,Senior,Karachi,2024-01-17,2024-07-26,McDonald's,Burger,Dessert,5,604.13,Cash,22,2025-05-25,316,Active,2,2025-07-25,Cancelled
2767,Female,Teenager,Lahore,2023-12-23,2024-07-26,KFC,Fries,Chinese,5,1292.33,Wallet,35,2025-03-06,409,Inactive,5,2025-06-25,Delivered
2768,Male,Teenager,Multan,2025-10-06,2024-07-27,McDonald's,Sandwich,Dessert,2,307.72,Cash,48,2025-07-18,343,Active,5,2025-03-03,Delivered
2769,Female,Adult,Karachi,2025-01-16,2024-07-27,KFC,Burger,Chinese,3,506.73,Cash,27,2025-07-31,452,Active,1,2025-05-13,Delivered
2770,Male,Teenager,Karachi,2025-06-06,2024-07-27,Subway,Burger,Continental,1,282.7,Cash,23,2025-01-05,79,Active,4,2025-03-18,Delivered
2771,Male,Teenager,Peshawar,2024-05-01,2024-07-27,Burger King,Burger,Chinese,4,943.27,Wallet,17,2025-04-04,348,Inactive,2,2025-12-07,Delayed
2772,Female,Senior,Karachi,2025-06-16,2024-07-27,Pizza Hut,Pizza,Italian,4,394.65,Wallet,10,2024-09-16,473,Active,3,2024-09-25,Delayed
2773,Female,Adult,Islamabad,2025-01-31,2024-07-27,Subway,Sandwich,Chinese,3,1449.96,Card,47,2025-03-29,315,Inactive,1,2024-05-10,Cancelled
2774,Other,Teenager,Peshawar,2025-05-13,2024-07-27,Burger King,Burger,Italian,1,1110.35,Wallet,6,2024-11-19,260,Active,4,2024-08-26,Delayed
2775,Other,Adult,Karachi,2023-10-22,2024-07-27,Pizza Hut,Pizza,Chinese,1,284.4,Wallet,24,2025-04-26,436,Active,1,2024-11-25,Delivered
2776,Other,Senior,Karachi,2025-08-06,2024-07-27,McDonald's,Pizza,Dessert,1,1061.21,Wallet,33,2025-09-07,422,Inactive,3,2025-04-03,Cancelled
2777,Female,Senior,Karachi,2023-11-14,2024-07-27,KFC,Sandwich,Chinese,4,1124.17,Cash,8,2025-01-14,162,Active,4,2025-07-14,Delivered
2778,Male,Senior,Multan,2025-01-18,2024-07-28,Pizza Hut,Fries,Italian,5,1199.53,Cash,15,2024-10-17,289,Inactive,3,2025-05-04,Cancelled
2779,Other,Teenager,Lahore,2024-03-05,2024-07-28,KFC,Fries,Chinese,3,857.94,Wallet,14,2025-03-31,111,Inactive,3,2024-11-24,Delayed
2780,Other,Adult,Karachi,2023-08-31,2024-07-28,Burger King,Fries,Dessert,5,208.86,Card,49,2024-04-11,164,Inactive,2,2025-08-19,Cancelled
2781,Other,Adult,Multan,2024-10-13,2024-07-28,Burger King,Fries,Italian,3,782.64,Wallet,29,2025-03-28,209,Inactive,2,2025-01-03,Delivered
2782,Male,Adult,Peshawar,2025-11-01,2024-07-28,Pizza Hut,Fries,Fast Food,5,982.05,Cash,50,2025-06-21,110,Active,1,2025-05-23,Delivered
2783,Female,Senior,Peshawar,2024-09-03,2024-07-28,Subway,Pizza,Dessert,2,1098.29,Card,38,2024-11-14,221,Active,4,2024-11-27,Delayed
2784,Male,Teenager,Karachi,2024-11-03,2024-07-28,Subway,Sandwich,Continental,4,1387.34,Card,46,2024-12-19,479,Active,5,2025-01-22,Cancelled
2785,Male,Teenager,Peshawar,2023-04-12,2024-07-28,Subway,Sandwich,Dessert,3,260.89,Wallet,34,2024-12-25,208,Active,3,2024-12-26,Delivered
2786,Male,Senior,Peshawar,2025-02-02,2024-07-28,Burger King,Burger,Fast Food,4,656.09,Wallet,22,2024-05-09,335,Active,3,2025-04-14,Cancelled
2787,Female,Senior,Multan,2023-12-11,2024-07-29,Burger King,Fries,Dessert,2,791.87,Wallet,22,2025-05-08,29,Inactive,4,2025-05-18,Cancelled
2788,Female,Senior,Peshawar,2024-02-20,2024-07-29,KFC,Sandwich,Continental,1,268.82,Wallet,40,2025-03-07,436,Inactive,1,2024-08-22,Delivered
2789,Female,Senior,Karachi,2025-07-08,2024-07-29,Burger King,Pasta,Chinese,3,856.75,Cash,47,2025-03-17,32,Active,5,2024-10-19,Delayed
2790,Female,Adult,Multan,2024-02-17,2024-07-29,Pizza Hut,Fries,Continental,3,204.38,Cash,47,2025-01-14,169,Inactive,3,2025-07-07,Delivered
2791,Male,Adult,Peshawar,2025-05-27,2024-07-29,McDonald's,Sandwich,Fast Food,4,1330.47,Cash,30,2025-04-13,303,Inactive,2,2025-10-05,Cancelled
2792,Other,Adult,Karachi,2023-12-24,2024-07-29,Burger King,Pasta,Dessert,4,465.64,Cash,4,2025-04-21,215,Active,1,2025-01-06,Cancelled
2793,Other,Senior,Karachi,2025-01-13,2024-07-29,McDonald's,Pasta,Chinese,2,1365.77,Cash,10,2025-08-01,156,Inactive,3,2025-02-26,Delayed
2794,Other,Senior,Islamabad,2025-08-14,2024-07-29,KFC,Sandwich,Dessert,5,458.87,Card,30,2025-03-08,324,Inactive,5,2024-10-29,Delivered
2795,Other,Senior,Lahore,2024-10-27,2024-07-29,Pizza Hut,Pasta,Italian,1,1157.2,Card,33,2024-02-10,31,Inactive,3,2024-02-10,Delayed
2796,Other,Teenager,Karachi,2024-12-15,2024-07-29,Subway,Pizza,Continental,4,1274.35,Wallet,19,2025-06-15,390,Active,1,2024-12-14,Delayed
2797,Other,Senior,Peshawar,2023-11-10,2024-07-29,KFC,Pizza,Dessert,5,736.37,Cash,41,2024-10-20,461,Inactive,3,2024-10-13,Delayed
2798,Other,Adult,Multan,2024-04-05,2024-07-29,Pizza Hut,Fries,Fast Food,4,1198.36,Cash,13,2025-01-14,370,Inactive,3,2025-01-17,Delayed
2799,Other,Adult,Multan,2025-03-21,2024-07-29,Pizza Hut,Burger,Italian,3,833.37,Wallet,26,2025-07-17,145,Active,3,2025-07-18,Cancelled
2800,Female,Senior,Islamabad,2025-02-19,2024-07-29,McDonald's,Sandwich,Continental,4,962.12,Cash,14,2025-09-05,293,Inactive,2,2025-07-13,Delayed
2801,Male,Adult,Karachi,2024-06-08,2024-07-30,KFC,Burger,Continental,3,139.98,Cash,10,2025-03-25,351,Inactive,2,2025-06-28,Delayed
2802,Other,Teenager,Islamabad,2025-02-25,2024-07-30,Burger King,Sandwich,Fast Food,2,1439.81,Wallet,7,2025-05-05,481,Inactive,5,2024-10-22,Cancelled
2803,Male,Adult,Islamabad,2023-08-27,2024-07-30,Burger King,Sandwich,Fast Food,1,227.47,Card,4,2025-07-31,30,Inactive,4,2024-10-21,Delivered
2804,Female,Adult,Lahore,2025-09-02,2024-07-30,Subway,Burger,Fast Food,1,270.05,Card,15,2025-07-14,427,Inactive,4,2024-01-12,Delayed
2805,Female,Senior,Peshawar,2024-03-20,2024-07-30,McDonald's,Burger,Fast Food,4,1158.94,Wallet,43,2025-08-03,84,Active,5,2025-07-06,Delivered
2806,Other,Teenager,Peshawar,2023-06-10,2024-07-31,Burger King,Pizza,Chinese,3,484.72,Cash,48,2025-06-28,416,Active,5,2024-12-13,Delivered
2807,Other,Teenager,Karachi,2025-03-04,2024-07-31,McDonald's,Fries,Continental,4,702.58,Wallet,6,2025-02-19,482,Inactive,1,2024-09-24,Delivered
2808,Other,Senior,Lahore,2023-11-27,2024-07-31,Subway,Sandwich,Chinese,5,263.31,Card,47,2025-06-27,81,Inactive,4,2025-05-22,Delivered
2809,Male,Teenager,Multan,2025-05-01,2024-07-31,Subway,Pasta,Italian,3,1399.34,Card,27,2025-02-15,34,Inactive,4,2025-01-28,Cancelled
2810,Female,Senior,Islamabad,2024-07-31,2024-07-31,McDonald's,Fries,Fast Food,4,231.86,Cash,17,2025-02-13,86,Active,1,2025-08-15,Delayed
2811,Male,Teenager,Islamabad,2025-09-01,2024-07-31,KFC,Pasta,Chinese,1,1123.7,Card,46,2025-06-19,352,Active,5,2024-10-19,Delivered
2812,Other,Adult,Lahore,2025-06-18,2024-07-31,KFC,Burger,Continental,1,1042.64,Wallet,1,2025-07-03,165,Inactive,1,2025-06-28,Cancelled
2813,Male,Teenager,Karachi,2024-11-17,2024-07-31,KFC,Pizza,Dessert,4,170.17,Wallet,48,2024-10-17,363,Active,2,2024-07-10,Delayed
2814,Female,Adult,Lahore,2024-05-07,2024-07-31,McDonald's,Burger,Continental,2,905.42,Cash,21,2025-12-03,129,Inactive,3,2025-07-26,Delivered
2815,Male,Teenager,Lahore,2025-04-29,2024-07-31,Pizza Hut,Sandwich,Chinese,3,1423.85,Wallet,34,2025-06-04,221,Active,5,2025-03-02,Cancelled
2816,Male,Adult,Islamabad,2024-01-17,2024-01-08,Burger King,Pasta,Fast Food,4,794.07,Wallet,37,2025-04-28,115,Active,4,2025-06-19,Cancelled
2817,Other,Senior,Islamabad,2024-02-02,2024-01-08,KFC,Pizza,Continental,4,135.94,Wallet,44,2025-10-07,427,Inactive,5,2025-03-05,Delayed
2818,Other,Senior,Lahore,2024-05-15,2024-01-08,Burger King,Pasta,Fast Food,4,273.5,Cash,12,2025-01-22,153,Active,1,2024-11-10,Delivered
2819,Male,Adult,Peshawar,2024-09-15,2024-01-08,Pizza Hut,Pasta,Continental,1,1354.66,Cash,41,2024-11-11,257,Active,1,2024-12-25,Delivered
2820,Male,Teenager,Islamabad,2023-11-26,2024-01-08,Subway,Sandwich,Fast Food,3,911.18,Cash,40,2025-04-13,32,Inactive,2,2024-07-11,Delayed
2821,Male,Adult,Multan,2025-04-26,2024-01-08,McDonald's,Pasta,Chinese,5,1064.53,Wallet,48,2024-09-22,185,Active,1,2025-02-02,Delayed
2822,Male,Senior,Lahore,2024-01-20,2024-01-08,Burger King,Burger,Chinese,1,1078.27,Wallet,25,2024-12-09,372,Inactive,4,2025-04-29,Delivered
2823,Female,Adult,Peshawar,2023-09-20,2024-02-08,Subway,Sandwich,Italian,1,744.56,Card,28,2024-11-27,186,Inactive,2,2024-12-09,Delivered
2824,Female,Teenager,Lahore,2024-02-08,2024-02-08,Subway,Fries,Fast Food,2,971.23,Wallet,11,2025-07-08,278,Inactive,5,2025-03-20,Delivered
2825,Male,Senior,Peshawar,2023-09-17,2024-02-08,Pizza Hut,Pizza,Continental,1,581.44,Wallet,18,2025-03-31,437,Active,3,2024-10-10,Delivered
2826,Other,Adult,Islamabad,2024-09-28,2024-02-08,KFC,Pasta,Continental,2,150.44,Card,36,2024-10-13,393,Active,4,2024-11-12,Cancelled
2827,Other,Teenager,Lahore,2025-06-02,2024-02-08,Burger King,Pizza,Fast Food,3,1125.2,Card,29,2025-01-08,338,Active,4,2025-03-21,Delayed
2828,Other,Adult,Karachi,2024-03-07,2024-02-08,Pizza Hut,Burger,Dessert,4,751.84,Card,40,2024-09-10,3,Inactive,5,2025-03-18,Delivered
2829,Female,Teenager,Karachi,2023-12-11,2024-02-08,Subway,Burger,Fast Food,4,864.57,Wallet,35,2024-11-13,152,Active,4,2024-09-13,Delivered
2830,Female,Senior,Lahore,2025-04-15,2024-02-08,Pizza Hut,Pizza,Fast Food,2,1434.37,Cash,19,2025-06-23,499,Active,3,2025-03-18,Cancelled
2831,Female,Adult,Islamabad,2024-08-15,2024-02-08,Subway,Sandwich,Dessert,2,599.1,Card,5,2025-11-05,270,Active,1,2024-12-31,Delayed
2832,Male,Adult,Peshawar,2024-03-26,2024-03-08,Pizza Hut,Pizza,Dessert,1,517.26,Cash,39,2025-06-16,177,Inactive,5,2025-01-15,Delivered
2833,Male,Senior,Karachi,2024-02-13,2024-03-08,KFC,Fries,Chinese,1,748.15,Card,49,2025-04-19,197,Inactive,3,2025-11-02,Delivered
2834,Male,Teenager,Lahore,2025-03-14,2024-03-08,Burger King,Pasta,Continental,2,1063.31,Cash,9,2024-12-28,200,Inactive,4,2024-10-31,Delayed
2835,Male,Senior,Islamabad,2024-07-30,2024-03-08,Subway,Fries,Dessert,3,518.38,Card,22,2025-06-16,391,Inactive,1,2025-11-08,Cancelled
2836,Other,Senior,Karachi,2025-05-29,2024-03-08,Subway,Pasta,Dessert,3,407.57,Wallet,43,2024-09-17,300,Inactive,5,2025-05-07,Delayed
2837,Other,Teenager,Multan,2024-09-08,2024-03-08,Burger King,Pasta,Dessert,1,111.72,Wallet,18,2024-07-11,263,Active,1,2025-06-16,Delayed
2838,Female,Teenager,Karachi,2023-06-09,2024-03-08,Pizza Hut,Pizza,Fast Food,3,1493.79,Cash,28,2025-02-19,386,Active,2,2024-11-16,Delivered
2839,Female,Adult,Lahore,2024-10-31,2024-03-08,Subway,Pasta,Italian,5,1284.79,Cash,9,2025-05-14,428,Inactive,4,2025-09-07,Cancelled
2840,Female,Teenager,Peshawar,2025-12-03,2024-04-08,Subway,Burger,Fast Food,1,359.43,Card,36,2025-05-27,317,Active,3,2025-06-01,Cancelled
2841,Other,Adult,Multan,2023-02-12,2024-04-08,Pizza Hut,Pasta,Chinese,2,1047.17,Card,9,2024-09-14,386,Inactive,4,2025-12-03,Cancelled
2842,Other,Senior,Multan,2023-02-10,2024-04-08,Pizza Hut,Pasta,Chinese,3,782.48,Card,41,2025-10-04,170,Active,2,2025-01-03,Delayed
2843,Male,Adult,Islamabad,2024-10-01,2024-04-08,KFC,Fries,Fast Food,4,995.05,Card,20,2025-05-26,39,Inactive,2,2025-02-19,Delayed
2844,Male,Adult,Islamabad,2024-06-25,2024-04-08,Subway,Burger,Continental,4,1419.61,Cash,6,2024-12-11,475,Inactive,5,2025-04-07,Delivered
2845,Other,Adult,Lahore,2024-09-23,2024-05-08,KFC,Sandwich,Continental,5,897.36,Cash,48,2025-06-16,471,Inactive,1,2025-05-17,Cancelled
2846,Male,Adult,Karachi,2024-07-21,2024-05-08,Subway,Pasta,Dessert,4,662.34,Wallet,44,2025-06-26,132,Active,1,2025-05-15,Delayed
2847,Male,Teenager,Lahore,2025-12-05,2024-05-08,Pizza Hut,Burger,Chinese,1,1411.03,Cash,36,2024-08-28,412,Inactive,2,2025-03-16,Cancelled
2848,Other,Adult,Multan,2025-07-03,2024-05-08,Pizza Hut,Pizza,Fast Food,2,303.68,Card,49,2025-01-01,440,Inactive,2,2025-06-18,Cancelled
2849,Female,Senior,Lahore,2024-06-21,2024-05-08,KFC,Pizza,Dessert,1,1145.07,Cash,37,2025-07-18,434,Active,1,2025-08-18,Cancelled
2850,Female,Teenager,Multan,2025-06-03,2024-05-08,KFC,Sandwich,Dessert,3,999.72,Card,47,2025-03-31,432,Inactive,1,2025-05-22,Delayed
2851,Other,Teenager,Islamabad,2024-12-04,2024-05-08,McDonald's,Pasta,Italian,5,488.2,Cash,27,2025-08-08,269,Active,1,2025-04-13,Cancelled
2852,Male,Senior,Multan,2025-03-13,2024-05-08,McDonald's,Burger,Fast Food,1,782.24,Cash,28,2025-06-08,242,Active,1,2025-11-08,Delivered
2853,Other,Teenager,Lahore,2024-01-06,2024-05-08,Pizza Hut,Pasta,Continental,4,453.16,Card,32,2024-09-12,402,Active,1,2024-08-31,Delivered
2854,Other,Senior,Lahore,2023-10-18,2024-05-08,Pizza Hut,Burger,Chinese,1,1105.88,Card,42,2025-02-25,147,Active,3,2025-12-08,Delayed
2855,Other,Adult,Karachi,2024-04-29,2024-05-08,McDonald's,Sandwich,Continental,4,1007.12,Wallet,20,2025-04-27,138,Inactive,4,2024-11-12,Delayed
2856,Male,Teenager,Islamabad,2025-07-18,2024-06-08,McDonald's,Pasta,Continental,4,855.94,Cash,25,2024-10-19,241,Inactive,4,2025-05-16,Cancelled
2857,Other,Teenager,Islamabad,2024-11-23,2024-06-08,KFC,Sandwich,Continental,4,929.91,Cash,6,2024-03-12,451,Active,3,2025-06-27,Cancelled
2858,Male,Senior,Peshawar,2023-04-12,2024-06-08,Pizza Hut,Sandwich,Fast Food,1,842.6,Wallet,9,2025-08-16,92,Inactive,4,2025-02-27,Cancelled
2859,Male,Teenager,Multan,2024-03-24,2024-06-08,Pizza Hut,Pasta,Chinese,2,466.64,Card,4,2025-03-28,445,Active,3,2024-09-12,Delivered
2860,Other,Adult,Multan,2023-10-18,2024-06-08,Burger King,Burger,Italian,5,1087.01,Cash,37,2025-04-14,103,Active,1,2025-07-23,Cancelled
2861,Female,Teenager,Karachi,2024-09-15,2024-06-08,Subway,Pasta,Continental,1,124.85,Card,24,2025-04-13,74,Inactive,5,2024-08-21,Delayed
2862,Male,Senior,Lahore,2023-12-22,2024-06-08,Subway,Pasta,Dessert,3,346.11,Wallet,50,2024-11-30,45,Inactive,2,2025-06-22,Delivered
2863,Other,Teenager,Peshawar,2024-12-10,2024-06-08,Subway,Pizza,Continental,3,1411.57,Card,5,2024-11-28,281,Active,3,2025-08-16,Delivered
2864,Female,Teenager,Islamabad,2024-06-21,2024-07-08,KFC,Burger,Continental,2,790.29,Card,28,2024-02-10,386,Inactive,3,2025-07-23,Delivered
2865,Other,Teenager,Multan,2025-05-07,2024-07-08,Pizza Hut,Burger,Italian,4,746.59,Card,13,2025-12-05,443,Inactive,5,2024-12-31,Delivered
2866,Female,Adult,Multan,2024-01-26,2024-07-08,McDonald's,Pasta,Dessert,4,200.96,Wallet,29,2025-06-29,388,Active,5,2025-04-06,Delayed
2867,Male,Teenager,Lahore,2024-09-27,2024-07-08,McDonald's,Pasta,Continental,1,101.73,Card,12,2025-04-24,44,Active,5,2025-01-14,Cancelled
2868,Other,Senior,Peshawar,2024-05-04,2024-07-08,Pizza Hut,Pizza,Fast Food,1,627.33,Card,4,2024-07-10,268,Inactive,3,2024-11-28,Delivered
2869,Other,Teenager,Lahore,2023-09-16,2024-07-08,Subway,Fries,Dessert,5,1293.15,Card,1,2025-07-24,254,Inactive,1,2025-01-03,Delayed
2870,Female,Teenager,Peshawar,2023-09-28,2024-07-08,Burger King,Burger,Dessert,4,358.94,Wallet,5,2024-09-12,374,Active,3,2024-09-13,Delivered
2871,Female,Teenager,Karachi,2023-12-19,2024-07-08,Burger King,Burger,Continental,5,209.18,Cash,32,2024-07-09,51,Active,5,2024-01-09,Delivered
2872,Other,Teenager,Islamabad,2025-05-07,2024-07-08,KFC,Pasta,Fast Food,2,618.61,Cash,45,2025-02-22,232,Active,4,2024-09-21,Delayed
2873,Male,Teenager,Lahore,2025-06-05,2024-07-08,KFC,Pasta,Chinese,3,1379.83,Card,11,2025-08-04,88,Active,5,2025-02-17,Delayed
2874,Other,Teenager,Islamabad,2024-02-15,2024-07-08,KFC,Sandwich,Chinese,1,654.86,Cash,17,2025-03-07,415,Inactive,3,2025-12-01,Delayed
2875,Female,Senior,Lahore,2025-02-06,2024-08-08,Pizza Hut,Fries,Chinese,4,514.79,Wallet,15,2024-12-10,279,Active,1,2024-11-29,Delivered
2876,Other,Adult,Lahore,2025-06-04,2024-08-08,Burger King,Fries,Continental,3,711.16,Card,26,2024-12-22,257,Active,5,2025-01-22,Delayed
2877,Male,Adult,Karachi,2024-09-11,2024-08-08,Pizza Hut,Pizza,Continental,4,1429.77,Cash,25,2025-02-15,71,Inactive,2,2025-06-07,Delayed
2878,Male,Teenager,Islamabad,2025-01-25,2024-08-08,Burger King,Burger,Italian,1,987.0,Cash,31,2024-11-20,468,Inactive,2,2025-08-17,Cancelled
2879,Male,Adult,Peshawar,2023-10-29,2024-08-08,KFC,Burger,Italian,4,1165.45,Cash,32,2025-09-08,444,Active,2,2025-01-02,Delayed
2880,Other,Adult,Lahore,2025-07-14,2024-08-08,McDonald's,Fries,Italian,2,1018.41,Cash,22,2024-11-23,255,Inactive,1,2025-06-04,Delayed
2881,Other,Adult,Lahore,2024-07-03,2024-08-08,McDonald's,Sandwich,Fast Food,1,781.29,Cash,6,2024-12-29,130,Active,3,2025-07-20,Delivered
2882,Male,Adult,Multan,2023-12-26,2024-09-08,Subway,Sandwich,Continental,5,318.4,Card,12,2024-07-09,459,Inactive,4,2024-12-18,Delivered
2883,Other,Adult,Peshawar,2024-02-25,2024-09-08,Burger King,Fries,Chinese,4,779.88,Wallet,31,2025-01-29,175,Inactive,2,2024-08-12,Delayed
2884,Female,Teenager,Lahore,2024-03-02,2024-09-08,Burger King,Sandwich,Continental,5,1169.01,Cash,41,2024-11-16,432,Inactive,3,2025-05-24,Cancelled
2885,Male,Adult,Lahore,2023-06-09,2024-09-08,Pizza Hut,Burger,Chinese,2,758.28,Card,23,2025-03-31,17,Inactive,4,2025-05-16,Cancelled
2886,Male,Teenager,Karachi,2024-08-22,2024-09-08,KFC,Pasta,Continental,5,422.47,Wallet,32,2024-12-16,297,Inactive,2,2025-08-06,Delivered
2887,Female,Adult,Karachi,2023-10-12,2024-09-08,McDonald's,Sandwich,Fast Food,2,1151.01,Wallet,50,2024-12-20,338,Inactive,4,2025-06-08,Delayed
2888,Female,Senior,Lahore,2023-07-11,2024-10-08,Pizza Hut,Sandwich,Italian,1,1400.84,Wallet,13,2025-07-17,489,Inactive,3,2024-12-26,Delivered
2889,Female,Senior,Peshawar,2023-11-29,2024-10-08,McDonald's,Sandwich,Continental,2,1355.49,Card,37,2024-06-11,190,Inactive,3,2024-08-26,Delivered
2890,Male,Adult,Peshawar,2023-09-26,2024-10-08,KFC,Pasta,Continental,4,693.45,Wallet,34,2024-09-09,410,Active,2,2025-05-13,Cancelled
2891,Female,Teenager,Lahore,2025-01-16,2024-10-08,Subway,Fries,Italian,5,765.5,Card,45,2025-06-08,462,Inactive,2,2024-11-10,Delivered
2892,Other,Teenager,Lahore,2024-08-02,2024-10-08,KFC,Pizza,Dessert,3,783.43,Cash,11,2025-08-08,458,Active,3,2025-07-29,Delivered
2893,Female,Adult,Karachi,2025-05-01,2024-10-08,KFC,Burger,Continental,3,687.35,Wallet,36,2025-03-02,274,Inactive,5,2025-07-17,Cancelled
2894,Other,Adult,Karachi,2024-03-29,2024-10-08,Burger King,Sandwich,Italian,3,136.55,Card,30,2025-02-28,123,Inactive,1,2025-05-26,Cancelled
2895,Male,Senior,Karachi,2023-11-19,2024-10-08,McDonald's,Sandwich,Fast Food,2,612.46,Card,19,2024-11-23,386,Inactive,1,2024-11-30,Delivered
2896,Other,Teenager,Karachi,2023-12-15,2024-10-08,KFC,Fries,Italian,2,580.12,Wallet,2,2025-08-02,247,Inactive,1,2025-12-08,Delivered
2897,Female,Teenager,Multan,2024-08-22,2024-10-08,Pizza Hut,Sandwich,Italian,3,530.95,Cash,37,2025-03-19,293,Active,1,2025-02-04,Delayed
2898,Other,Teenager,Multan,2025-06-29,2024-11-08,Subway,Pizza,Dessert,4,234.93,Wallet,25,2025-07-22,94,Inactive,1,2025-02-28,Delivered
2899,Other,Senior,Islamabad,2025-07-03,2024-11-08,Subway,Pasta,Fast Food,1,714.9,Cash,8,2024-12-14,154,Active,1,2025-10-05,Cancelled
2900,Male,Teenager,Multan,2025-01-27,2024-11-08,Subway,Pizza,Italian,3,433.2,Cash,43,2025-03-04,120,Inactive,5,2025-09-02,Delivered
2901,Female,Senior,Karachi,2023-11-17,2024-11-08,Subway,Pasta,Continental,5,1168.4,Cash,39,2024-12-23,23,Active,2,2024-10-24,Cancelled
2902,Other,Adult,Lahore,2024-11-07,2024-11-08,McDonald's,Fries,Continental,1,794.41,Wallet,28,2024-11-16,495,Active,1,2025-06-04,Delayed
2903,Male,Senior,Peshawar,2023-08-31,2024-11-08,Subway,Sandwich,Italian,5,1317.81,Cash,42,2025-03-02,110,Inactive,2,2025-09-01,Delivered
2904,Female,Teenager,Lahore,2024-09-15,2024-11-08,McDonald's,Pizza,Italian,2,170.99,Cash,21,2024-01-10,370,Active,1,2024-08-27,Cancelled
2905,Other,Senior,Karachi,2025-08-18,2024-11-08,Burger King,Pizza,Dessert,2,645.38,Cash,40,2025-05-27,394,Inactive,5,2025-10-06,Delayed
2906,Female,Adult,Karachi,2025-05-01,2024-11-08,McDonald's,Burger,Fast Food,4,265.48,Card,22,2025-01-02,195,Inactive,2,2025-08-20,Delivered
2907,Male,Adult,Karachi,2024-09-21,2024-11-08,Pizza Hut,Pasta,Chinese,5,765.54,Card,40,2024-08-10,34,Active,2,2025-01-03,Delayed
2908,Female,Adult,Lahore,2023-09-30,2024-11-08,KFC,Sandwich,Fast Food,3,358.9,Wallet,21,2024-08-10,492,Inactive,3,2025-02-23,Cancelled
2909,Male,Adult,Lahore,2025-09-06,2024-12-08,Burger King,Pizza,Italian,1,145.92,Card,43,2024-10-09,409,Active,2,2024-04-11,Delivered
2910,Other,Senior,Peshawar,2023-10-24,2024-12-08,KFC,Fries,Fast Food,3,1031.9,Card,40,2025-01-31,335,Inactive,2,2024-05-10,Delivered
2911,Female,Adult,Islamabad,2023-05-11,2024-12-08,KFC,Sandwich,Fast Food,3,649.95,Card,27,2025-01-03,390,Active,1,2024-12-21,Delivered
2912,Female,Senior,Peshawar,2023-07-12,2024-12-08,McDonald's,Burger,Fast Food,2,279.95,Wallet,50,2024-10-19,468,Active,5,2025-07-26,Delayed
2913,Male,Adult,Peshawar,2025-08-17,2024-08-13,Pizza Hut,Pasta,Italian,3,788.9,Cash,36,2024-07-09,405,Inactive,1,2024-08-30,Delayed
2914,Male,Senior,Lahore,2024-10-21,2024-08-13,Subway,Pizza,Dessert,1,539.73,Wallet,9,2025-03-26,416,Inactive,5,2024-12-18,Delayed
2915,Male,Teenager,Lahore,2024-08-08,2024-08-13,Pizza Hut,Fries,Continental,5,268.7,Card,2,2024-10-23,219,Inactive,2,2025-06-30,Delayed
2916,Female,Adult,Peshawar,2024-02-21,2024-08-13,Burger King,Sandwich,Italian,1,913.4,Card,46,2025-12-03,125,Active,4,2025-03-19,Delivered
2917,Female,Adult,Multan,2023-09-10,2024-08-13,KFC,Fries,Italian,5,303.02,Card,26,2025-07-20,448,Active,3,2025-04-04,Cancelled
2918,Other,Adult,Karachi,2024-06-03,2024-08-13,Burger King,Pizza,Dessert,5,209.32,Card,14,2025-04-16,477,Active,3,2025-02-21,Delayed
2919,Other,Adult,Islamabad,2025-08-20,2024-08-13,KFC,Burger,Chinese,5,280.43,Cash,21,2024-12-30,136,Active,2,2024-06-09,Delivered
2920,Female,Adult,Lahore,2025-03-03,2024-08-14,Subway,Pizza,Dessert,3,625.21,Card,42,2025-03-29,103,Inactive,2,2025-03-07,Cancelled
2921,Female,Adult,Multan,2025-08-03,2024-08-14,Pizza Hut,Pizza,Dessert,5,532.65,Card,29,2024-11-20,410,Active,5,2025-09-03,Delivered
2922,Female,Teenager,Karachi,2023-12-10,2024-08-14,Subway,Pasta,Fast Food,3,406.95,Cash,9,2025-07-16,400,Inactive,1,2025-06-16,Delivered
2923,Female,Teenager,Karachi,2024-08-25,2024-08-14,Pizza Hut,Fries,Continental,3,336.68,Wallet,5,2024-08-12,286,Inactive,2,2025-07-20,Cancelled
2924,Other,Teenager,Multan,2023-10-24,2024-08-14,Subway,Pizza,Dessert,2,548.67,Cash,30,2024-10-11,159,Active,2,2025-01-02,Delayed
2925,Female,Adult,Islamabad,2024-06-25,2024-08-14,Burger King,Fries,Continental,1,1468.12,Wallet,26,2025-05-25,193,Inactive,4,2025-07-05,Delivered
2926,Male,Teenager,Islamabad,2024-05-10,2024-08-14,KFC,Pasta,Chinese,2,868.67,Wallet,35,2025-02-21,290,Inactive,3,2025-07-13,Cancelled
2927,Other,Senior,Peshawar,2023-11-14,2024-08-14,KFC,Pasta,Dessert,4,760.35,Wallet,11,2025-01-16,2,Inactive,5,2025-07-04,Delivered
2928,Other,Teenager,Lahore,2025-05-03,2024-08-14,Pizza Hut,Pizza,Chinese,2,705.98,Cash,8,2025-03-27,318,Active,2,2024-10-17,Delivered
2929,Female,Teenager,Karachi,2025-03-31,2024-08-14,McDonald's,Burger,Dessert,4,911.91,Cash,24,2025-07-31,103,Active,1,2025-06-06,Delayed
2930,Other,Senior,Lahore,2023-01-12,2024-08-14,Pizza Hut,Burger,Dessert,4,964.26,Card,37,2024-10-11,495,Inactive,1,2025-04-16,Cancelled
2931,Other,Teenager,Islamabad,2023-02-11,2024-08-14,Subway,Pasta,Continental,3,403.37,Card,2,2024-09-23,259,Active,3,2025-06-21,Delivered
2932,Other,Senior,Lahore,2025-06-27,2024-08-15,McDonald's,Pasta,Italian,3,122.72,Wallet,8,2025-01-02,250,Inactive,3,2024-01-12,Cancelled
2933,Female,Senior,Lahore,2025-05-24,2024-08-15,KFC,Pasta,Fast Food,1,405.64,Wallet,41,2025-05-08,350,Inactive,5,2024-10-27,Delivered
2934,Female,Senior,Islamabad,2024-06-28,2024-08-15,Subway,Sandwich,Continental,1,1062.48,Card,4,2025-06-03,22,Active,5,2025-07-28,Delivered
2935,Other,Adult,Karachi,2024-02-01,2024-08-15,Burger King,Pasta,Chinese,2,322.67,Card,16,2025-01-15,428,Inactive,4,2024-02-10,Cancelled
2936,Male,Teenager,Islamabad,2025-04-05,2024-08-15,Subway,Burger,Italian,4,808.88,Card,35,2024-02-10,162,Inactive,2,2025-01-07,Delayed
2937,Female,Senior,Peshawar,2024-01-28,2024-08-15,Burger King,Sandwich,Italian,3,713.89,Cash,33,2024-07-10,315,Inactive,5,2024-12-31,Delayed
2938,Other,Teenager,Karachi,2024-02-21,2024-08-15,McDonald's,Pizza,Continental,3,181.05,Cash,13,2025-02-05,476,Inactive,5,2024-12-10,Cancelled
2939,Male,Adult,Karachi,2024-12-25,2024-08-15,Burger King,Burger,Chinese,2,1164.46,Cash,14,2025-07-14,473,Inactive,1,2024-12-21,Cancelled
2940,Female,Adult,Multan,2023-09-24,2024-08-15,Pizza Hut,Pizza,Chinese,5,908.81,Wallet,20,2024-05-10,387,Active,3,2024-06-10,Delivered
2941,Female,Teenager,Islamabad,2024-01-31,2024-08-15,Burger King,Sandwich,Fast Food,4,734.29,Card,28,2025-02-05,421,Inactive,4,2025-04-23,Delayed
2942,Other,Adult,Islamabad,2024-11-06,2024-08-15,McDonald's,Pasta,Italian,3,764.53,Cash,36,2025-08-18,193,Inactive,4,2025-06-14,Delivered
2943,Other,Teenager,Islamabad,2023-11-28,2024-08-16,Burger King,Pasta,Chinese,2,530.91,Cash,24,2025-02-13,357,Inactive,3,2024-08-23,Cancelled
2944,Female,Teenager,Islamabad,2025-01-02,2024-08-16,Burger King,Fries,Chinese,3,1020.24,Cash,42,2025-05-13,72,Inactive,2,2024-12-29,Delivered
2945,Male,Senior,Lahore,2024-01-05,2024-08-16,McDonald's,Burger,Italian,1,1007.36,Cash,19,2025-06-13,392,Inactive,3,2025-08-07,Delayed
2946,Other,Teenager,Lahore,2024-04-23,2024-08-16,Burger King,Fries,Fast Food,2,770.13,Wallet,16,2024-10-09,334,Inactive,4,2024-10-18,Delivered
2947,Other,Senior,Multan,2024-07-06,2024-08-16,Burger King,Burger,Continental,1,807.59,Wallet,12,2025-07-06,499,Active,4,2025-05-13,Delayed
2948,Other,Teenager,Multan,2024-02-12,2024-08-16,Subway,Pizza,Continental,2,235.81,Card,2,2025-02-17,28,Inactive,3,2024-09-29,Delivered
2949,Female,Senior,Peshawar,2023-10-30,2024-08-16,KFC,Fries,Continental,5,1214.77,Cash,33,2024-02-11,63,Active,4,2024-08-23,Delivered
2950,Other,Adult,Islamabad,2023-11-22,2024-08-16,Subway,Fries,Dessert,3,1319.95,Card,27,2025-04-19,116,Active,3,2025-04-27,Cancelled
2951,Female,Teenager,Islamabad,2024-03-27,2024-08-17,Subway,Sandwich,Dessert,4,1137.5,Card,49,2024-10-17,17,Active,2,2025-02-26,Delayed
2952,Other,Senior,Karachi,2024-03-11,2024-08-17,McDonald's,Burger,Fast Food,3,146.58,Wallet,10,2024-03-09,136,Inactive,4,2025-04-01,Delayed
2953,Male,Adult,Islamabad,2025-01-05,2024-08-17,Pizza Hut,Sandwich,Continental,3,217.42,Wallet,2,2025-03-19,244,Inactive,3,2024-08-31,Delayed
2954,Male,Teenager,Multan,2025-05-23,2024-08-17,Subway,Pasta,Italian,1,195.29,Cash,45,2025-01-25,204,Active,5,2025-07-13,Delayed
2955,Male,Senior,Peshawar,2025-06-01,2024-08-17,Pizza Hut,Pizza,Dessert,2,785.18,Card,15,2024-10-13,46,Inactive,4,2025-04-19,Delayed
2956,Male,Adult,Multan,2024-10-29,2024-08-17,Pizza Hut,Sandwich,Italian,5,607.07,Wallet,31,2025-05-22,29,Inactive,4,2025-10-06,Delayed
2957,Male,Senior,Peshawar,2024-05-26,2024-08-17,Pizza Hut,Sandwich,Fast Food,2,1213.92,Cash,3,2025-08-13,494,Inactive,5,2025-02-01,Delivered
2958,Male,Adult,Peshawar,2023-10-22,2024-08-17,Subway,Fries,Chinese,3,683.61,Card,22,2025-02-18,497,Inactive,3,2025-01-19,Delivered
2959,Female,Adult,Karachi,2025-02-15,2024-08-17,Burger King,Sandwich,Italian,5,323.75,Cash,35,2025-06-18,313,Inactive,2,2025-05-01,Delayed
2960,Female,Adult,Karachi,2025-07-02,2024-08-17,KFC,Sandwich,Chinese,5,183.92,Cash,34,2025-02-08,236,Active,1,2025-02-17,Delayed
2961,Male,Senior,Peshawar,2025-07-13,2024-08-17,McDonald's,Pasta,Fast Food,4,920.78,Wallet,15,2025-03-04,399,Inactive,5,2024-08-25,Cancelled
2962,Male,Senior,Karachi,2024-10-03,2024-08-17,Pizza Hut,Pasta,Italian,1,514.15,Cash,32,2025-08-18,352,Inactive,5,2024-11-18,Delayed
2963,Other,Adult,Peshawar,2023-09-27,2024-08-18,Pizza Hut,Pasta,Chinese,4,896.41,Card,14,2025-12-08,334,Active,3,2025-03-28,Delayed
2964,Other,Teenager,Islamabad,2025-01-20,2024-08-18,KFC,Fries,Fast Food,1,384.84,Wallet,2,2024-10-27,11,Inactive,3,2024-11-15,Cancelled
2965,Other,Senior,Lahore,2023-08-23,2024-08-18,Subway,Fries,Chinese,2,455.88,Cash,30,2024-05-11,35,Inactive,2,2024-10-16,Cancelled
2966,Male,Teenager,Multan,2024-12-01,2024-08-18,Subway,Sandwich,Continental,2,420.99,Wallet,25,2025-04-05,82,Active,1,2024-06-09,Delivered
2967,Male,Adult,Multan,2024-10-19,2024-08-18,Burger King,Pizza,Continental,2,271.11,Wallet,8,2024-10-29,191,Inactive,4,2024-02-12,Cancelled
2968,Other,Senior,Peshawar,2024-12-11,2024-08-18,KFC,Fries,Continental,1,1203.67,Cash,20,2024-09-26,251,Active,4,2024-11-13,Delayed
2969,Male,Adult,Peshawar,2024-11-27,2024-08-18,Pizza Hut,Sandwich,Fast Food,1,863.12,Cash,17,2025-04-06,206,Active,2,2024-08-24,Delivered
2970,Male,Teenager,Lahore,2024-06-27,2024-08-18,KFC,Pasta,Dessert,4,1176.24,Wallet,37,2025-06-08,446,Active,3,2025-01-16,Cancelled
2971,Other,Adult,Islamabad,2025-07-27,2024-08-18,KFC,Pizza,Chinese,4,319.49,Wallet,30,2025-08-08,222,Inactive,4,2024-07-09,Cancelled
2972,Male,Senior,Lahore,2024-02-02,2024-08-19,Pizza Hut,Pasta,Italian,2,1330.48,Cash,47,2024-06-12,356,Active,2,2025-10-02,Delayed
2973,Other,Senior,Lahore,2024-09-11,2024-08-19,Burger King,Fries,Italian,2,1285.29,Wallet,32,2025-10-08,203,Active,4,2025-02-16,Delayed
2974,Male,Adult,Peshawar,2025-05-25,2024-08-19,Burger King,Pasta,Continental,3,305.94,Wallet,47,2025-11-07,353,Inactive,5,2024-10-21,Delayed
2975,Other,Teenager,Peshawar,2024-10-29,2024-08-19,McDonald's,Fries,Italian,2,764.49,Card,25,2024-07-09,158,Inactive,3,2024-09-15,Cancelled
2976,Other,Senior,Lahore,2024-08-18,2024-08-19,KFC,Sandwich,Fast Food,4,431.44,Wallet,30,2025-03-01,484,Active,3,2025-05-29,Cancelled
2977,Male,Senior,Karachi,2024-12-20,2024-08-19,Pizza Hut,Pasta,Dessert,5,1146.09,Cash,50,2025-11-06,246,Active,2,2025-06-03,Delivered
2978,Female,Adult,Multan,2024-02-19,2024-08-19,McDonald's,Burger,Italian,1,1259.02,Card,24,2025-03-24,0,Inactive,2,2024-03-10,Delivered
2979,Female,Teenager,Islamabad,2023-11-19,2024-08-19,KFC,Fries,Italian,5,639.25,Wallet,14,2024-12-18,300,Inactive,4,2025-04-28,Delivered
2980,Female,Adult,Karachi,2024-01-20,2024-08-19,KFC,Pasta,Fast Food,5,374.34,Card,26,2025-01-03,254,Inactive,2,2025-05-06,Delayed
2981,Other,Adult,Islamabad,2024-09-06,2024-08-20,KFC,Fries,Italian,3,1216.02,Card,18,2025-01-24,269,Active,1,2024-12-16,Delayed
2982,Other,Teenager,Multan,2023-11-30,2024-08-20,Subway,Pasta,Chinese,3,1065.41,Card,24,2025-07-07,315,Inactive,4,2024-12-11,Delayed
2983,Other,Teenager,Multan,2024-05-21,2024-08-20,Subway,Pasta,Italian,5,990.62,Cash,29,2024-11-17,403,Inactive,3,2024-09-15,Delivered
2984,Male,Teenager,Islamabad,2024-10-01,2024-08-20,KFC,Pasta,Italian,4,486.06,Card,40,2025-07-01,259,Active,3,2025-06-07,Cancelled
2985,Other,Teenager,Lahore,2023-10-29,2024-08-20,Subway,Burger,Italian,3,306.82,Card,49,2025-08-04,258,Active,3,2025-01-24,Delivered
2986,Female,Teenager,Multan,2024-05-06,2024-08-20,McDonald's,Burger,Continental,3,1269.85,Wallet,5,2025-11-05,480,Active,5,2025-03-26,Cancelled
2987,Female,Adult,Islamabad,2024-10-16,2024-08-20,Pizza Hut,Fries,Dessert,1,371.78,Card,50,2024-01-12,452,Inactive,5,2024-06-11,Cancelled
2988,Female,Senior,Multan,2024-05-25,2024-08-20,Subway,Burger,Italian,1,1025.18,Wallet,45,2025-03-25,9,Inactive,3,2025-08-05,Cancelled
2989,Female,Senior,Karachi,2024-12-02,2024-08-20,Burger King,Pizza,Dessert,2,863.68,Card,19,2025-07-21,449,Inactive,3,2025-05-23,Cancelled
2990,Male,Senior,Multan,2024-10-09,2024-08-21,KFC,Pizza,Fast Food,4,276.45,Cash,41,2024-04-10,190,Active,2,2024-09-27,Cancelled
2991,Female,Teenager,Islamabad,2025-07-19,2024-08-21,McDonald's,Sandwich,Continental,1,417.52,Card,21,2024-11-28,6,Inactive,2,2024-11-24,Delivered
2992,Male,Senior,Peshawar,2025-06-19,2024-08-21,Pizza Hut,Pasta,Chinese,1,291.22,Wallet,40,2025-07-19,182,Active,2,2024-11-11,Cancelled
2993,Other,Teenager,Multan,2025-02-20,2024-08-21,Burger King,Burger,Dessert,1,162.13,Card,19,2025-12-08,161,Inactive,4,2025-02-17,Delayed
2994,Other,Adult,Lahore,2024-11-08,2024-08-21,Burger King,Sandwich,Fast Food,1,479.68,Wallet,26,2025-03-03,69,Active,1,2024-07-09,Cancelled
2995,Female,Adult,Islamabad,2024-03-29,2024-08-21,Pizza Hut,Burger,Fast Food,4,494.24,Cash,36,2025-06-22,377,Active,3,2024-08-11,Delayed
2996,Male,Adult,Peshawar,2024-11-05,2024-08-21,Pizza Hut,Fries,Dessert,2,1363.64,Cash,2,2025-10-06,385,Inactive,1,2025-04-13,Cancelled
2997,Other,Senior,Lahore,2024-05-22,2024-08-21,KFC,Fries,Italian,5,1487.71,Wallet,27,2024-11-12,445,Inactive,3,2025-01-02,Delivered
2998,Other,Adult,Multan,2025-07-07,2024-08-21,McDonald's,Fries,Continental,3,402.44,Cash,11,2025-05-31,164,Active,3,2024-08-28,Cancelled
2999,Other,Teenager,Multan,2023-09-28,2024-08-22,Subway,Sandwich,Continental,2,495.25,Wallet,30,2024-10-27,41,Inactive,5,2024-11-29,Delivered
3000,Female,Senior,Karachi,2024-02-25,2024-08-22,Subway,Fries,Continental,3,893.54,Cash,38,2025-06-24,489,Inactive,2,2025-01-18,Cancelled
3001,Male,Teenager,Islamabad,2023-11-29,2024-08-22,Pizza Hut,Fries,Italian,2,604.42,Card,37,2025-05-06,423,Active,2,2024-08-27,Cancelled
3002,Female,Adult,Karachi,2023-09-20,2024-08-22,KFC,Pizza,Fast Food,1,1382.53,Wallet,20,2024-10-24,328,Active,3,2025-02-18,Cancelled
3003,Female,Senior,Karachi,2025-01-21,2024-08-22,KFC,Burger,Italian,2,1069.58,Cash,47,2025-05-28,51,Active,2,2024-11-17,Delivered
3004,Female,Senior,Lahore,2023-09-21,2024-08-22,Burger King,Burger,Fast Food,1,1122.32,Cash,37,2025-06-05,402,Active,4,2025-11-03,Delayed
3005,Female,Adult,Lahore,2023-10-30,2024-08-22,KFC,Pasta,Continental,3,431.52,Cash,14,2025-01-23,292,Inactive,5,2024-12-24,Cancelled
3006,Female,Teenager,Karachi,2023-12-17,2024-08-22,Subway,Pizza,Continental,3,896.42,Cash,25,2024-12-27,471,Active,3,2025-01-23,Cancelled
3007,Other,Senior,Karachi,2024-06-16,2024-08-22,Burger King,Burger,Italian,2,737.23,Wallet,39,2025-10-04,28,Inactive,3,2024-05-11,Delivered
3008,Male,Adult,Lahore,2023-11-16,2024-08-23,McDonald's,Pasta,Continental,5,1114.25,Wallet,26,2025-06-30,0,Active,4,2024-09-16,Delivered
3009,Female,Teenager,Peshawar,2024-09-17,2024-08-23,Burger King,Pizza,Continental,1,981.21,Wallet,8,2025-07-08,15,Active,4,2025-01-08,Delivered
3010,Male,Teenager,Lahore,2025-02-03,2024-08-23,Subway,Pasta,Chinese,4,1382.56,Card,18,2024-10-12,452,Active,2,2025-03-26,Delivered
3011,Other,Senior,Islamabad,2024-02-29,2024-08-23,McDonald's,Fries,Italian,4,1064.56,Cash,7,2024-09-24,148,Active,3,2025-03-30,Cancelled
3012,Female,Adult,Multan,2025-08-20,2024-08-24,McDonald's,Pasta,Fast Food,3,607.6,Cash,9,2025-04-15,373,Active,1,2025-06-07,Delivered
3013,Male,Senior,Lahore,2025-05-25,2024-08-24,Burger King,Burger,Dessert,5,1220.05,Cash,48,2025-09-01,189,Inactive,3,2024-08-09,Cancelled
3014,Male,Adult,Multan,2025-05-19,2024-08-24,Burger King,Fries,Continental,2,940.78,Wallet,34,2024-03-09,75,Active,2,2025-06-27,Delayed
3015,Other,Teenager,Karachi,2025-08-19,2024-08-24,McDonald's,Sandwich,Fast Food,5,229.13,Wallet,39,2025-03-29,435,Inactive,4,2025-05-31,Delivered
3016,Other,Adult,Karachi,2025-12-07,2024-08-24,KFC,Pasta,Dessert,4,852.01,Wallet,8,2024-12-16,161,Inactive,4,2025-10-04,Delivered
3017,Male,Adult,Islamabad,2023-05-12,2024-08-24,Pizza Hut,Pasta,Continental,5,851.46,Wallet,3,2024-10-27,195,Inactive,4,2025-07-08,Delivered
3018,Male,Senior,Lahore,2024-02-28,2024-08-25,Subway,Pasta,Chinese,4,651.37,Card,24,2024-09-12,71,Inactive,1,2024-09-29,Cancelled
3019,Other,Teenager,Multan,2023-12-23,2024-08-25,Subway,Burger,Italian,3,919.21,Wallet,4,2025-07-31,131,Inactive,5,2025-07-22,Delivered
3020,Male,Adult,Lahore,2025-05-23,2024-08-25,Pizza Hut,Burger,Chinese,5,456.64,Card,41,2025-04-02,273,Active,2,2025-02-20,Delivered
3021,Male,Teenager,Karachi,2024-06-20,2024-08-25,Burger King,Pizza,Continental,4,778.31,Cash,32,2025-08-08,52,Active,2,2025-07-05,Delivered
3022,Other,Senior,Karachi,2025-12-06,2024-08-25,Subway,Burger,Fast Food,1,819.41,Cash,24,2025-10-05,417,Active,4,2024-11-13,Cancelled
3023,Male,Teenager,Peshawar,2023-12-21,2024-08-25,KFC,Pizza,Dessert,5,862.35,Card,39,2025-03-22,131,Active,3,2025-04-27,Delayed
3024,Other,Teenager,Multan,2023-10-17,2024-08-25,Burger King,Burger,Fast Food,5,991.87,Cash,13,2024-11-19,303,Inactive,3,2024-10-28,Delayed
3025,Female,Senior,Islamabad,2025-03-01,2024-08-25,KFC,Burger,Italian,3,516.58,Cash,20,2025-03-22,209,Active,5,2024-03-12,Delivered
3026,Female,Teenager,Multan,2025-01-26,2024-08-25,Subway,Sandwich,Italian,5,111.39,Cash,11,2024-11-09,408,Inactive,4,2025-06-14,Cancelled
3027,Female,Adult,Islamabad,2023-05-09,2024-08-25,Subway,Burger,Fast Food,1,119.72,Wallet,2,2024-09-25,302,Active,5,2024-07-11,Delayed
3028,Male,Adult,Islamabad,2023-12-11,2024-08-25,McDonald's,Sandwich,Continental,3,1438.67,Wallet,25,2024-11-17,266,Inactive,1,2024-11-17,Delivered
3029,Male,Adult,Peshawar,2025-05-05,2024-08-25,Pizza Hut,Pasta,Dessert,1,1289.8,Cash,28,2025-06-07,459,Inactive,3,2025-08-08,Delayed
3030,Other,Adult,Karachi,2025-10-02,2024-08-25,Subway,Sandwich,Italian,1,1138.15,Cash,10,2025-01-27,101,Active,3,2024-08-29,Delivered
3031,Female,Adult,Karachi,2025-02-14,2024-08-25,KFC,Sandwich,Fast Food,1,121.23,Card,27,2025-04-16,481,Inactive,2,2025-01-02,Cancelled
3032,Female,Adult,Karachi,2024-04-15,2024-08-25,Burger King,Burger,Fast Food,5,616.98,Card,26,2024-09-22,9,Inactive,2,2025-05-23,Cancelled
3033,Female,Senior,Peshawar,2024-03-19,2024-08-26,McDonald's,Pasta,Dessert,2,482.49,Wallet,18,2024-06-12,323,Inactive,3,2025-08-01,Delayed
3034,Other,Adult,Lahore,2024-04-13,2024-08-26,KFC,Sandwich,Fast Food,4,1008.46,Wallet,10,2025-12-02,490,Inactive,2,2025-03-26,Delayed
3035,Female,Senior,Islamabad,2024-03-15,2024-08-26,KFC,Pizza,Fast Food,3,926.02,Wallet,45,2025-04-06,79,Active,1,2024-12-24,Cancelled
3036,Female,Senior,Peshawar,2023-12-10,2024-08-26,Subway,Burger,Continental,5,358.1,Wallet,22,2024-08-22,186,Inactive,1,2024-04-12,Delivered
3037,Female,Adult,Multan,2024-07-30,2024-08-26,Burger King,Sandwich,Chinese,3,495.84,Card,27,2024-07-11,41,Inactive,2,2025-07-25,Cancelled
3038,Other,Senior,Lahore,2024-04-11,2024-08-26,Burger King,Burger,Continental,5,1226.24,Wallet,39,2025-07-16,234,Inactive,3,2025-03-04,Delayed
3039,Male,Teenager,Peshawar,2024-11-16,2024-08-27,Burger King,Fries,Continental,4,1418.31,Wallet,7,2024-09-28,441,Inactive,5,2025-12-04,Delayed
3040,Male,Teenager,Islamabad,2025-12-06,2024-08-27,KFC,Fries,Chinese,4,1331.15,Cash,27,2025-03-04,28,Inactive,1,2024-09-20,Delivered
3041,Other,Adult,Islamabad,2024-01-16,2024-08-27,KFC,Pizza,Continental,3,244.37,Cash,38,2025-11-03,370,Inactive,5,2025-04-21,Cancelled
3042,Male,Adult,Multan,2024-12-02,2024-08-27,McDonald's,Pizza,Fast Food,1,1415.56,Card,6,2024-08-27,23,Inactive,3,2025-03-22,Delayed
3043,Male,Senior,Islamabad,2024-02-25,2024-08-27,McDonald's,Burger,Chinese,3,454.92,Card,22,2024-07-12,253,Inactive,1,2025-06-14,Cancelled
3044,Other,Teenager,Karachi,2025-02-23,2024-08-27,McDonald's,Pasta,Continental,4,463.36,Cash,23,2025-09-06,99,Inactive,5,2025-04-19,Delayed
3045,Male,Adult,Peshawar,2024-06-29,2024-08-27,KFC,Sandwich,Italian,4,1244.28,Card,25,2025-04-16,240,Active,3,2025-03-18,Delayed
3046,Female,Senior,Karachi,2024-04-30,2024-08-27,Burger King,Sandwich,Fast Food,4,670.74,Card,6,2025-01-02,94,Active,4,2025-08-19,Delivered
3047,Male,Adult,Karachi,2024-03-27,2024-08-27,Pizza Hut,Sandwich,Dessert,3,954.71,Card,8,2025-01-08,249,Active,1,2024-12-30,Cancelled
3048,Other,Senior,Islamabad,2024-01-12,2024-08-28,Burger King,Pizza,Italian,5,1279.01,Cash,25,2025-05-05,132,Inactive,2,2025-05-06,Cancelled
3049,Other,Teenager,Peshawar,2024-06-03,2024-08-28,KFC,Fries,Continental,1,1392.6,Card,6,2025-08-03,182,Inactive,4,2025-06-24,Delayed
3050,Other,Senior,Peshawar,2024-03-31,2024-08-28,Subway,Fries,Continental,1,1229.1,Wallet,18,2025-04-17,100,Inactive,5,2024-10-24,Cancelled
3051,Female,Senior,Lahore,2024-12-22,2024-08-28,Burger King,Burger,Chinese,1,1061.75,Wallet,41,2025-04-07,365,Inactive,2,2025-03-13,Delayed
3052,Female,Teenager,Karachi,2024-04-08,2024-08-28,Burger King,Pasta,Continental,3,815.41,Wallet,18,2025-09-03,355,Active,4,2025-05-18,Delayed
3053,Male,Adult,Lahore,2024-10-25,2024-08-28,Subway,Fries,Fast Food,4,645.32,Wallet,26,2025-04-15,168,Inactive,3,2024-05-11,Cancelled
3054,Other,Senior,Islamabad,2024-05-01,2024-08-28,Subway,Pasta,Chinese,2,685.75,Wallet,6,2025-06-25,236,Active,3,2025-03-24,Delivered
3055,Male,Senior,Peshawar,2025-04-29,2024-08-28,McDonald's,Pizza,Fast Food,1,1388.82,Card,4,2024-08-24,192,Inactive,1,2025-07-29,Cancelled
3056,Male,Teenager,Lahore,2024-05-07,2024-08-28,Pizza Hut,Pasta,Continental,2,482.56,Cash,39,2024-09-09,455,Inactive,2,2025-02-14,Delayed
3057,Male,Adult,Multan,2023-08-27,2024-08-29,KFC,Fries,Italian,1,467.23,Card,8,2024-12-11,70,Active,3,2025-10-08,Cancelled
3058,Other,Adult,Islamabad,2024-07-21,2024-08-29,Subway,Pasta,Continental,2,1404.74,Wallet,21,2024-09-09,166,Inactive,3,2024-09-11,Delayed
3059,Other,Adult,Karachi,2023-07-12,2024-08-29,McDonald's,Fries,Chinese,1,734.61,Wallet,34,2025-02-13,70,Inactive,4,2024-08-11,Cancelled
3060,Female,Senior,Islamabad,2024-11-18,2024-08-29,McDonald's,Sandwich,Chinese,3,233.22,Card,38,2024-03-10,113,Inactive,3,2025-08-05,Cancelled
3061,Female,Teenager,Multan,2024-11-18,2024-08-29,Burger King,Pasta,Dessert,3,439.68,Wallet,18,2025-03-04,356,Active,1,2024-10-25,Delivered
3062,Female,Senior,Multan,2025-03-06,2024-08-29,Burger King,Fries,Fast Food,3,532.51,Cash,48,2024-12-14,9,Inactive,3,2024-10-11,Delayed
3063,Female,Adult,Islamabad,2025-05-20,2024-08-29,KFC,Fries,Dessert,2,162.61,Cash,10,2024-12-28,366,Inactive,1,2024-11-30,Cancelled
3064,Other,Senior,Peshawar,2025-07-27,2024-08-30,McDonald's,Pizza,Fast Food,3,1140.72,Cash,32,2025-01-14,392,Inactive,1,2025-08-19,Cancelled
3065,Other,Senior,Karachi,2024-12-30,2024-08-30,KFC,Pasta,Fast Food,3,445.62,Cash,28,2025-06-20,38,Inactive,4,2025-06-13,Delayed
3066,Male,Adult,Islamabad,2023-11-27,2024-08-30,Burger King,Pizza,Continental,4,415.68,Card,13,2025-06-26,199,Inactive,2,2024-04-12,Cancelled
3067,Female,Adult,Lahore,2025-08-05,2024-08-30,Pizza Hut,Sandwich,Chinese,3,125.52,Wallet,22,2025-07-24,354,Active,2,2025-01-13,Delayed
3068,Male,Teenager,Karachi,2025-09-05,2024-08-30,Subway,Fries,Italian,3,894.05,Cash,37,2024-08-31,272,Inactive,2,2025-03-28,Cancelled
3069,Male,Teenager,Karachi,2025-02-08,2024-08-30,Burger King,Burger,Dessert,2,408.57,Card,29,2025-04-02,226,Inactive,4,2024-08-29,Cancelled
3070,Male,Senior,Lahore,2023-12-20,2024-08-30,KFC,Pasta,Italian,5,522.36,Cash,12,2024-04-10,384,Inactive,1,2025-07-01,Cancelled
3071,Other,Teenager,Peshawar,2023-01-10,2024-08-30,KFC,Sandwich,Dessert,5,775.73,Card,14,2025-07-31,312,Active,3,2025-03-25,Cancelled
3072,Male,Adult,Islamabad,2024-01-04,2024-08-30,Subway,Pizza,Chinese,1,213.48,Wallet,10,2025-07-26,277,Inactive,1,2025-09-08,Delivered
3073,Male,Adult,Lahore,2025-05-06,2024-08-30,Burger King,Pasta,Chinese,5,530.44,Wallet,2,2025-06-07,454,Active,4,2025-05-16,Delivered
3074,Male,Adult,Karachi,2024-06-01,2024-08-30,Pizza Hut,Sandwich,Dessert,5,824.82,Cash,22,2025-07-31,114,Active,5,2024-06-10,Delivered
3075,Other,Adult,Lahore,2025-02-14,2024-08-31,Burger King,Sandwich,Continental,1,1269.19,Cash,36,2024-07-12,454,Active,1,2025-06-23,Cancelled
3076,Female,Teenager,Islamabad,2025-04-08,2024-08-31,Pizza Hut,Sandwich,Continental,3,691.35,Card,41,2024-10-18,108,Active,2,2024-11-09,Delivered
3077,Other,Adult,Lahore,2024-10-07,2024-08-31,McDonald's,Sandwich,Fast Food,1,1231.63,Cash,26,2024-10-26,251,Active,5,2025-01-01,Delivered
3078,Other,Teenager,Karachi,2024-07-30,2024-08-31,McDonald's,Sandwich,Continental,2,489.05,Card,6,2025-05-04,357,Active,5,2025-06-06,Delayed
3079,Female,Teenager,Peshawar,2024-11-16,2024-01-09,KFC,Fries,Italian,3,1449.13,Wallet,44,2025-02-28,472,Active,2,2025-12-01,Delivered
3080,Male,Senior,Lahore,2023-04-10,2024-01-09,McDonald's,Pizza,Dessert,4,344.08,Cash,49,2025-03-20,310,Active,5,2025-03-27,Delayed
3081,Female,Adult,Islamabad,2023-04-09,2024-01-09,McDonald's,Pasta,Italian,5,547.45,Card,40,2025-01-20,392,Inactive,1,2024-11-23,Delayed
3082,Female,Senior,Lahore,2025-07-19,2024-01-09,Pizza Hut,Sandwich,Chinese,1,240.77,Card,14,2024-08-30,179,Inactive,1,2025-10-07,Delivered
3083,Female,Senior,Islamabad,2025-11-07,2024-01-09,Subway,Pizza,Italian,1,114.73,Card,20,2025-03-19,386,Active,5,2024-07-10,Delivered
3084,Male,Senior,Peshawar,2024-04-23,2024-01-09,McDonald's,Pizza,Dessert,4,831.01,Card,49,2024-09-11,112,Active,3,2024-12-19,Cancelled
3085,Male,Adult,Karachi,2024-06-26,2024-01-09,Pizza Hut,Burger,Fast Food,2,849.17,Card,15,2025-04-20,67,Active,1,2025-06-22,Cancelled
3086,Other,Senior,Islamabad,2024-07-08,2024-01-09,KFC,Burger,Fast Food,4,1292.12,Wallet,40,2025-05-18,214,Active,3,2024-12-18,Delivered
3087,Male,Adult,Karachi,2025-01-18,2024-01-09,Pizza Hut,Pasta,Italian,5,914.54,Cash,33,2025-09-07,181,Active,4,2025-08-08,Cancelled
3088,Female,Teenager,Peshawar,2023-08-26,2024-02-09,McDonald's,Burger,Dessert,3,983.95,Cash,45,2024-02-11,164,Active,4,2025-07-21,Delivered
3089,Male,Teenager,Islamabad,2025-03-17,2024-02-09,McDonald's,Sandwich,Dessert,2,733.38,Card,19,2025-07-08,85,Active,1,2025-07-14,Cancelled
3090,Other,Adult,Lahore,2024-05-12,2024-02-09,Pizza Hut,Pizza,Fast Food,3,280.69,Wallet,21,2024-05-11,95,Active,1,2025-03-13,Delivered
3091,Female,Adult,Lahore,2025-04-01,2024-02-09,Subway,Burger,Chinese,3,1261.71,Wallet,2,2025-12-05,198,Active,1,2025-01-07,Delayed
3092,Other,Adult,Lahore,2024-07-01,2024-02-09,McDonald's,Sandwich,Continental,4,330.64,Cash,19,2024-11-15,73,Active,4,2025-03-31,Delivered
3093,Female,Teenager,Peshawar,2024-06-02,2024-02-09,Subway,Pizza,Chinese,3,1490.53,Wallet,38,2024-03-10,455,Inactive,4,2025-07-27,Delayed
3094,Male,Teenager,Lahore,2024-07-12,2024-02-09,Subway,Fries,Italian,5,929.29,Wallet,37,2025-05-03,265,Active,3,2025-04-27,Delayed
3095,Female,Senior,Peshawar,2024-11-21,2024-02-09,McDonald's,Burger,Chinese,1,278.92,Wallet,31,2024-05-11,476,Inactive,4,2024-11-30,Cancelled
3096,Male,Senior,Islamabad,2025-05-17,2024-03-09,Subway,Fries,Fast Food,2,170.02,Wallet,27,2024-09-18,314,Inactive,2,2025-09-06,Delivered
3097,Other,Senior,Multan,2024-08-11,2024-03-09,Pizza Hut,Pasta,Italian,2,686.84,Card,5,2025-05-23,224,Active,2,2024-12-24,Delivered
3098,Female,Senior,Multan,2024-08-07,2024-03-09,McDonald's,Pizza,Dessert,3,784.77,Card,31,2025-08-19,43,Inactive,4,2025-03-31,Delayed
3099,Female,Adult,Lahore,2024-04-14,2024-03-09,Burger King,Pasta,Dessert,5,121.22,Card,15,2024-10-17,257,Inactive,5,2024-09-12,Cancelled
3100,Male,Teenager,Lahore,2025-02-06,2024-03-09,McDonald's,Pizza,Fast Food,4,1028.97,Wallet,12,2024-12-13,177,Inactive,1,2025-02-05,Delivered
3101,Other,Teenager,Islamabad,2023-10-11,2024-03-09,Burger King,Pizza,Dessert,1,179.46,Card,1,2024-12-29,258,Active,3,2024-11-19,Delayed
3102,Female,Senior,Lahore,2024-01-10,2024-03-09,Pizza Hut,Pasta,Italian,2,1085.28,Cash,8,2024-12-18,46,Inactive,1,2025-12-06,Delayed
3103,Female,Adult,Lahore,2024-08-05,2024-03-09,McDonald's,Pasta,Continental,5,1349.28,Wallet,28,2025-08-16,297,Inactive,2,2024-09-17,Delayed
3104,Other,Teenager,Peshawar,2025-04-07,2024-03-09,KFC,Burger,Dessert,1,1161.95,Card,41,2024-11-22,263,Inactive,3,2025-07-28,Delivered
3105,Male,Senior,Multan,2024-03-29,2024-03-09,McDonald's,Burger,Chinese,2,138.03,Card,46,2024-09-21,472,Active,1,2025-07-15,Cancelled
3106,Female,Adult,Karachi,2023-08-10,2024-04-09,Pizza Hut,Pasta,Dessert,2,1184.16,Wallet,10,2024-04-09,453,Inactive,1,2024-01-12,Delivered
3107,Other,Teenager,Lahore,2025-02-19,2024-04-09,KFC,Burger,Chinese,1,1030.3,Card,35,2024-10-15,381,Inactive,5,2024-12-27,Delivered
3108,Other,Senior,Lahore,2024-08-19,2024-04-09,KFC,Pizza,Italian,3,640.14,Card,38,2025-11-02,495,Active,1,2025-01-25,Delayed
3109,Other,Senior,Karachi,2024-07-27,2024-04-09,Pizza Hut,Fries,Fast Food,5,422.59,Card,11,2025-04-14,390,Inactive,4,2025-05-08,Delivered
3110,Male,Teenager,Peshawar,2023-11-10,2024-04-09,Subway,Burger,Dessert,5,633.97,Wallet,8,2025-07-27,382,Inactive,4,2025-06-16,Delivered
3111,Male,Senior,Karachi,2025-01-03,2024-04-09,Pizza Hut,Sandwich,Italian,5,1006.63,Wallet,36,2025-07-06,154,Inactive,3,2024-09-15,Delivered
3112,Male,Adult,Lahore,2024-11-07,2024-04-09,McDonald's,Pizza,Italian,3,719.71,Cash,29,2025-11-08,402,Active,2,2024-11-23,Delayed
3113,Other,Adult,Multan,2024-12-12,2024-05-09,Burger King,Fries,Italian,5,386.89,Card,38,2024-10-21,272,Active,2,2025-01-15,Cancelled
3114,Other,Teenager,Multan,2023-10-21,2024-05-09,Burger King,Fries,Chinese,2,915.08,Card,44,2024-09-22,459,Inactive,2,2024-12-17,Delayed
3115,Male,Teenager,Peshawar,2024-02-10,2024-05-09,Subway,Pizza,Dessert,4,720.99,Card,41,2025-05-13,62,Active,4,2025-04-18,Delivered
3116,Other,Senior,Multan,2025-09-04,2024-05-09,Subway,Burger,Dessert,3,1281.68,Card,31,2025-04-28,281,Active,3,2025-06-24,Delivered
3117,Male,Adult,Islamabad,2023-09-25,2024-05-09,Burger King,Pizza,Italian,3,798.92,Wallet,40,2024-12-17,147,Inactive,3,2025-12-02,Cancelled
3118,Other,Teenager,Karachi,2025-09-04,2024-05-09,Subway,Pasta,Fast Food,5,1410.26,Card,28,2025-04-29,477,Inactive,2,2024-09-28,Delayed
3119,Other,Adult,Peshawar,2024-12-01,2024-05-09,Subway,Pasta,Continental,2,1127.22,Cash,8,2025-01-14,311,Active,4,2025-08-20,Delayed
3120,Other,Teenager,Multan,2025-01-07,2024-05-09,Subway,Pasta,Continental,3,650.33,Cash,27,2024-10-27,32,Inactive,1,2025-01-27,Delivered
3121,Other,Senior,Lahore,2024-07-12,2024-05-09,Subway,Pasta,Continental,5,969.9,Cash,32,2024-07-11,376,Active,4,2025-06-26,Delayed
3122,Male,Adult,Multan,2025-10-02,2024-06-09,McDonald's,Pizza,Continental,4,521.34,Cash,42,2025-03-08,206,Active,2,2025-05-15,Delayed
3123,Other,Adult,Multan,2023-08-30,2024-06-09,KFC,Burger,Chinese,1,1327.48,Card,1,2024-05-11,165,Inactive,1,2025-06-22,Delivered
3124,Male,Teenager,Islamabad,2024-05-10,2024-06-09,Subway,Fries,Dessert,1,736.08,Card,26,2024-10-12,367,Active,2,2025-04-21,Delivered
3125,Female,Teenager,Lahore,2025-09-07,2024-06-09,Burger King,Pasta,Chinese,5,846.33,Wallet,35,2025-09-02,35,Active,1,2025-06-29,Delivered
3126,Other,Teenager,Islamabad,2024-12-16,2024-06-09,Burger King,Sandwich,Chinese,5,283.86,Card,48,2024-08-25,459,Active,3,2025-02-24,Delayed
3127,Female,Adult,Peshawar,2024-11-02,2024-06-09,Burger King,Pasta,Continental,5,697.34,Wallet,34,2025-11-02,394,Inactive,1,2024-11-11,Delivered
3128,Male,Adult,Islamabad,2025-07-07,2024-06-09,Pizza Hut,Burger,Continental,4,1041.88,Wallet,3,2024-10-29,461,Inactive,2,2024-06-09,Delayed
3129,Male,Teenager,Multan,2024-09-05,2024-06-09,Subway,Pizza,Dessert,2,940.85,Wallet,37,2025-03-17,487,Active,2,2024-05-10,Delayed
3130,Male,Senior,Peshawar,2024-04-18,2024-07-09,KFC,Pizza,Continental,2,1042.68,Card,24,2024-11-27,354,Inactive,1,2024-12-23,Cancelled
3131,Female,Adult,Islamabad,2024-10-08,2024-07-09,Subway,Sandwich,Continental,1,900.46,Cash,1,2024-08-10,111,Active,4,2025-02-22,Cancelled
3132,Other,Adult,Peshawar,2024-08-16,2024-07-09,McDonald's,Fries,Fast Food,1,1336.21,Cash,49,2024-12-10,44,Inactive,2,2024-04-10,Delivered
3133,Male,Teenager,Lahore,2023-10-24,2024-07-09,Subway,Sandwich,Fast Food,3,1457.58,Wallet,4,2025-12-01,496,Inactive,2,2024-10-10,Delivered
3134,Male,Senior,Peshawar,2023-05-10,2024-07-09,KFC,Pasta,Fast Food,3,397.04,Wallet,24,2025-01-23,491,Inactive,4,2024-12-23,Cancelled
3135,Other,Teenager,Multan,2024-01-14,2024-07-09,Subway,Sandwich,Chinese,2,1439.3,Cash,29,2024-12-13,286,Active,3,2024-12-14,Cancelled
3136,Male,Teenager,Karachi,2025-04-29,2024-07-09,McDonald's,Pasta,Continental,1,512.22,Cash,49,2025-04-25,20,Inactive,1,2024-05-11,Delivered
3137,Male,Senior,Multan,2024-12-17,2024-07-09,Burger King,Burger,Fast Food,2,1247.51,Wallet,3,2025-07-24,305,Inactive,5,2024-10-31,Delivered
3138,Female,Senior,Multan,2025-04-22,2024-07-09,Burger King,Pizza,Italian,1,1085.57,Card,25,2025-01-27,238,Inactive,4,2024-02-12,Delivered
3139,Other,Teenager,Peshawar,2024-08-13,2024-08-09,Pizza Hut,Sandwich,Italian,1,1396.57,Cash,29,2024-10-12,236,Active,5,2025-02-22,Cancelled
3140,Female,Teenager,Multan,2023-06-09,2024-08-09,KFC,Pizza,Continental,2,463.41,Cash,34,2025-12-06,415,Inactive,4,2025-02-16,Delivered
3141,Male,Adult,Peshawar,2023-11-12,2024-08-09,KFC,Fries,Fast Food,1,769.19,Cash,31,2024-08-11,67,Active,4,2024-12-09,Delivered
3142,Male,Adult,Lahore,2024-06-29,2024-08-09,KFC,Pasta,Italian,4,151.13,Wallet,15,2025-06-19,397,Active,1,2025-04-03,Delivered
3143,Male,Adult,Lahore,2024-04-30,2024-08-09,Pizza Hut,Fries,Italian,3,1340.32,Cash,48,2025-05-26,395,Inactive,2,2025-06-15,Delayed
3144,Male,Teenager,Peshawar,2025-06-03,2024-08-09,KFC,Burger,Fast Food,5,1068.79,Wallet,12,2025-04-22,324,Inactive,4,2025-02-18,Cancelled
3145,Male,Teenager,Lahore,2024-07-11,2024-08-09,Subway,Pizza,Fast Food,4,474.2,Card,10,2025-07-20,207,Inactive,4,2025-05-17,Cancelled
3146,Male,Teenager,Multan,2023-08-22,2024-08-09,Pizza Hut,Fries,Continental,4,1350.62,Cash,5,2025-05-28,69,Inactive,2,2025-03-02,Delivered
3147,Female,Senior,Peshawar,2025-04-22,2024-08-09,KFC,Fries,Fast Food,3,726.01,Wallet,12,2025-07-22,459,Active,2,2025-12-07,Cancelled
3148,Other,Senior,Multan,2025-01-26,2024-08-09,Subway,Burger,Chinese,3,407.46,Wallet,10,2025-08-19,471,Inactive,3,2024-11-12,Cancelled
3149,Other,Senior,Multan,2025-01-16,2024-08-09,Subway,Burger,Italian,2,647.68,Cash,29,2025-05-02,182,Inactive,4,2025-01-04,Cancelled
3150,Other,Adult,Multan,2024-09-19,2024-08-09,KFC,Sandwich,Continental,1,1227.07,Cash,46,2024-09-29,84,Active,3,2025-05-20,Delayed
3151,Male,Senior,Multan,2024-04-03,2024-08-09,Burger King,Pasta,Chinese,1,770.18,Cash,21,2025-11-02,254,Inactive,1,2025-08-19,Delayed
3152,Other,Senior,Lahore,2023-09-27,2024-08-09,McDonald's,Fries,Fast Food,5,541.99,Card,27,2025-11-05,219,Inactive,1,2025-05-22,Cancelled
3153,Male,Senior,Peshawar,2024-04-22,2024-08-09,McDonald's,Burger,Dessert,5,595.83,Cash,8,2025-11-06,216,Inactive,2,2025-06-30,Delivered
3154,Male,Teenager,Lahore,2024-01-07,2024-08-09,Pizza Hut,Burger,Italian,3,1222.86,Cash,35,2025-01-13,9,Active,3,2025-03-04,Delivered
3155,Female,Teenager,Multan,2024-06-06,2024-08-09,Pizza Hut,Sandwich,Dessert,5,1101.14,Card,28,2024-10-30,413,Inactive,1,2025-02-04,Delayed
3156,Female,Teenager,Peshawar,2025-07-08,2024-08-09,Burger King,Sandwich,Fast Food,1,397.66,Card,21,2024-03-12,445,Active,5,2024-10-13,Delivered
3157,Other,Adult,Peshawar,2025-12-04,2024-08-09,Pizza Hut,Fries,Continental,2,1288.07,Wallet,29,2024-11-24,479,Inactive,5,2025-07-15,Delayed
3158,Female,Senior,Karachi,2024-02-28,2024-08-09,Burger King,Burger,Italian,2,1337.62,Card,13,2025-04-05,141,Inactive,5,2025-02-15,Delayed
3159,Male,Teenager,Islamabad,2024-02-26,2024-09-09,Subway,Pasta,Chinese,4,623.88,Wallet,50,2025-03-30,288,Active,5,2024-06-10,Delivered
3160,Female,Senior,Peshawar,2024-02-24,2024-09-09,Pizza Hut,Pizza,Continental,2,670.42,Card,17,2025-04-15,466,Inactive,3,2025-06-19,Delivered
3161,Other,Adult,Islamabad,2023-01-10,2024-09-09,Pizza Hut,Sandwich,Dessert,1,504.1,Cash,4,2024-12-17,254,Inactive,2,2024-10-18,Cancelled
3162,Male,Senior,Peshawar,2024-12-20,2024-09-09,KFC,Pizza,Chinese,2,279.72,Cash,39,2025-06-30,336,Active,2,2025-06-13,Cancelled
3163,Other,Senior,Karachi,2025-05-20,2024-09-09,Subway,Sandwich,Continental,2,964.04,Wallet,2,2025-07-30,47,Inactive,1,2025-02-15,Delayed
3164,Other,Teenager,Lahore,2024-07-29,2024-09-09,McDonald's,Burger,Fast Food,1,500.88,Card,31,2025-08-13,126,Inactive,2,2024-12-23,Delivered
3165,Other,Teenager,Islamabad,2024-09-27,2024-09-09,Subway,Fries,Italian,2,1121.61,Cash,12,2025-08-17,418,Active,3,2025-04-15,Delayed
3166,Female,Senior,Peshawar,2025-08-04,2024-10-09,Subway,Sandwich,Chinese,1,1393.55,Cash,28,2025-06-15,370,Active,5,2024-11-26,Delayed
3167,Male,Teenager,Peshawar,2025-01-20,2024-10-09,McDonald's,Pasta,Chinese,4,1029.42,Wallet,14,2024-11-16,252,Active,3,2024-11-24,Delivered
3168,Other,Adult,Peshawar,2025-01-07,2024-10-09,Pizza Hut,Sandwich,Continental,3,130.17,Card,5,2025-08-17,54,Inactive,3,2025-07-08,Delivered
3169,Other,Adult,Lahore,2024-03-29,2024-10-09,Subway,Pizza,Fast Food,3,778.48,Card,49,2024-10-16,264,Inactive,4,2024-11-09,Delivered
3170,Male,Adult,Peshawar,2025-07-28,2024-10-09,KFC,Burger,Continental,1,929.01,Wallet,44,2025-05-19,206,Active,1,2025-09-07,Delivered
3171,Female,Adult,Multan,2024-06-25,2024-10-09,Pizza Hut,Fries,Chinese,3,298.97,Wallet,19,2024-04-10,366,Active,2,2025-02-15,Delayed
3172,Female,Teenager,Karachi,2024-01-12,2024-10-09,Subway,Pasta,Continental,5,996.23,Cash,22,2025-04-17,148,Inactive,1,2025-08-06,Delayed
3173,Male,Adult,Islamabad,2025-05-28,2024-11-09,McDonald's,Sandwich,Italian,1,929.38,Cash,6,2025-10-02,110,Active,4,2024-07-09,Delivered
3174,Female,Senior,Lahore,2023-11-21,2024-11-09,KFC,Pizza,Fast Food,5,1333.37,Card,17,2024-12-21,58,Active,5,2024-11-29,Delivered
3175,Other,Teenager,Peshawar,2024-01-05,2024-11-09,Pizza Hut,Pasta,Fast Food,4,433.82,Wallet,6,2024-11-22,161,Active,5,2025-02-27,Cancelled
3176,Female,Adult,Lahore,2023-11-24,2024-11-09,Pizza Hut,Burger,Fast Food,3,443.87,Cash,20,2025-12-04,397,Active,3,2024-10-17,Delivered
3177,Other,Adult,Karachi,2024-01-27,2024-11-09,Pizza Hut,Fries,Continental,3,384.51,Cash,49,2024-09-12,328,Active,2,2025-05-01,Cancelled
3178,Other,Senior,Peshawar,2024-06-25,2024-11-09,Burger King,Pizza,Fast Food,4,1164.25,Cash,12,2024-08-26,203,Active,4,2025-06-07,Delayed
3179,Male,Teenager,Peshawar,2024-06-22,2024-11-09,McDonald's,Sandwich,Chinese,5,1135.94,Cash,7,2025-02-22,487,Inactive,2,2025-02-03,Delayed
3180,Male,Teenager,Islamabad,2024-06-25,2024-11-09,McDonald's,Fries,Dessert,2,1136.9,Cash,9,2024-08-11,132,Inactive,3,2025-02-26,Delivered
3181,Other,Adult,Peshawar,2024-09-07,2024-11-09,Subway,Burger,Chinese,4,905.71,Wallet,29,2024-09-13,350,Inactive,4,2024-12-20,Cancelled
3182,Other,Adult,Islamabad,2024-07-16,2024-11-09,KFC,Sandwich,Chinese,3,1007.43,Wallet,36,2025-04-17,45,Active,3,2025-04-16,Delivered
3183,Male,Adult,Lahore,2024-08-10,2024-11-09,McDonald's,Pasta,Dessert,3,998.75,Card,17,2025-11-01,432,Inactive,1,2025-01-22,Delivered
3184,Male,Senior,Karachi,2024-06-15,2024-11-09,Burger King,Fries,Dessert,4,127.46,Cash,20,2025-03-03,334,Active,4,2024-09-12,Cancelled
3185,Other,Adult,Lahore,2024-10-04,2024-12-09,KFC,Pasta,Continental,5,1332.13,Card,40,2024-09-19,175,Inactive,1,2024-10-23,Delivered
3186,Female,Senior,Karachi,2025-03-21,2024-12-09,McDonald's,Pasta,Dessert,5,957.61,Wallet,35,2025-05-24,14,Inactive,4,2024-10-21,Delivered
3187,Other,Teenager,Islamabad,2024-04-20,2024-12-09,McDonald's,Pizza,Dessert,4,174.91,Card,22,2024-12-22,303,Active,5,2025-08-15,Delayed
3188,Other,Adult,Karachi,2025-07-24,2024-12-09,KFC,Fries,Fast Food,5,168.98,Cash,21,2024-09-10,443,Active,5,2024-11-25,Delivered
3189,Female,Senior,Peshawar,2023-12-16,2024-12-09,Burger King,Sandwich,Fast Food,3,1234.83,Cash,38,2025-03-24,293,Active,2,2025-05-15,Delayed
3190,Other,Adult,Karachi,2024-03-06,2024-12-09,Burger King,Sandwich,Fast Food,2,1204.02,Cash,25,2025-03-02,481,Inactive,1,2024-09-24,Delayed
3191,Female,Adult,Peshawar,2024-01-19,2024-12-09,Pizza Hut,Sandwich,Chinese,3,606.93,Wallet,13,2025-03-18,467,Active,4,2025-08-21,Delivered
3192,Female,Adult,Multan,2024-05-13,2024-12-09,McDonald's,Pizza,Chinese,2,424.91,Card,35,2024-09-29,217,Inactive,1,2025-04-19,Delivered
3193,Other,Teenager,Multan,2025-04-04,2024-12-09,Subway,Sandwich,Continental,1,986.49,Wallet,17,2024-11-10,134,Inactive,1,2025-05-03,Delivered
3194,Other,Senior,Islamabad,2024-10-30,2024-12-09,McDonald's,Burger,Fast Food,1,988.23,Card,27,2025-03-15,153,Inactive,4,2025-05-04,Delivered
3195,Other,Senior,Karachi,2024-12-04,2024-12-09,McDonald's,Pizza,Continental,3,774.13,Card,39,2025-02-14,93,Active,2,2024-11-18,Delivered
3196,Female,Adult,Multan,2024-06-05,2024-12-09,Pizza Hut,Pizza,Italian,5,1281.96,Cash,5,2025-07-20,335,Inactive,2,2024-12-25,Delayed
3197,Other,Teenager,Lahore,2024-06-12,2024-12-09,McDonald's,Fries,Continental,4,360.55,Wallet,27,2024-10-09,367,Inactive,1,2024-10-21,Delayed
3198,Other,Teenager,Islamabad,2025-06-08,2024-12-09,Subway,Burger,Italian,3,800.27,Wallet,36,2024-12-24,97,Active,2,2025-07-13,Cancelled
3199,Male,Senior,Multan,2023-08-29,2024-12-09,McDonald's,Pasta,Italian,1,1076.78,Wallet,29,2024-08-30,500,Inactive,3,2025-11-05,Delivered
3200,Other,Adult,Peshawar,2025-02-15,2024-12-09,Pizza Hut,Fries,Italian,1,807.93,Cash,25,2024-12-27,78,Inactive,2,2025-02-05,Cancelled
3201,Female,Teenager,Lahore,2023-10-31,2024-12-09,Burger King,Fries,Dessert,5,898.52,Cash,16,2025-04-22,321,Active,5,2024-11-20,Delivered
3202,Male,Adult,Karachi,2024-02-05,2024-09-13,McDonald's,Burger,Fast Food,4,495.56,Cash,17,2024-09-29,205,Active,4,2024-09-20,Cancelled
3203,Other,Teenager,Islamabad,2024-03-15,2024-09-13,Subway,Pizza,Chinese,3,947.92,Wallet,17,2025-04-05,270,Active,1,2025-04-19,Delayed
3204,Male,Adult,Karachi,2024-01-06,2024-09-13,Burger King,Pasta,Chinese,2,498.36,Cash,31,2024-10-19,219,Active,5,2025-03-22,Delivered
3205,Male,Senior,Lahore,2024-03-15,2024-09-13,Pizza Hut,Pizza,Italian,2,1406.72,Wallet,50,2025-10-08,400,Active,2,2024-12-16,Cancelled
3206,Other,Senior,Multan,2024-01-14,2024-09-13,Pizza Hut,Pasta,Continental,3,973.67,Cash,8,2024-09-18,463,Inactive,3,2024-10-19,Delayed
3207,Female,Adult,Lahore,2025-08-15,2024-09-13,Pizza Hut,Fries,Dessert,2,323.84,Card,27,2024-10-12,305,Inactive,4,2024-09-24,Cancelled
3208,Other,Teenager,Lahore,2023-11-25,2024-09-13,Subway,Fries,Chinese,5,245.89,Wallet,11,2024-12-24,291,Inactive,4,2025-11-08,Cancelled
3209,Male,Senior,Karachi,2024-06-08,2024-09-13,Subway,Burger,Continental,4,1263.6,Card,38,2024-12-24,299,Active,2,2024-09-26,Delivered
3210,Female,Teenager,Karachi,2024-10-15,2024-09-13,KFC,Burger,Fast Food,4,1183.63,Cash,20,2025-03-31,236,Active,5,2025-06-04,Delayed
3211,Male,Adult,Peshawar,2023-11-12,2024-09-13,KFC,Pizza,Italian,3,280.29,Wallet,28,2025-06-27,76,Active,1,2025-02-07,Delayed
3212,Female,Adult,Peshawar,2024-02-16,2024-09-13,Pizza Hut,Pizza,Chinese,5,1246.37,Card,25,2025-04-01,265,Active,3,2025-08-04,Delivered
3213,Male,Teenager,Lahore,2023-01-12,2024-09-13,KFC,Sandwich,Fast Food,1,1061.36,Wallet,29,2024-09-30,140,Active,3,2025-03-31,Delayed
3214,Female,Senior,Peshawar,2024-12-20,2024-09-13,Burger King,Pasta,Continental,2,1309.17,Cash,9,2025-01-02,214,Active,5,2024-12-19,Delivered
3215,Female,Senior,Islamabad,2024-05-07,2024-09-13,Burger King,Burger,Italian,1,1119.25,Cash,34,2025-01-13,439,Inactive,4,2024-12-26,Delayed
3216,Male,Adult,Karachi,2023-09-19,2024-09-13,Pizza Hut,Sandwich,Dessert,4,312.95,Wallet,9,2024-08-22,66,Active,5,2025-06-18,Delayed
3217,Female,Teenager,Peshawar,2025-05-07,2024-09-14,McDonald's,Pizza,Fast Food,5,326.68,Card,3,2025-04-08,167,Inactive,3,2025-07-14,Delivered
3218,Other,Senior,Multan,2024-11-18,2024-09-14,KFC,Sandwich,Italian,2,782.07,Cash,1,2024-09-12,192,Active,3,2025-12-08,Cancelled
3219,Female,Adult,Islamabad,2024-09-02,2024-09-14,Subway,Fries,Chinese,1,856.06,Cash,19,2024-09-30,182,Active,2,2024-12-14,Cancelled
3220,Other,Senior,Karachi,2023-12-25,2024-09-14,McDonald's,Pizza,Dessert,1,960.92,Card,26,2025-12-01,237,Active,1,2025-01-07,Cancelled
3221,Male,Teenager,Karachi,2024-12-11,2024-09-14,KFC,Burger,Italian,3,1456.7,Card,46,2024-09-17,462,Active,3,2024-07-09,Delivered
3222,Female,Adult,Islamabad,2025-05-01,2024-09-14,KFC,Sandwich,Italian,1,1438.9,Cash,1,2025-06-18,470,Active,3,2025-01-18,Delayed
3223,Female,Senior,Multan,2023-09-23,2024-09-14,Burger King,Pizza,Fast Food,2,976.82,Cash,15,2024-12-29,119,Active,1,2025-06-17,Delivered
3224,Other,Senior,Islamabad,2024-08-11,2024-09-15,McDonald's,Pasta,Chinese,4,468.47,Cash,50,2025-05-06,256,Inactive,5,2025-10-03,Delivered
3225,Male,Adult,Islamabad,2025-06-01,2024-09-15,McDonald's,Burger,Italian,2,529.85,Cash,39,2025-06-27,109,Active,4,2025-04-27,Delivered
3226,Other,Adult,Karachi,2024-05-12,2024-09-15,KFC,Sandwich,Italian,1,1003.7,Wallet,48,2025-01-01,436,Inactive,3,2024-01-11,Delayed
3227,Male,Senior,Multan,2025-03-19,2024-09-15,McDonald's,Fries,Dessert,4,806.84,Wallet,45,2024-11-18,94,Active,5,2025-04-13,Cancelled
3228,Male,Senior,Lahore,2023-11-26,2024-09-15,Pizza Hut,Fries,Chinese,3,992.78,Cash,5,2024-10-25,336,Inactive,2,2025-02-14,Delayed
3229,Other,Senior,Multan,2024-03-23,2024-09-15,Subway,Sandwich,Continental,4,712.83,Cash,19,2024-09-29,310,Inactive,4,2024-08-23,Cancelled
3230,Male,Adult,Karachi,2023-08-09,2024-09-15,McDonald's,Burger,Dessert,2,143.74,Card,17,2025-02-06,231,Active,1,2025-08-16,Delayed
3231,Female,Teenager,Islamabad,2025-05-05,2024-09-15,Subway,Fries,Chinese,4,461.63,Card,4,2024-09-17,371,Inactive,3,2025-04-29,Delivered
3232,Female,Teenager,Lahore,2023-08-28,2024-09-15,Pizza Hut,Pasta,Italian,4,1096.24,Card,37,2025-10-03,191,Inactive,3,2024-11-29,Cancelled
3233,Male,Teenager,Lahore,2024-07-25,2024-09-15,McDonald's,Fries,Continental,2,695.78,Card,13,2025-01-29,138,Inactive,1,2024-12-17,Delayed
3234,Other,Teenager,Lahore,2024-05-15,2024-09-15,McDonald's,Sandwich,Continental,2,744.73,Card,5,2024-11-22,459,Inactive,1,2025-10-01,Delivered
3235,Other,Senior,Islamabad,2025-06-19,2024-09-16,KFC,Fries,Fast Food,5,217.26,Card,9,2024-12-19,490,Active,5,2025-01-16,Delivered
3236,Male,Teenager,Islamabad,2024-03-03,2024-09-16,Pizza Hut,Sandwich,Continental,2,808.38,Card,36,2024-10-26,402,Inactive,4,2025-05-24,Delayed
3237,Other,Adult,Peshawar,2024-03-30,2024-09-16,Burger King,Pizza,Italian,3,580.71,Wallet,4,2024-10-27,41,Inactive,4,2025-02-07,Delivered
3238,Other,Teenager,Peshawar,2024-06-02,2024-09-16,Subway,Pizza,Continental,2,725.62,Cash,22,2024-12-21,385,Active,5,2025-08-08,Delivered
3239,Other,Senior,Karachi,2024-04-14,2024-09-16,Subway,Sandwich,Continental,2,251.4,Card,47,2025-03-02,349,Active,5,2024-10-20,Delayed
3240,Other,Adult,Islamabad,2025-08-21,2024-09-16,Pizza Hut,Pasta,Chinese,3,508.78,Card,3,2025-04-24,394,Active,2,2025-09-05,Delayed
3241,Female,Adult,Peshawar,2024-07-20,2024-09-16,Subway,Pasta,Dessert,5,1129.1,Wallet,24,2025-02-06,38,Inactive,3,2024-09-25,Delivered
3242,Female,Teenager,Karachi,2025-03-28,2024-09-16,McDonald's,Pizza,Italian,1,304.61,Wallet,43,2025-01-20,374,Inactive,5,2024-07-10,Delivered
3243,Other,Senior,Multan,2024-10-26,2024-09-16,McDonald's,Pizza,Italian,4,606.63,Wallet,26,2025-07-17,345,Active,2,2024-09-13,Delayed
3244,Male,Teenager,Multan,2023-12-21,2024-09-16,KFC,Pizza,Chinese,5,1461.19,Wallet,17,2024-02-11,353,Inactive,2,2024-12-21,Delayed
3245,Other,Teenager,Multan,2024-04-22,2024-09-17,KFC,Sandwich,Chinese,1,128.0,Wallet,37,2025-04-01,265,Active,4,2025-01-14,Delayed
3246,Male,Senior,Multan,2025-11-07,2024-09-17,Subway,Fries,Continental,2,1423.89,Wallet,20,2025-12-03,122,Inactive,5,2025-06-16,Delayed
3247,Other,Teenager,Lahore,2024-12-20,2024-09-17,KFC,Pizza,Continental,5,245.62,Card,1,2025-07-21,236,Inactive,4,2025-01-23,Cancelled
3248,Male,Adult,Islamabad,2024-06-13,2024-09-17,McDonald's,Fries,Dessert,3,806.17,Wallet,20,2024-03-11,319,Inactive,5,2024-11-09,Delivered
3249,Other,Senior,Peshawar,2025-05-03,2024-09-17,McDonald's,Fries,Chinese,1,727.3,Wallet,15,2025-02-26,481,Inactive,5,2025-06-20,Delayed
3250,Male,Teenager,Multan,2023-02-11,2024-09-17,Pizza Hut,Pizza,Italian,5,192.08,Cash,44,2024-08-23,184,Inactive,2,2024-05-11,Cancelled
3251,Female,Senior,Peshawar,2025-01-13,2024-09-17,Subway,Burger,Dessert,5,978.59,Cash,37,2025-02-13,26,Active,2,2024-01-12,Cancelled
3252,Male,Senior,Islamabad,2023-08-12,2024-09-17,Burger King,Burger,Continental,1,342.81,Card,48,2025-08-19,156,Active,4,2025-05-19,Cancelled
3253,Other,Teenager,Karachi,2024-04-09,2024-09-17,Pizza Hut,Sandwich,Continental,3,1437.31,Card,31,2024-01-12,325,Inactive,2,2025-05-13,Delayed
3254,Female,Adult,Islamabad,2025-06-07,2024-09-17,KFC,Pizza,Fast Food,5,367.14,Wallet,17,2024-11-24,94,Inactive,3,2024-10-17,Delayed
3255,Male,Senior,Multan,2023-02-09,2024-09-17,Subway,Pasta,Italian,5,939.16,Card,14,2024-11-23,101,Inactive,2,2025-08-13,Delayed
3256,Other,Adult,Islamabad,2025-07-21,2024-09-17,McDonald's,Fries,Italian,3,315.37,Wallet,30,2024-11-29,52,Active,4,2025-04-21,Delayed
3257,Other,Adult,Karachi,2024-06-15,2024-09-17,Pizza Hut,Pizza,Dessert,2,554.35,Card,31,2024-06-12,377,Inactive,4,2025-03-14,Cancelled
3258,Male,Senior,Multan,2025-04-29,2024-09-17,KFC,Fries,Dessert,1,844.59,Cash,1,2025-09-03,68,Inactive,5,2025-08-15,Cancelled
3259,Male,Teenager,Peshawar,2024-01-22,2024-09-17,Subway,Pizza,Continental,2,758.21,Card,45,2024-12-26,229,Inactive,2,2025-01-03,Delayed
3260,Female,Senior,Lahore,2024-11-17,2024-09-18,Pizza Hut,Burger,Continental,4,880.12,Wallet,5,2024-10-26,344,Active,5,2025-02-23,Cancelled
3261,Male,Teenager,Peshawar,2025-05-03,2024-09-18,Burger King,Pizza,Continental,1,1366.76,Card,16,2025-05-06,500,Inactive,4,2025-04-28,Cancelled
3262,Male,Senior,Multan,2024-08-18,2024-09-18,KFC,Pasta,Dessert,1,135.74,Cash,27,2024-10-22,8,Active,1,2025-06-01,Delivered
3263,Other,Senior,Lahore,2024-05-27,2024-09-18,Subway,Sandwich,Italian,5,795.01,Card,9,2024-04-09,249,Active,5,2024-11-12,Delivered
3264,Other,Senior,Karachi,2024-11-08,2024-09-18,Subway,Pizza,Fast Food,2,1140.03,Cash,31,2025-05-04,336,Active,2,2025-07-17,Cancelled
3265,Male,Senior,Islamabad,2025-04-02,2024-09-18,Pizza Hut,Pizza,Italian,2,1443.97,Card,37,2024-07-10,481,Active,2,2024-09-17,Cancelled
3266,Female,Adult,Lahore,2024-02-17,2024-09-19,Subway,Pasta,Dessert,3,1358.47,Cash,17,2025-05-16,488,Inactive,3,2025-11-03,Delayed
3267,Female,Adult,Lahore,2024-06-07,2024-09-19,McDonald's,Sandwich,Dessert,1,709.28,Wallet,8,2025-06-20,444,Active,4,2024-09-13,Delivered
3268,Male,Adult,Peshawar,2024-04-02,2024-09-19,Burger King,Pizza,Dessert,2,596.63,Wallet,8,2024-09-30,11,Inactive,2,2025-01-13,Delayed
3269,Female,Adult,Karachi,2024-09-21,2024-09-19,McDonald's,Pizza,Italian,4,328.31,Wallet,1,2025-05-19,179,Active,5,2025-06-24,Delayed
3270,Female,Adult,Peshawar,2024-12-30,2024-09-19,KFC,Pizza,Chinese,4,443.42,Card,38,2024-10-17,300,Active,2,2024-12-14,Delivered
3271,Male,Senior,Islamabad,2023-11-13,2024-09-19,KFC,Pasta,Italian,3,1489.33,Card,8,2025-11-07,137,Active,5,2025-06-07,Delivered
3272,Male,Adult,Karachi,2024-11-13,2024-09-19,McDonald's,Pasta,Fast Food,5,1267.05,Wallet,35,2024-11-13,97,Active,4,2025-01-14,Delayed
3273,Male,Teenager,Peshawar,2025-08-08,2024-09-19,McDonald's,Fries,Chinese,2,595.12,Cash,36,2024-10-19,454,Inactive,4,2025-07-13,Delayed
3274,Other,Senior,Lahore,2025-05-07,2024-09-19,Pizza Hut,Pasta,Dessert,2,1175.98,Cash,21,2024-06-10,365,Inactive,3,2024-09-23,Delivered
3275,Female,Teenager,Karachi,2025-05-02,2024-09-19,Pizza Hut,Fries,Chinese,2,802.62,Wallet,10,2025-02-06,369,Active,3,2025-06-08,Cancelled
3276,Other,Senior,Multan,2023-09-29,2024-09-20,McDonald's,Pizza,Dessert,2,904.28,Card,26,2025-01-15,92,Inactive,2,2024-09-16,Cancelled
3277,Male,Senior,Islamabad,2024-04-15,2024-09-20,Burger King,Pasta,Dessert,4,940.37,Card,46,2025-05-27,265,Inactive,3,2024-09-26,Delayed
3278,Other,Adult,Islamabad,2025-06-30,2024-09-20,KFC,Burger,Fast Food,1,148.3,Cash,14,2025-11-06,417,Active,2,2025-02-01,Cancelled
3279,Male,Teenager,Islamabad,2023-08-26,2024-09-20,Subway,Fries,Italian,5,142.72,Card,17,2024-12-21,311,Inactive,4,2024-06-10,Cancelled
3280,Male,Senior,Karachi,2024-12-03,2024-09-20,Burger King,Pizza,Italian,5,486.71,Wallet,15,2025-01-26,204,Active,1,2024-11-25,Cancelled
3281,Female,Adult,Lahore,2025-10-06,2024-09-20,KFC,Pasta,Chinese,4,1320.04,Card,48,2025-05-30,95,Inactive,5,2024-07-09,Delayed
3282,Male,Adult,Islamabad,2024-05-02,2024-09-20,Subway,Pasta,Chinese,4,307.43,Card,43,2025-05-06,382,Inactive,5,2025-04-04,Delayed
3283,Male,Adult,Multan,2023-10-17,2024-09-20,Pizza Hut,Sandwich,Fast Food,3,322.59,Cash,4,2024-10-20,473,Inactive,5,2025-07-28,Delivered
3284,Male,Senior,Multan,2025-02-24,2024-09-21,Burger King,Pasta,Continental,4,387.56,Cash,46,2025-08-06,327,Inactive,5,2025-08-06,Cancelled
3285,Female,Senior,Islamabad,2023-10-17,2024-09-21,Burger King,Pasta,Fast Food,4,512.29,Card,30,2024-09-17,394,Inactive,1,2024-11-23,Delivered
3286,Other,Adult,Lahore,2024-05-11,2024-09-21,Pizza Hut,Pasta,Italian,3,1410.48,Wallet,34,2024-11-19,239,Inactive,4,2025-01-21,Cancelled
3287,Other,Adult,Peshawar,2024-09-23,2024-09-21,Burger King,Pizza,Dessert,3,388.7,Wallet,30,2024-11-18,33,Active,5,2024-12-15,Delivered
3288,Female,Teenager,Peshawar,2025-02-18,2024-09-22,Burger King,Fries,Italian,3,554.73,Wallet,46,2024-12-13,262,Active,2,2024-11-30,Cancelled
3289,Male,Adult,Lahore,2024-08-23,2024-09-22,McDonald's,Burger,Dessert,1,577.83,Card,38,2025-05-16,80,Inactive,3,2025-06-16,Delayed
3290,Other,Adult,Islamabad,2024-06-08,2024-09-22,KFC,Fries,Dessert,5,1428.23,Wallet,30,2025-01-30,144,Active,5,2025-01-04,Cancelled
3291,Female,Teenager,Peshawar,2024-03-08,2024-09-22,KFC,Pasta,Fast Food,5,1037.93,Card,36,2025-02-17,249,Inactive,2,2025-05-27,Delivered
3292,Male,Senior,Multan,2025-07-23,2024-09-22,Subway,Sandwich,Italian,3,1279.13,Wallet,43,2025-01-07,107,Active,1,2025-02-21,Delivered
3293,Other,Teenager,Lahore,2025-02-18,2024-09-22,McDonald's,Pizza,Italian,2,855.95,Card,33,2025-07-24,160,Active,3,2025-04-21,Cancelled
3294,Female,Teenager,Karachi,2023-09-29,2024-09-23,Pizza Hut,Burger,Fast Food,2,699.57,Wallet,18,2025-04-28,380,Inactive,3,2024-11-21,Delayed
3295,Female,Teenager,Lahore,2025-08-01,2024-09-23,Burger King,Sandwich,Italian,1,570.44,Card,50,2025-08-15,173,Inactive,5,2024-09-09,Delivered
3296,Female,Teenager,Peshawar,2024-04-04,2024-09-23,Subway,Sandwich,Fast Food,5,215.22,Cash,14,2024-02-09,441,Inactive,3,2025-01-03,Delivered
3297,Male,Teenager,Multan,2023-01-12,2024-09-23,Burger King,Pizza,Chinese,1,266.54,Cash,17,2024-10-12,319,Active,3,2024-04-10,Delayed
3298,Male,Senior,Karachi,2025-07-26,2024-09-23,Pizza Hut,Sandwich,Continental,1,142.22,Wallet,6,2025-06-29,294,Active,1,2024-09-09,Cancelled
3299,Other,Adult,Multan,2025-12-01,2024-09-23,Pizza Hut,Fries,Dessert,2,391.7,Cash,19,2024-03-11,383,Active,3,2025-10-02,Delayed
3300,Other,Adult,Lahore,2024-11-19,2024-09-23,McDonald's,Pizza,Continental,1,424.18,Cash,39,2025-03-26,184,Active,3,2025-03-26,Delayed
3301,Female,Adult,Multan,2024-09-05,2024-09-23,Pizza Hut,Sandwich,Dessert,5,389.02,Card,25,2025-01-27,155,Inactive,3,2025-01-14,Delayed
3302,Other,Teenager,Multan,2024-03-08,2024-09-23,Pizza Hut,Pizza,Fast Food,5,541.58,Card,27,2025-11-01,51,Inactive,5,2024-10-21,Delivered
3303,Other,Senior,Lahore,2024-06-06,2024-09-23,KFC,Pasta,Fast Food,1,266.41,Wallet,16,2024-08-10,139,Active,1,2025-01-20,Delayed
3304,Female,Senior,Karachi,2025-02-14,2024-09-23,KFC,Burger,Fast Food,2,135.57,Wallet,17,2025-01-02,298,Active,4,2025-06-29,Cancelled
3305,Male,Adult,Karachi,2025-01-16,2024-09-23,Pizza Hut,Sandwich,Chinese,1,364.45,Wallet,4,2025-09-04,43,Inactive,2,2024-12-10,Delayed
3306,Other,Senior,Islamabad,2025-02-20,2024-09-24,Pizza Hut,Pizza,Italian,5,160.82,Cash,11,2024-10-26,366,Inactive,3,2025-06-29,Delayed
3307,Male,Teenager,Karachi,2025-10-06,2024-09-24,McDonald's,Sandwich,Fast Food,2,1395.38,Wallet,47,2024-09-25,250,Active,2,2025-05-28,Delayed
3308,Male,Senior,Islamabad,2023-08-09,2024-09-24,McDonald's,Pizza,Dessert,3,172.51,Card,5,2024-12-21,353,Inactive,5,2025-07-04,Delayed
3309,Male,Senior,Islamabad,2024-01-24,2024-09-24,Burger King,Pasta,Dessert,3,1001.28,Wallet,26,2025-01-21,458,Inactive,3,2024-10-25,Cancelled
3310,Other,Senior,Peshawar,2024-01-30,2024-09-24,Pizza Hut,Fries,Italian,1,532.5,Cash,1,2025-03-14,461,Inactive,4,2025-08-18,Delayed
3311,Female,Senior,Peshawar,2024-06-18,2024-09-25,Burger King,Sandwich,Continental,3,273.15,Card,16,2025-05-25,195,Inactive,5,2024-11-13,Delivered
3312,Female,Teenager,Peshawar,2023-11-15,2024-09-25,McDonald's,Pizza,Continental,2,1438.08,Wallet,13,2025-04-14,462,Inactive,2,2025-10-05,Delayed
3313,Male,Senior,Islamabad,2024-05-03,2024-09-25,KFC,Sandwich,Fast Food,2,1025.95,Cash,15,2025-06-05,194,Active,5,2025-07-01,Delivered
3314,Male,Adult,Peshawar,2024-01-27,2024-09-25,Burger King,Burger,Fast Food,5,995.33,Cash,46,2024-09-22,350,Active,3,2024-08-31,Delayed
3315,Other,Senior,Peshawar,2023-10-17,2024-09-25,Pizza Hut,Fries,Dessert,4,488.77,Card,7,2025-05-28,109,Inactive,1,2024-07-09,Cancelled
3316,Female,Teenager,Lahore,2024-05-01,2024-09-25,Subway,Fries,Continental,2,543.21,Cash,7,2025-06-29,64,Inactive,3,2025-03-01,Cancelled
3317,Male,Senior,Multan,2023-08-29,2024-09-25,Pizza Hut,Pizza,Dessert,1,365.49,Cash,44,2024-11-14,492,Active,4,2025-12-03,Cancelled
3318,Other,Adult,Karachi,2025-10-08,2024-09-25,Subway,Pizza,Italian,5,928.65,Cash,39,2025-04-01,243,Active,1,2025-01-31,Delayed
3319,Other,Teenager,Islamabad,2024-08-01,2024-09-25,KFC,Burger,Dessert,2,925.75,Cash,10,2025-03-05,286,Active,2,2025-01-16,Delivered
3320,Female,Teenager,Multan,2025-05-07,2024-09-25,McDonald's,Sandwich,Chinese,3,1344.49,Card,22,2025-08-07,169,Inactive,3,2025-01-02,Delayed
3321,Female,Teenager,Karachi,2024-08-25,2024-09-25,Burger King,Sandwich,Dessert,1,307.68,Cash,34,2025-02-08,162,Active,4,2025-07-23,Delayed
3322,Male,Teenager,Multan,2024-04-12,2024-09-25,Subway,Fries,Dessert,2,201.16,Card,31,2025-01-02,222,Active,4,2024-04-10,Delayed
3323,Female,Teenager,Karachi,2025-07-22,2024-09-25,KFC,Sandwich,Continental,1,1215.41,Wallet,50,2025-03-20,498,Active,2,2024-12-09,Cancelled
3324,Female,Teenager,Karachi,2024-10-29,2024-09-26,McDonald's,Sandwich,Continental,4,807.78,Wallet,9,2025-10-03,196,Inactive,3,2025-06-16,Delayed
3325,Male,Teenager,Karachi,2025-07-04,2024-09-26,Burger King,Pasta,Dessert,2,416.68,Wallet,12,2024-10-31,128,Inactive,4,2025-03-22,Delivered
3326,Other,Adult,Peshawar,2024-05-10,2024-09-26,KFC,Pasta,Continental,5,1330.22,Cash,37,2025-05-24,212,Inactive,5,2024-12-13,Cancelled
3327,Male,Senior,Islamabad,2024-04-14,2024-09-26,Burger King,Sandwich,Dessert,5,1159.86,Card,7,2025-04-05,262,Active,4,2025-02-02,Delivered
3328,Female,Senior,Lahore,2024-08-01,2024-09-26,Burger King,Burger,Dessert,1,1073.17,Card,29,2024-10-12,180,Inactive,5,2025-06-04,Delayed
3329,Female,Senior,Lahore,2023-11-26,2024-09-26,Subway,Pasta,Fast Food,4,163.95,Cash,36,2025-05-31,401,Inactive,4,2025-04-28,Delivered
3330,Male,Teenager,Peshawar,2025-01-25,2024-09-27,KFC,Burger,Dessert,2,791.77,Card,34,2025-04-03,5,Active,4,2025-02-22,Cancelled
3331,Female,Senior,Lahore,2024-11-16,2024-09-27,KFC,Fries,Chinese,4,929.93,Wallet,39,2025-06-23,142,Active,1,2025-04-30,Cancelled
3332,Male,Adult,Islamabad,2023-07-09,2024-09-27,Burger King,Pizza,Fast Food,4,447.54,Wallet,28,2025-01-31,180,Inactive,2,2025-05-19,Delayed
3333,Male,Teenager,Peshawar,2025-06-25,2024-09-27,Pizza Hut,Pasta,Continental,2,829.9,Cash,33,2025-02-19,13,Inactive,3,2024-10-10,Delayed
3334,Female,Adult,Peshawar,2025-01-07,2024-09-27,Subway,Pizza,Italian,1,334.09,Card,22,2025-01-23,86,Inactive,3,2025-05-25,Delivered
3335,Other,Teenager,Islamabad,2025-05-23,2024-09-27,McDonald's,Fries,Italian,1,1325.92,Card,27,2025-06-26,495,Inactive,4,2025-04-13,Delayed
3336,Female,Teenager,Islamabad,2024-11-19,2024-09-27,KFC,Sandwich,Continental,5,178.73,Wallet,49,2025-05-05,424,Inactive,5,2025-04-24,Delayed
3337,Female,Teenager,Peshawar,2023-06-12,2024-09-28,KFC,Burger,Chinese,2,455.43,Card,7,2025-03-05,423,Active,2,2024-12-13,Delivered
3338,Other,Teenager,Multan,2024-01-31,2024-09-28,Subway,Pizza,Dessert,1,321.4,Cash,28,2024-10-12,306,Inactive,5,2024-03-11,Delivered
3339,Female,Teenager,Multan,2025-08-04,2024-09-28,McDonald's,Sandwich,Fast Food,2,924.94,Card,2,2025-03-15,325,Active,2,2024-08-22,Delivered
3340,Female,Teenager,Karachi,2024-10-25,2024-09-28,Subway,Pizza,Fast Food,5,393.64,Card,11,2024-09-14,177,Inactive,2,2024-09-19,Cancelled
3341,Female,Senior,Karachi,2024-01-21,2024-09-28,Pizza Hut,Pasta,Continental,4,532.67,Wallet,3,2025-11-07,190,Inactive,1,2024-09-29,Delivered
3342,Male,Teenager,Karachi,2025-02-25,2024-09-29,Pizza Hut,Sandwich,Dessert,4,163.88,Cash,48,2024-01-10,49,Inactive,4,2025-04-17,Delayed
3343,Male,Teenager,Peshawar,2024-09-07,2024-09-29,McDonald's,Pasta,Chinese,1,1358.11,Wallet,16,2025-03-19,175,Inactive,2,2024-10-10,Cancelled
3344,Female,Adult,Lahore,2024-02-02,2024-09-29,McDonald's,Pizza,Chinese,5,100.3,Card,20,2025-06-25,149,Active,3,2025-12-01,Cancelled
3345,Male,Teenager,Multan,2025-04-26,2024-09-29,Subway,Pizza,Chinese,4,415.43,Card,44,2025-01-17,411,Inactive,4,2024-09-30,Delivered
3346,Other,Teenager,Multan,2024-07-14,2024-09-30,McDonald's,Burger,Italian,4,117.18,Card,47,2025-03-05,142,Active,2,2025-05-24,Delayed
3347,Other,Adult,Peshawar,2024-04-28,2024-09-30,Pizza Hut,Fries,Dessert,2,431.27,Wallet,11,2025-03-30,61,Active,5,2025-02-28,Cancelled
3348,Female,Adult,Lahore,2025-07-02,2024-09-30,Pizza Hut,Pasta,Continental,2,1298.64,Cash,37,2024-11-21,35,Inactive,3,2024-10-29,Delivered
3349,Female,Adult,Islamabad,2025-01-07,2024-09-30,Pizza Hut,Pasta,Fast Food,2,1118.14,Card,27,2025-03-26,389,Active,3,2025-11-08,Delayed
3350,Other,Adult,Multan,2024-11-21,2024-09-30,Pizza Hut,Sandwich,Continental,2,1368.66,Cash,16,2025-05-25,324,Inactive,3,2025-04-08,Cancelled
3351,Other,Adult,Lahore,2023-10-15,2024-09-30,Pizza Hut,Fries,Fast Food,4,588.11,Cash,42,2025-03-02,127,Inactive,3,2025-05-22,Cancelled
3352,Male,Senior,Karachi,2024-08-25,2024-09-30,Pizza Hut,Sandwich,Dessert,3,186.46,Card,42,2025-01-25,298,Active,5,2025-03-26,Delayed
3353,Other,Adult,Multan,2023-09-29,2024-01-10,Subway,Fries,Chinese,2,197.12,Card,28,2025-07-01,187,Active,1,2025-03-30,Delayed
3354,Other,Adult,Multan,2023-09-19,2024-01-10,McDonald's,Sandwich,Continental,2,519.78,Cash,44,2024-06-12,373,Active,4,2024-12-09,Cancelled
3355,Other,Adult,Karachi,2025-07-05,2024-01-10,KFC,Fries,Chinese,2,627.38,Wallet,37,2025-09-07,183,Active,2,2025-04-17,Delivered
3356,Male,Adult,Lahore,2025-01-28,2024-01-10,McDonald's,Sandwich,Dessert,1,1028.15,Cash,39,2024-11-18,319,Active,3,2025-03-15,Delivered
3357,Other,Teenager,Multan,2024-05-20,2024-01-10,Subway,Burger,Continental,5,1489.28,Cash,33,2024-09-20,113,Inactive,4,2025-05-30,Cancelled
3358,Male,Senior,Islamabad,2024-01-12,2024-01-10,Subway,Burger,Fast Food,2,1204.62,Card,32,2024-08-31,179,Active,2,2025-07-01,Delivered
3359,Male,Teenager,Lahore,2024-07-21,2024-02-10,Burger King,Fries,Chinese,2,834.13,Wallet,3,2025-03-22,243,Inactive,1,2025-07-22,Delivered
3360,Female,Senior,Islamabad,2025-01-16,2024-02-10,KFC,Pasta,Dessert,5,1392.02,Card,3,2025-06-08,123,Inactive,4,2025-03-26,Delivered
3361,Other,Senior,Multan,2025-02-26,2024-02-10,KFC,Burger,Continental,2,1024.95,Wallet,11,2024-04-12,74,Inactive,4,2025-02-15,Delayed
3362,Other,Senior,Multan,2024-09-01,2024-02-10,McDonald's,Pizza,Continental,4,763.94,Wallet,23,2025-04-21,360,Inactive,3,2024-08-26,Cancelled
3363,Other,Senior,Multan,2024-08-25,2024-02-10,KFC,Sandwich,Chinese,1,242.89,Cash,26,2024-08-27,463,Inactive,5,2025-01-01,Delayed
3364,Female,Senior,Lahore,2024-11-01,2024-02-10,Subway,Sandwich,Continental,3,804.47,Wallet,43,2024-08-22,129,Active,3,2025-08-01,Cancelled
3365,Male,Teenager,Peshawar,2024-04-29,2024-03-10,KFC,Pasta,Fast Food,2,642.43,Wallet,33,2024-06-11,351,Active,5,2025-08-07,Cancelled
3366,Male,Adult,Islamabad,2025-04-03,2024-03-10,KFC,Burger,Continental,4,919.56,Wallet,33,2024-06-10,412,Inactive,4,2025-03-04,Delivered
3367,Female,Teenager,Islamabad,2025-12-06,2024-03-10,Subway,Pasta,Fast Food,3,949.1,Card,21,2024-08-30,477,Active,4,2024-12-21,Cancelled
3368,Other,Adult,Peshawar,2023-12-31,2024-03-10,Burger King,Fries,Dessert,1,1499.68,Wallet,49,2024-12-25,460,Inactive,3,2025-04-05,Delivered
3369,Male,Senior,Peshawar,2024-05-13,2024-03-10,KFC,Fries,Continental,4,812.89,Wallet,37,2025-12-02,175,Active,4,2024-02-12,Delivered
3370,Female,Teenager,Islamabad,2024-08-24,2024-03-10,Burger King,Burger,Dessert,2,518.23,Card,22,2025-11-01,159,Inactive,4,2025-05-16,Delivered
3371,Male,Teenager,Multan,2024-09-12,2024-03-10,Burger King,Sandwich,Italian,4,423.6,Wallet,19,2025-04-01,42,Active,5,2025-12-04,Cancelled
3372,Female,Teenager,Peshawar,2025-08-17,2024-03-10,Burger King,Sandwich,Chinese,5,725.79,Cash,10,2024-10-17,19,Inactive,3,2025-02-15,Delayed
3373,Other,Senior,Lahore,2024-08-30,2024-04-10,Pizza Hut,Pasta,Continental,5,568.23,Card,31,2025-06-06,203,Inactive,1,2025-02-21,Cancelled
3374,Female,Adult,Peshawar,2025-01-19,2024-04-10,Pizza Hut,Pasta,Dessert,3,882.91,Cash,13,2025-02-28,323,Inactive,5,2025-07-04,Delayed
3375,Male,Teenager,Karachi,2024-08-17,2024-04-10,McDonald's,Burger,Fast Food,1,751.8,Card,4,2025-09-01,119,Active,2,2024-11-30,Delayed
3376,Female,Adult,Lahore,2024-10-04,2024-04-10,Pizza Hut,Sandwich,Continental,4,1031.76,Wallet,26,2024-11-21,446,Active,2,2024-10-17,Delayed
3377,Female,Senior,Lahore,2024-06-07,2024-04-10,Burger King,Pizza,Fast Food,1,840.29,Wallet,17,2025-01-24,369,Active,1,2025-12-02,Cancelled
3378,Female,Senior,Islamabad,2025-04-24,2024-04-10,KFC,Burger,Fast Food,4,483.03,Cash,14,2025-02-14,167,Active,1,2025-03-29,Delivered
3379,Other,Teenager,Multan,2024-06-27,2024-04-10,Subway,Fries,Chinese,4,486.01,Card,48,2025-06-25,296,Active,2,2025-04-24,Cancelled
3380,Female,Adult,Karachi,2025-05-04,2024-05-10,Pizza Hut,Sandwich,Fast Food,2,289.23,Wallet,15,2024-12-30,167,Active,3,2025-12-05,Cancelled
3381,Female,Adult,Multan,2024-01-06,2024-05-10,McDonald's,Burger,Fast Food,3,672.43,Card,48,2024-02-11,224,Active,3,2025-06-07,Delayed
3382,Other,Senior,Lahore,2025-09-05,2024-05-10,Subway,Pasta,Fast Food,1,1456.44,Cash,9,2025-06-05,308,Inactive,1,2025-01-29,Delayed
3383,Female,Adult,Peshawar,2023-02-10,2024-05-10,Burger King,Burger,Fast Food,5,918.7,Cash,50,2024-03-10,205,Active,5,2025-06-16,Cancelled
3384,Male,Teenager,Lahore,2025-12-04,2024-05-10,Pizza Hut,Pizza,Continental,5,1235.07,Card,14,2025-07-05,278,Inactive,3,2025-11-02,Delivered
3385,Other,Senior,Peshawar,2024-03-19,2024-05-10,McDonald's,Burger,Fast Food,5,312.56,Cash,4,2025-04-19,148,Active,4,2025-07-18,Delayed
3386,Male,Senior,Karachi,2024-06-14,2024-05-10,Subway,Pasta,Dessert,5,250.75,Wallet,42,2025-03-28,114,Active,2,2024-09-11,Cancelled
3387,Male,Adult,Islamabad,2024-07-14,2024-05-10,Pizza Hut,Burger,Chinese,3,877.35,Card,50,2024-05-10,256,Inactive,2,2025-01-21,Delivered
3388,Other,Adult,Karachi,2025-10-06,2024-05-10,Burger King,Pasta,Fast Food,3,885.22,Wallet,38,2024-10-27,383,Inactive,2,2024-08-27,Cancelled
3389,Female,Adult,Karachi,2025-05-02,2024-05-10,Pizza Hut,Pizza,Dessert,3,1454.84,Wallet,13,2025-12-08,468,Active,1,2025-01-18,Delayed
3390,Male,Adult,Lahore,2023-09-12,2024-05-10,Burger King,Pasta,Dessert,2,478.2,Cash,49,2024-04-09,314,Active,3,2025-03-13,Delayed
3391,Male,Senior,Karachi,2024-11-22,2024-05-10,Subway,Fries,Fast Food,2,756.12,Wallet,31,2025-01-22,139,Active,3,2024-04-11,Delivered
3392,Other,Teenager,Lahore,2024-07-30,2024-05-10,Pizza Hut,Fries,Fast Food,3,360.83,Cash,46,2024-07-09,219,Inactive,1,2024-11-23,Delivered
3393,Other,Adult,Karachi,2025-04-15,2024-05-10,McDonald's,Sandwich,Italian,1,984.33,Wallet,44,2024-11-25,153,Inactive,2,2025-04-20,Cancelled
3394,Female,Senior,Multan,2024-04-23,2024-06-10,Subway,Sandwich,Continental,5,982.29,Cash,50,2025-06-24,378,Active,4,2025-05-04,Delayed
3395,Male,Senior,Karachi,2025-04-15,2024-06-10,KFC,Sandwich,Continental,5,385.19,Card,40,2024-08-11,286,Active,5,2025-02-08,Delivered
3396,Female,Teenager,Peshawar,2024-04-03,2024-06-10,Subway,Pizza,Dessert,3,778.7,Card,43,2025-01-31,55,Inactive,4,2025-07-31,Cancelled
3397,Male,Adult,Karachi,2024-03-05,2024-06-10,Pizza Hut,Pasta,Chinese,1,655.92,Cash,3,2025-04-04,93,Inactive,1,2024-01-12,Cancelled
3398,Female,Teenager,Peshawar,2023-06-10,2024-06-10,Pizza Hut,Pizza,Dessert,1,828.74,Card,30,2024-09-15,64,Inactive,5,2025-08-13,Delivered
3399,Male,Teenager,Islamabad,2025-07-08,2024-06-10,Pizza Hut,Pasta,Dessert,1,1362.74,Wallet,4,2025-12-02,447,Inactive,4,2024-12-13,Delayed
3400,Female,Teenager,Peshawar,2025-03-21,2024-06-10,McDonald's,Pasta,Italian,5,162.22,Wallet,46,2025-04-15,14,Inactive,4,2025-06-25,Delayed
3401,Male,Teenager,Peshawar,2024-08-21,2024-06-10,Pizza Hut,Pizza,Chinese,3,726.34,Cash,9,2025-02-01,436,Inactive,1,2024-11-09,Delayed
3402,Female,Teenager,Lahore,2024-03-03,2024-06-10,KFC,Fries,Dessert,2,1143.46,Card,15,2025-12-06,19,Active,1,2024-11-14,Cancelled
3403,Female,Adult,Multan,2023-11-14,2024-06-10,Pizza Hut,Burger,Chinese,5,1184.49,Wallet,3,2024-12-24,394,Active,2,2025-08-06,Delayed
3404,Other,Senior,Lahore,2025-02-27,2024-06-10,McDonald's,Burger,Chinese,3,755.74,Cash,29,2025-05-13,279,Active,5,2025-07-21,Cancelled
3405,Female,Teenager,Islamabad,2024-04-03,2024-07-10,Subway,Sandwich,Fast Food,5,1056.48,Cash,19,2025-05-03,473,Inactive,4,2024-01-12,Delivered
3406,Female,Senior,Karachi,2024-10-13,2024-07-10,Pizza Hut,Fries,Italian,2,747.04,Cash,40,2025-03-19,484,Inactive,4,2024-08-26,Delivered
3407,Other,Adult,Lahore,2024-10-30,2024-07-10,Subway,Fries,Continental,3,847.54,Card,50,2025-12-06,407,Inactive,4,2025-02-18,Delayed
3408,Female,Teenager,Islamabad,2023-12-24,2024-07-10,Burger King,Pasta,Dessert,3,1450.44,Wallet,29,2025-03-02,281,Inactive,2,2025-05-31,Cancelled
3409,Male,Senior,Islamabad,2024-08-13,2024-07-10,Subway,Burger,Dessert,4,306.92,Card,16,2024-11-21,12,Inactive,1,2025-09-01,Cancelled
3410,Other,Adult,Multan,2024-07-10,2024-07-10,Pizza Hut,Sandwich,Fast Food,3,693.56,Cash,44,2024-10-28,461,Active,5,2025-07-05,Cancelled
3411,Female,Adult,Islamabad,2024-06-25,2024-07-10,KFC,Fries,Fast Food,1,259.31,Card,50,2024-11-23,490,Inactive,1,2024-09-26,Delivered
3412,Male,Senior,Islamabad,2024-11-01,2024-07-10,Pizza Hut,Sandwich,Fast Food,5,794.01,Cash,24,2025-02-04,329,Inactive,1,2024-02-11,Delivered
3413,Male,Senior,Multan,2024-04-08,2024-07-10,KFC,Sandwich,Fast Food,5,1433.03,Card,38,2025-08-17,160,Inactive,2,2024-09-26,Delayed
3414,Female,Adult,Lahore,2024-05-24,2024-07-10,McDonald's,Burger,Continental,2,967.78,Wallet,46,2025-05-19,386,Active,5,2025-07-27,Delayed
3415,Male,Adult,Karachi,2025-05-23,2024-08-10,Subway,Pasta,Fast Food,1,756.35,Wallet,33,2025-01-05,210,Active,4,2024-08-28,Cancelled
3416,Male,Teenager,Karachi,2025-06-01,2024-08-10,Pizza Hut,Burger,Continental,2,858.62,Card,49,2024-11-19,36,Active,2,2025-04-24,Cancelled
3417,Female,Adult,Islamabad,2024-08-18,2024-08-10,McDonald's,Sandwich,Fast Food,5,1247.36,Cash,16,2025-08-03,283,Active,4,2024-11-09,Cancelled
3418,Other,Teenager,Islamabad,2024-08-31,2024-08-10,Subway,Burger,Chinese,1,1078.2,Wallet,29,2024-11-20,176,Inactive,5,2024-07-11,Delayed
3419,Female,Senior,Karachi,2024-07-20,2024-08-10,Pizza Hut,Sandwich,Chinese,5,920.24,Cash,14,2025-09-07,62,Inactive,1,2025-04-04,Delayed
3420,Male,Senior,Islamabad,2024-02-29,2024-08-10,KFC,Sandwich,Dessert,4,460.45,Cash,47,2024-11-28,94,Active,3,2025-06-02,Cancelled
3421,Other,Adult,Peshawar,2024-07-29,2024-08-10,Subway,Fries,Italian,1,1373.26,Card,23,2025-01-02,86,Active,4,2024-10-24,Cancelled
3422,Female,Adult,Multan,2024-07-03,2024-08-10,Subway,Sandwich,Dessert,3,502.54,Card,37,2025-06-02,428,Inactive,5,2025-01-06,Delivered
3423,Female,Senior,Lahore,2024-06-29,2024-08-10,KFC,Fries,Continental,1,494.43,Card,44,2025-08-16,270,Inactive,1,2025-02-06,Delayed
3424,Male,Adult,Islamabad,2025-01-28,2024-08-10,Subway,Pasta,Chinese,1,770.73,Cash,10,2025-03-13,308,Inactive,1,2024-11-16,Delayed
3425,Male,Teenager,Lahore,2025-06-03,2024-08-10,McDonald's,Fries,Italian,3,1475.31,Card,5,2025-12-03,451,Active,1,2024-08-23,Cancelled
3426,Male,Adult,Lahore,2024-05-30,2024-08-10,McDonald's,Burger,Dessert,4,1130.25,Card,35,2024-12-10,137,Active,5,2025-11-03,Delayed
3427,Other,Teenager,Islamabad,2025-07-14,2024-08-10,McDonald's,Fries,Italian,4,262.47,Wallet,26,2025-07-27,103,Inactive,5,2024-04-11,Delivered
3428,Female,Teenager,Multan,2024-05-16,2024-09-10,Pizza Hut,Sandwich,Continental,5,599.76,Cash,8,2024-11-14,294,Active,3,2025-05-20,Delayed
3429,Other,Senior,Islamabad,2024-03-01,2024-09-10,KFC,Sandwich,Fast Food,1,1033.2,Wallet,5,2025-05-02,182,Active,3,2025-04-28,Cancelled
3430,Female,Senior,Islamabad,2024-10-28,2024-09-10,Burger King,Pasta,Chinese,4,1358.88,Wallet,47,2025-01-02,470,Inactive,2,2024-12-28,Delivered
3431,Male,Adult,Islamabad,2024-04-16,2024-09-10,Burger King,Sandwich,Chinese,5,261.92,Wallet,37,2025-04-29,207,Active,5,2025-05-30,Cancelled
3432,Other,Adult,Karachi,2024-10-30,2024-09-10,McDonald's,Burger,Italian,4,691.21,Wallet,26,2025-04-16,54,Active,3,2024-08-21,Delivered
3433,Male,Teenager,Islamabad,2024-04-06,2024-09-10,McDonald's,Sandwich,Italian,1,663.89,Wallet,30,2025-01-29,335,Active,4,2024-12-28,Delivered
3434,Male,Teenager,Peshawar,2024-05-10,2024-09-10,Pizza Hut,Pasta,Italian,4,1201.56,Cash,4,2025-06-28,314,Inactive,1,2025-08-13,Cancelled
3435,Other,Senior,Peshawar,2024-07-10,2024-09-10,Pizza Hut,Sandwich,Continental,2,697.83,Cash,28,2025-06-23,235,Inactive,4,2025-07-26,Delayed
3436,Male,Adult,Multan,2024-08-11,2024-09-10,Subway,Pizza,Chinese,3,331.42,Card,9,2025-01-19,398,Active,4,2025-05-27,Delivered
3437,Female,Teenager,Islamabad,2024-03-31,2024-09-10,McDonald's,Burger,Italian,2,1185.66,Card,48,2025-04-25,324,Inactive,1,2025-07-25,Delayed
3438,Male,Adult,Islamabad,2025-05-16,2024-10-10,Pizza Hut,Fries,Chinese,3,775.82,Cash,40,2025-07-14,281,Inactive,3,2024-10-14,Delayed
3439,Male,Senior,Karachi,2024-04-29,2024-10-10,KFC,Sandwich,Fast Food,5,466.24,Cash,40,2025-06-18,14,Inactive,2,2025-07-26,Delivered
3440,Male,Adult,Peshawar,2024-07-06,2024-10-10,Pizza Hut,Pizza,Italian,4,840.59,Cash,32,2025-02-07,19,Inactive,1,2024-11-13,Cancelled
3441,Male,Senior,Karachi,2024-11-16,2024-10-10,Subway,Pasta,Fast Food,4,266.46,Wallet,26,2025-01-24,408,Inactive,1,2025-10-06,Delivered
3442,Female,Senior,Islamabad,2025-01-13,2024-10-10,McDonald's,Fries,Italian,4,1490.59,Cash,38,2024-12-23,365,Inactive,1,2025-06-04,Cancelled
3443,Female,Teenager,Multan,2025-04-24,2024-10-10,KFC,Fries,Chinese,5,960.9,Card,14,2025-07-19,57,Active,4,2025-04-21,Cancelled
3444,Female,Adult,Lahore,2024-12-02,2024-10-10,Pizza Hut,Pizza,Dessert,3,359.03,Card,22,2024-09-25,351,Active,5,2025-07-24,Delivered
3445,Male,Teenager,Lahore,2025-08-20,2024-10-10,Subway,Burger,Fast Food,5,1490.77,Card,39,2025-02-22,78,Inactive,4,2025-06-13,Delivered
3446,Male,Teenager,Peshawar,2025-01-01,2024-10-10,KFC,Sandwich,Chinese,5,1160.56,Cash,41,2025-01-03,176,Active,2,2024-05-11,Cancelled
3447,Other,Teenager,Peshawar,2023-10-29,2024-11-10,Burger King,Sandwich,Italian,1,879.14,Card,38,2024-03-11,330,Active,4,2025-04-16,Delivered
3448,Female,Teenager,Lahore,2023-02-12,2024-11-10,KFC,Sandwich,Italian,4,203.28,Card,23,2025-12-04,433,Inactive,3,2025-08-02,Delayed
3449,Female,Teenager,Islamabad,2023-09-24,2024-11-10,McDonald's,Burger,Continental,3,213.57,Card,23,2024-12-09,472,Inactive,2,2025-02-08,Delivered
3450,Male,Teenager,Islamabad,2024-12-03,2024-11-10,Burger King,Burger,Fast Food,1,928.58,Card,7,2025-03-26,45,Active,3,2025-01-16,Delivered
3451,Other,Adult,Lahore,2025-05-28,2024-11-10,Pizza Hut,Burger,Dessert,3,792.89,Cash,8,2025-06-08,289,Inactive,2,2024-09-18,Delivered
3452,Other,Adult,Multan,2023-10-28,2024-11-10,Subway,Fries,Fast Food,2,1212.65,Wallet,14,2024-12-18,138,Inactive,5,2025-05-08,Delayed
3453,Male,Senior,Lahore,2023-09-25,2024-11-10,McDonald's,Sandwich,Dessert,5,869.77,Wallet,40,2024-09-26,97,Active,1,2025-05-24,Delivered
3454,Other,Adult,Karachi,2023-04-11,2024-11-10,Pizza Hut,Fries,Continental,2,336.89,Card,6,2024-10-30,408,Active,5,2025-09-08,Delayed
3455,Other,Teenager,Multan,2023-05-09,2024-12-10,Subway,Sandwich,Italian,5,979.22,Card,4,2025-01-19,426,Active,4,2025-07-20,Delivered
3456,Other,Teenager,Karachi,2025-10-06,2024-12-10,Pizza Hut,Pasta,Fast Food,2,628.27,Cash,32,2024-10-13,43,Active,4,2025-10-02,Cancelled
3457,Female,Senior,Multan,2023-10-24,2024-12-10,Pizza Hut,Sandwich,Italian,5,862.66,Card,30,2025-04-24,211,Inactive,5,2024-08-23,Delivered
3458,Female,Teenager,Peshawar,2024-04-30,2024-12-10,KFC,Burger,Dessert,5,850.04,Card,34,2025-02-20,115,Inactive,4,2025-05-06,Cancelled
3459,Female,Senior,Islamabad,2025-07-05,2024-12-10,Subway,Pizza,Fast Food,5,1176.79,Card,30,2025-08-02,4,Inactive,3,2025-04-30,Cancelled
3460,Other,Teenager,Peshawar,2024-11-25,2024-12-10,Pizza Hut,Burger,Fast Food,2,280.34,Wallet,9,2024-08-24,231,Active,4,2024-09-20,Delayed
3461,Other,Teenager,Multan,2024-06-30,2024-12-10,KFC,Burger,Continental,5,854.84,Wallet,11,2024-05-10,409,Inactive,1,2025-07-01,Delayed
3462,Female,Teenager,Lahore,2024-07-17,2024-12-10,Subway,Pasta,Continental,1,1456.34,Wallet,40,2025-12-06,414,Active,4,2025-02-18,Delayed
3463,Male,Adult,Karachi,2025-06-19,2024-10-13,Subway,Pasta,Chinese,5,162.74,Card,32,2024-08-30,155,Inactive,5,2024-12-27,Delivered
3464,Female,Senior,Karachi,2024-03-16,2024-10-13,McDonald's,Sandwich,Continental,4,426.12,Cash,33,2025-03-01,71,Inactive,1,2025-07-29,Delivered
3465,Male,Senior,Lahore,2025-11-01,2024-10-13,KFC,Pizza,Fast Food,2,397.02,Wallet,28,2024-04-09,82,Inactive,5,2025-08-20,Delivered
3466,Other,Adult,Islamabad,2024-04-11,2024-10-13,Pizza Hut,Pizza,Fast Food,1,361.75,Card,31,2025-02-23,417,Inactive,1,2024-09-27,Cancelled
3467,Female,Teenager,Peshawar,2025-06-23,2024-10-13,Pizza Hut,Fries,Dessert,3,1052.23,Card,9,2025-04-26,293,Active,4,2024-07-09,Cancelled
3468,Female,Senior,Peshawar,2025-08-14,2024-10-14,Burger King,Sandwich,Fast Food,2,1135.92,Wallet,5,2025-04-20,442,Inactive,5,2024-07-09,Cancelled
3469,Female,Teenager,Peshawar,2023-12-13,2024-10-14,Burger King,Sandwich,Continental,4,515.59,Cash,25,2025-01-26,395,Active,2,2025-03-05,Cancelled
3470,Other,Teenager,Karachi,2025-06-28,2024-10-14,Subway,Fries,Dessert,1,1223.69,Wallet,4,2024-09-29,414,Active,4,2024-08-24,Delayed
3471,Female,Senior,Lahore,2024-01-31,2024-10-14,KFC,Pizza,Italian,5,1131.71,Cash,19,2025-04-06,28,Inactive,5,2024-09-18,Delayed
3472,Other,Teenager,Multan,2024-07-16,2024-10-14,Burger King,Sandwich,Italian,3,1135.29,Cash,14,2024-12-18,386,Active,1,2025-06-30,Cancelled
3473,Female,Senior,Lahore,2024-06-09,2024-10-14,McDonald's,Pizza,Italian,2,231.82,Wallet,38,2025-12-04,198,Active,3,2025-05-13,Cancelled
3474,Male,Teenager,Multan,2025-01-14,2024-10-15,Burger King,Sandwich,Fast Food,2,740.4,Card,32,2025-01-30,32,Active,1,2025-04-18,Cancelled
3475,Male,Teenager,Multan,2025-01-08,2024-10-15,Burger King,Pasta,Chinese,3,1145.88,Cash,45,2025-12-08,487,Inactive,4,2024-09-18,Delivered
3476,Other,Senior,Karachi,2024-11-28,2024-10-15,Subway,Burger,Dessert,2,1451.73,Cash,37,2025-01-04,238,Active,5,2024-09-13,Delivered
3477,Female,Adult,Multan,2025-05-13,2024-10-15,Pizza Hut,Fries,Continental,2,1198.61,Cash,23,2025-08-06,136,Inactive,4,2024-12-20,Cancelled
3478,Female,Teenager,Karachi,2025-01-30,2024-10-16,Burger King,Sandwich,Fast Food,1,1490.03,Card,15,2025-10-05,202,Inactive,3,2025-05-04,Cancelled
3479,Other,Teenager,Karachi,2025-06-28,2024-10-16,McDonald's,Pizza,Dessert,4,1427.78,Wallet,16,2025-11-01,115,Active,1,2025-02-04,Delivered
3480,Female,Teenager,Multan,2024-01-19,2024-10-16,Subway,Sandwich,Dessert,1,144.29,Cash,22,2025-03-14,484,Inactive,4,2025-01-26,Cancelled
3481,Female,Senior,Karachi,2024-08-21,2024-10-16,KFC,Pasta,Dessert,1,1340.7,Card,15,2024-10-09,203,Inactive,5,2025-07-01,Delivered
3482,Other,Teenager,Islamabad,2024-11-07,2024-10-17,Subway,Pasta,Continental,2,412.95,Card,23,2024-11-15,429,Inactive,3,2024-03-10,Delayed
3483,Other,Teenager,Islamabad,2024-07-30,2024-10-17,KFC,Pizza,Fast Food,2,658.73,Cash,30,2024-12-25,275,Inactive,4,2025-02-27,Cancelled
3484,Female,Adult,Multan,2023-09-14,2024-10-17,Burger King,Sandwich,Chinese,1,742.38,Wallet,31,2024-12-25,14,Inactive,4,2024-08-31,Delayed
3485,Female,Teenager,Lahore,2024-03-22,2024-10-17,KFC,Fries,Fast Food,1,235.42,Card,23,2025-01-28,149,Active,3,2025-07-22,Cancelled
3486,Other,Senior,Multan,2024-08-15,2024-10-17,Pizza Hut,Sandwich,Dessert,5,1398.51,Cash,3,2025-06-26,212,Active,5,2024-12-23,Delayed
3487,Other,Teenager,Peshawar,2025-07-24,2024-10-18,McDonald's,Burger,Chinese,5,405.39,Card,46,2024-11-10,252,Inactive,2,2025-03-22,Cancelled
3488,Other,Adult,Lahore,2023-09-11,2024-10-18,McDonald's,Pasta,Italian,1,306.26,Wallet,6,2025-06-21,377,Active,1,2025-06-19,Delivered
3489,Female,Senior,Islamabad,2024-03-02,2024-10-18,Burger King,Burger,Chinese,2,528.16,Wallet,49,2025-04-21,364,Active,3,2024-08-25,Cancelled
3490,Male,Senior,Lahore,2025-09-08,2024-10-18,McDonald's,Sandwich,Italian,3,979.35,Wallet,33,2025-03-27,133,Active,4,2024-10-24,Delayed
3491,Male,Teenager,Islamabad,2023-11-16,2024-10-18,McDonald's,Burger,Fast Food,2,1356.98,Cash,42,2024-03-11,380,Inactive,4,2025-05-06,Delivered
3492,Other,Teenager,Multan,2024-04-25,2024-10-18,KFC,Pizza,Continental,3,545.84,Cash,6,2024-10-12,245,Inactive,2,2025-06-01,Cancelled
3493,Male,Adult,Lahore,2025-05-14,2024-10-18,KFC,Fries,Italian,3,1376.28,Card,4,2025-01-18,470,Inactive,2,2025-01-28,Delayed
3494,Male,Senior,Lahore,2024-09-10,2024-10-18,Burger King,Pizza,Chinese,3,539.58,Wallet,4,2024-08-11,112,Active,1,2024-09-29,Cancelled
3495,Female,Adult,Multan,2024-05-05,2024-10-18,Burger King,Sandwich,Chinese,2,1078.05,Card,47,2025-02-22,428,Inactive,3,2024-11-11,Cancelled
3496,Other,Teenager,Multan,2023-10-16,2024-10-18,Burger King,Burger,Fast Food,4,989.58,Cash,4,2025-05-08,2,Active,1,2024-12-28,Delayed
3497,Male,Adult,Multan,2024-11-24,2024-10-19,Subway,Pasta,Dessert,2,293.54,Wallet,37,2025-01-08,133,Active,1,2025-10-01,Delivered
3498,Male,Teenager,Karachi,2024-02-26,2024-10-19,Pizza Hut,Pasta,Chinese,1,952.34,Wallet,17,2025-03-13,8,Active,1,2025-12-05,Cancelled
3499,Male,Adult,Karachi,2024-11-12,2024-10-19,McDonald's,Burger,Chinese,3,863.99,Card,14,2025-04-02,221,Active,1,2025-06-27,Delayed
3500,Other,Teenager,Islamabad,2024-03-04,2024-10-19,KFC,Fries,Continental,4,1062.13,Cash,1,2025-03-08,230,Inactive,2,2025-04-02,Delivered
3501,Female,Senior,Lahore,2023-08-10,2024-10-19,Pizza Hut,Sandwich,Dessert,4,620.97,Card,46,2025-02-19,257,Inactive,1,2025-05-21,Delivered
3502,Female,Senior,Islamabad,2024-07-24,2024-10-19,KFC,Sandwich,Continental,2,500.86,Cash,34,2025-07-04,453,Inactive,2,2024-04-09,Delivered
3503,Other,Teenager,Lahore,2025-07-25,2024-10-19,Pizza Hut,Burger,Chinese,5,349.23,Wallet,50,2024-12-17,452,Active,5,2025-09-08,Delivered
3504,Female,Adult,Karachi,2025-06-27,2024-10-19,Burger King,Fries,Fast Food,4,648.76,Card,6,2025-06-07,189,Active,4,2025-01-27,Delayed
3505,Male,Adult,Lahore,2025-01-30,2024-10-19,KFC,Pizza,Dessert,1,1283.62,Cash,45,2025-03-04,427,Inactive,1,2025-09-03,Delivered
3506,Male,Senior,Peshawar,2024-10-01,2024-10-19,McDonald's,Burger,Chinese,5,980.75,Card,13,2025-06-19,292,Active,5,2025-01-17,Delayed
3507,Male,Teenager,Peshawar,2024-11-05,2024-10-20,McDonald's,Sandwich,Fast Food,5,212.27,Cash,20,2025-02-15,246,Inactive,4,2024-11-12,Delayed
3508,Male,Adult,Islamabad,2025-03-16,2024-10-20,McDonald's,Fries,Continental,5,429.58,Card,13,2025-02-17,86,Active,5,2024-08-23,Cancelled
3509,Male,Teenager,Islamabad,2023-08-09,2024-10-20,Burger King,Pasta,Continental,5,827.98,Card,40,2024-08-26,433,Inactive,3,2024-12-15,Cancelled
3510,Male,Senior,Peshawar,2024-03-25,2024-10-20,Subway,Pasta,Fast Food,3,1292.17,Card,19,2025-08-20,390,Active,4,2024-05-09,Delayed
3511,Male,Senior,Islamabad,2025-02-22,2024-10-20,Pizza Hut,Fries,Chinese,3,1346.8,Cash,28,2025-06-13,297,Inactive,5,2025-12-05,Delayed
3512,Other,Adult,Lahore,2024-12-04,2024-10-20,Burger King,Fries,Italian,3,808.54,Wallet,1,2024-08-28,17,Inactive,2,2024-10-30,Delivered
3513,Other,Teenager,Karachi,2024-09-10,2024-10-20,KFC,Pizza,Fast Food,2,497.76,Wallet,17,2024-04-12,339,Inactive,5,2025-02-20,Delivered
3514,Male,Senior,Peshawar,2023-09-30,2024-10-21,Burger King,Pizza,Chinese,1,469.42,Wallet,34,2024-08-31,413,Inactive,5,2024-11-29,Cancelled
3515,Male,Senior,Multan,2024-01-15,2024-10-21,Pizza Hut,Burger,Italian,4,1394.7,Wallet,3,2025-01-01,450,Inactive,4,2024-08-09,Delayed
3516,Other,Teenager,Lahore,2024-08-02,2024-10-21,Pizza Hut,Burger,Italian,1,253.55,Wallet,23,2025-07-15,309,Active,3,2025-02-22,Cancelled
3517,Female,Teenager,Lahore,2024-03-01,2024-10-21,McDonald's,Sandwich,Italian,1,914.01,Wallet,18,2024-12-24,86,Active,1,2025-08-19,Cancelled
3518,Female,Senior,Lahore,2024-10-15,2024-10-21,Subway,Pasta,Continental,2,291.14,Wallet,44,2025-04-22,412,Inactive,3,2025-05-14,Delivered
3519,Other,Teenager,Peshawar,2023-10-18,2024-10-21,Subway,Burger,Fast Food,3,254.39,Cash,22,2025-03-26,246,Inactive,4,2024-01-11,Delivered
3520,Other,Teenager,Lahore,2024-10-26,2024-10-21,Pizza Hut,Pizza,Continental,3,768.21,Cash,4,2025-06-07,471,Inactive,5,2025-07-06,Delivered
3521,Female,Teenager,Lahore,2023-10-20,2024-10-21,Subway,Fries,Dessert,4,1347.61,Card,15,2024-12-18,55,Inactive,5,2025-06-20,Cancelled
3522,Female,Teenager,Peshawar,2024-08-08,2024-10-22,Subway,Pasta,Continental,1,381.25,Cash,2,2024-08-10,336,Inactive,5,2025-02-04,Delivered
3523,Male,Teenager,Peshawar,2023-12-22,2024-10-22,KFC,Sandwich,Italian,3,1274.31,Cash,29,2024-12-29,356,Active,4,2024-11-17,Cancelled
3524,Female,Teenager,Islamabad,2024-10-18,2024-10-22,KFC,Burger,Fast Food,5,1285.81,Cash,25,2025-04-26,382,Active,3,2024-12-15,Delayed
3525,Other,Senior,Multan,2023-09-16,2024-10-22,Burger King,Pasta,Dessert,3,1384.65,Card,23,2024-12-17,274,Active,3,2025-07-03,Cancelled
3526,Female,Adult,Peshawar,2024-04-09,2024-10-22,Pizza Hut,Sandwich,Dessert,3,290.74,Wallet,40,2024-10-28,268,Inactive,1,2024-07-09,Delayed
3527,Female,Teenager,Karachi,2024-04-12,2024-10-22,Subway,Pizza,Italian,5,1467.7,Card,17,2024-03-09,466,Inactive,4,2025-10-05,Cancelled
3528,Female,Senior,Lahore,2025-07-03,2024-10-22,Pizza Hut,Sandwich,Dessert,2,446.7,Card,44,2025-03-13,298,Inactive,5,2025-01-29,Delayed
3529,Other,Teenager,Lahore,2025-07-19,2024-10-22,KFC,Pizza,Chinese,1,642.55,Card,17,2024-09-11,236,Active,1,2025-12-08,Delivered
3530,Other,Teenager,Multan,2023-09-16,2024-10-22,Subway,Burger,Fast Food,3,806.61,Card,28,2024-12-16,347,Inactive,1,2025-02-03,Cancelled
3531,Other,Adult,Multan,2025-07-06,2024-10-22,Pizza Hut,Pasta,Continental,3,1311.14,Card,16,2024-08-25,24,Active,5,2025-11-05,Cancelled
3532,Male,Teenager,Peshawar,2023-09-12,2024-10-23,McDonald's,Burger,Italian,5,1180.53,Card,10,2024-10-27,138,Inactive,3,2025-04-03,Cancelled
3533,Female,Teenager,Multan,2024-02-25,2024-10-23,McDonald's,Fries,Dessert,2,767.87,Card,25,2025-12-04,188,Inactive,2,2024-08-22,Cancelled
3534,Female,Teenager,Lahore,2024-03-10,2024-10-23,Subway,Fries,Continental,1,392.44,Card,23,2025-05-24,152,Active,4,2025-08-15,Cancelled
3535,Other,Teenager,Lahore,2024-10-30,2024-10-23,Subway,Burger,Italian,5,1458.1,Wallet,6,2024-10-20,320,Active,1,2025-11-05,Delayed
3536,Male,Teenager,Multan,2023-12-29,2024-10-23,KFC,Fries,Chinese,4,432.41,Cash,47,2025-03-14,346,Inactive,5,2024-09-29,Delayed
3537,Other,Adult,Islamabad,2025-05-17,2024-10-23,KFC,Pasta,Fast Food,4,665.37,Card,9,2024-01-09,63,Active,3,2024-02-09,Delayed
3538,Male,Senior,Karachi,2025-03-28,2024-10-23,McDonald's,Burger,Italian,5,688.89,Card,13,2025-01-16,207,Active,2,2025-01-03,Delivered
3539,Female,Teenager,Lahore,2023-09-29,2024-10-23,Subway,Pasta,Italian,4,636.2,Wallet,27,2024-12-18,205,Active,1,2025-08-03,Cancelled
3540,Female,Senior,Multan,2024-10-29,2024-10-24,McDonald's,Pizza,Continental,5,1164.68,Cash,35,2024-09-17,289,Inactive,4,2025-03-19,Cancelled
3541,Other,Senior,Karachi,2024-07-15,2024-10-24,McDonald's,Fries,Italian,3,1380.3,Card,17,2024-12-22,383,Active,5,2025-01-01,Cancelled
3542,Female,Senior,Islamabad,2025-07-15,2024-10-24,Burger King,Burger,Fast Food,2,849.27,Cash,26,2024-10-19,177,Inactive,5,2024-03-12,Cancelled
3543,Male,Senior,Peshawar,2024-07-27,2024-10-24,Subway,Burger,Chinese,4,1199.15,Cash,9,2025-06-08,305,Inactive,2,2024-10-18,Delayed
3544,Male,Teenager,Karachi,2024-09-18,2024-10-24,KFC,Pasta,Chinese,2,393.19,Cash,30,2025-02-18,16,Inactive,1,2025-05-25,Delivered
3545,Female,Teenager,Peshawar,2025-12-05,2024-10-24,KFC,Sandwich,Italian,1,1252.53,Card,6,2025-08-05,268,Active,2,2025-05-13,Cancelled
3546,Female,Adult,Multan,2024-08-28,2024-10-25,Burger King,Fries,Italian,2,630.27,Wallet,5,2025-05-02,475,Inactive,1,2025-04-05,Cancelled
3547,Other,Teenager,Peshawar,2023-09-24,2024-10-25,KFC,Fries,Dessert,4,157.06,Cash,8,2024-04-10,157,Inactive,4,2024-09-26,Cancelled
3548,Male,Adult,Peshawar,2025-10-06,2024-10-25,KFC,Pasta,Chinese,4,1206.95,Wallet,25,2025-07-19,166,Active,2,2024-10-24,Cancelled
3549,Other,Adult,Karachi,2025-04-28,2024-10-25,Burger King,Fries,Continental,1,698.92,Card,2,2024-01-10,465,Active,1,2024-12-14,Cancelled
3550,Other,Adult,Lahore,2023-01-09,2024-10-25,KFC,Burger,Continental,2,329.77,Cash,26,2024-09-22,467,Active,2,2025-01-29,Delayed
3551,Male,Teenager,Islamabad,2025-02-15,2024-10-26,Burger King,Burger,Continental,5,1442.01,Card,28,2024-09-16,173,Active,4,2025-01-19,Cancelled
3552,Other,Teenager,Multan,2024-08-17,2024-10-26,McDonald's,Fries,Chinese,4,992.76,Cash,23,2025-06-15,384,Inactive,4,2025-05-24,Delivered
3553,Female,Senior,Peshawar,2024-12-23,2024-10-26,McDonald's,Burger,Dessert,1,974.42,Card,40,2025-08-03,307,Inactive,5,2025-02-17,Delivered
3554,Female,Teenager,Peshawar,2023-09-28,2024-10-26,Pizza Hut,Burger,Italian,1,275.53,Cash,31,2025-05-26,220,Active,4,2024-08-12,Delivered
3555,Other,Adult,Karachi,2023-11-09,2024-10-26,Subway,Fries,Italian,4,993.03,Cash,23,2025-07-27,419,Active,1,2025-02-21,Delivered
3556,Male,Teenager,Peshawar,2024-06-30,2024-10-27,Pizza Hut,Fries,Italian,2,998.72,Cash,13,2024-11-16,229,Inactive,1,2025-09-05,Cancelled
3557,Other,Adult,Islamabad,2025-02-25,2024-10-27,Burger King,Pizza,Dessert,1,553.66,Card,8,2024-09-11,440,Active,2,2025-05-02,Cancelled
3558,Male,Senior,Multan,2023-08-27,2024-10-27,Pizza Hut,Pizza,Fast Food,3,358.71,Card,12,2025-04-24,219,Active,3,2025-10-02,Cancelled
3559,Other,Teenager,Karachi,2024-11-29,2024-10-27,Burger King,Fries,Dessert,1,1108.41,Card,27,2024-09-19,128,Active,3,2024-10-23,Delivered
3560,Female,Senior,Lahore,2024-07-11,2024-10-27,McDonald's,Fries,Italian,2,1394.81,Cash,50,2024-08-09,158,Active,5,2024-02-11,Delayed
3561,Other,Teenager,Multan,2024-01-06,2024-10-27,Burger King,Fries,Chinese,2,715.37,Wallet,43,2025-11-07,435,Inactive,4,2024-09-22,Delayed
3562,Male,Teenager,Peshawar,2024-07-11,2024-10-27,McDonald's,Pizza,Fast Food,3,192.44,Wallet,33,2025-06-23,494,Inactive,5,2024-10-22,Delayed
3563,Male,Teenager,Peshawar,2025-01-18,2024-10-27,Subway,Pizza,Continental,1,1016.54,Cash,23,2024-08-09,379,Inactive,2,2025-12-08,Delivered
3564,Female,Adult,Lahore,2024-01-06,2024-10-27,Burger King,Fries,Italian,5,848.09,Card,35,2025-05-20,75,Inactive,5,2024-09-10,Delayed
3565,Other,Teenager,Lahore,2024-12-12,2024-10-27,McDonald's,Sandwich,Continental,1,298.89,Card,20,2025-02-07,207,Active,3,2024-10-14,Delayed
3566,Other,Senior,Multan,2023-01-10,2024-10-27,Subway,Pizza,Fast Food,2,1347.57,Card,26,2024-05-10,196,Active,1,2025-04-29,Cancelled
3567,Male,Adult,Peshawar,2024-02-06,2024-10-27,Burger King,Pasta,Fast Food,5,432.09,Card,7,2025-01-13,19,Active,4,2024-09-22,Delivered
3568,Female,Adult,Islamabad,2024-04-19,2024-10-28,McDonald's,Burger,Dessert,2,1248.85,Cash,2,2024-10-14,368,Inactive,4,2024-11-24,Cancelled
3569,Other,Senior,Peshawar,2024-07-15,2024-10-28,Pizza Hut,Fries,Chinese,1,588.08,Cash,16,2024-03-11,107,Active,4,2025-04-07,Delayed
3570,Male,Teenager,Karachi,2025-04-04,2024-10-28,McDonald's,Fries,Continental,4,415.19,Wallet,16,2025-03-20,201,Active,3,2025-03-02,Delivered
3571,Female,Senior,Islamabad,2025-03-20,2024-10-28,Pizza Hut,Pasta,Dessert,5,178.65,Cash,14,2025-04-24,71,Active,2,2024-11-22,Delayed
3572,Other,Adult,Peshawar,2025-03-27,2024-10-28,McDonald's,Pasta,Italian,5,182.57,Cash,50,2025-04-01,378,Active,2,2025-04-25,Delayed
3573,Male,Teenager,Karachi,2025-04-17,2024-10-28,KFC,Pasta,Chinese,1,1206.5,Cash,37,2025-04-07,264,Inactive,3,2024-09-11,Delivered
3574,Other,Teenager,Peshawar,2025-07-03,2024-10-28,KFC,Fries,Dessert,3,988.33,Wallet,1,2025-04-05,4,Active,2,2024-08-29,Delivered
3575,Female,Teenager,Multan,2023-09-17,2024-10-28,Subway,Fries,Fast Food,1,1142.67,Cash,22,2025-06-25,341,Active,2,2024-10-23,Delivered
3576,Male,Adult,Multan,2025-08-13,2024-10-28,KFC,Pizza,Dessert,5,1061.11,Cash,39,2025-01-06,116,Inactive,3,2024-09-11,Cancelled
3577,Male,Teenager,Multan,2025-08-19,2024-10-28,McDonald's,Burger,Chinese,2,1347.57,Cash,18,2024-10-15,156,Inactive,3,2024-09-09,Delayed
3578,Other,Senior,Peshawar,2025-05-04,2024-10-29,Pizza Hut,Pizza,Dessert,3,707.65,Cash,38,2025-01-24,253,Active,3,2024-06-11,Delayed
3579,Female,Adult,Islamabad,2024-02-21,2024-10-29,Pizza Hut,Burger,Continental,2,331.23,Wallet,48,2025-04-14,204,Active,1,2025-04-13,Cancelled
3580,Male,Adult,Karachi,2024-05-09,2024-10-29,McDonald's,Pizza,Chinese,2,614.13,Card,37,2024-03-11,357,Inactive,2,2025-07-01,Delivered
3581,Female,Teenager,Peshawar,2023-02-11,2024-10-29,Pizza Hut,Pizza,Continental,5,611.69,Card,29,2024-10-31,397,Inactive,3,2025-02-08,Delayed
3582,Male,Adult,Lahore,2023-10-19,2024-10-29,Subway,Sandwich,Fast Food,1,580.04,Wallet,25,2025-08-02,252,Active,1,2025-06-25,Cancelled
3583,Female,Adult,Multan,2024-12-20,2024-10-29,Subway,Pasta,Italian,1,1122.77,Card,1,2025-06-30,112,Active,3,2024-02-11,Cancelled
3584,Male,Teenager,Peshawar,2025-07-31,2024-10-29,Burger King,Fries,Fast Food,5,908.26,Card,24,2025-05-29,339,Inactive,3,2025-03-20,Delayed
3585,Female,Senior,Multan,2025-01-02,2024-10-29,Pizza Hut,Pasta,Dessert,2,1048.0,Cash,13,2024-07-10,467,Inactive,2,2025-05-22,Cancelled
3586,Female,Teenager,Lahore,2023-10-15,2024-10-30,McDonald's,Burger,Dessert,1,1050.84,Card,1,2025-07-21,318,Active,2,2025-06-14,Cancelled
3587,Other,Teenager,Islamabad,2025-03-03,2024-10-30,Subway,Pizza,Chinese,2,1063.36,Cash,19,2024-12-20,411,Active,3,2025-03-21,Cancelled
3588,Female,Teenager,Islamabad,2024-11-03,2024-10-30,KFC,Burger,Fast Food,4,965.71,Card,25,2024-08-23,127,Inactive,5,2025-01-13,Cancelled
3589,Female,Senior,Peshawar,2024-02-22,2024-10-30,Burger King,Sandwich,Continental,3,920.65,Cash,44,2024-12-18,316,Active,4,2025-06-05,Cancelled
3590,Male,Senior,Multan,2025-06-26,2024-10-30,McDonald's,Pizza,Italian,3,1077.95,Wallet,15,2025-01-18,213,Inactive,2,2025-04-02,Cancelled
3591,Other,Adult,Peshawar,2024-01-24,2024-10-30,McDonald's,Sandwich,Dessert,3,951.67,Card,30,2024-08-27,63,Active,3,2025-02-05,Cancelled
3592,Male,Teenager,Lahore,2024-08-08,2024-10-31,KFC,Burger,Fast Food,2,356.22,Card,49,2025-11-04,184,Inactive,4,2025-07-17,Cancelled
3593,Other,Senior,Karachi,2025-02-22,2024-10-31,McDonald's,Pasta,Italian,3,666.84,Card,12,2025-05-23,437,Inactive,1,2025-12-04,Cancelled
3594,Female,Adult,Peshawar,2024-05-20,2024-10-31,KFC,Burger,Italian,1,1363.66,Card,38,2024-08-29,352,Inactive,4,2024-02-09,Delivered
3595,Female,Teenager,Karachi,2024-11-20,2024-10-31,Subway,Pizza,Continental,1,445.88,Wallet,48,2025-06-19,496,Inactive,1,2025-07-23,Cancelled
3596,Other,Adult,Islamabad,2024-09-22,2024-10-31,Pizza Hut,Pasta,Fast Food,4,287.89,Cash,29,2025-05-15,6,Active,4,2025-07-30,Delivered
3597,Male,Senior,Karachi,2024-08-05,2024-10-31,Burger King,Sandwich,Fast Food,3,1015.69,Card,37,2025-03-22,401,Active,3,2025-01-13,Delivered
3598,Other,Teenager,Peshawar,2025-04-15,2024-10-31,KFC,Pizza,Dessert,1,169.09,Cash,27,2024-12-17,23,Inactive,5,2025-10-08,Cancelled
3599,Other,Teenager,Peshawar,2023-08-30,2024-01-11,Pizza Hut,Pasta,Dessert,1,806.58,Wallet,3,2024-11-25,262,Inactive,1,2025-05-18,Delayed
3600,Other,Adult,Karachi,2025-04-22,2024-01-11,Subway,Burger,Continental,1,1245.61,Cash,41,2024-01-12,275,Inactive,2,2025-05-05,Cancelled
3601,Male,Adult,Karachi,2023-11-21,2024-01-11,McDonald's,Fries,Chinese,4,336.69,Cash,14,2024-03-09,13,Active,5,2024-08-25,Cancelled
3602,Female,Teenager,Karachi,2024-10-19,2024-01-11,McDonald's,Pizza,Dessert,1,522.19,Wallet,23,2025-02-01,396,Inactive,2,2025-04-08,Delivered
3603,Other,Adult,Islamabad,2023-10-10,2024-01-11,McDonald's,Fries,Dessert,4,660.25,Wallet,15,2024-11-11,3,Inactive,5,2025-07-03,Delivered
3604,Male,Adult,Lahore,2024-12-31,2024-01-11,Subway,Sandwich,Italian,5,459.28,Wallet,36,2025-04-17,27,Active,3,2025-08-02,Cancelled
3605,Other,Adult,Peshawar,2024-05-29,2024-01-11,Pizza Hut,Burger,Italian,2,1148.83,Wallet,16,2025-01-22,470,Inactive,5,2025-01-26,Cancelled
3606,Other,Adult,Islamabad,2024-07-15,2024-01-11,Burger King,Burger,Chinese,5,1010.35,Card,25,2025-03-19,175,Active,1,2024-12-17,Delayed
3607,Other,Adult,Lahore,2023-03-11,2024-02-11,KFC,Pasta,Continental,1,859.38,Cash,20,2025-07-02,288,Inactive,1,2025-03-01,Delayed
3608,Other,Teenager,Islamabad,2024-08-01,2024-02-11,Burger King,Pasta,Fast Food,4,401.6,Card,40,2025-03-02,220,Active,3,2024-12-31,Cancelled
3609,Other,Senior,Lahore,2025-04-08,2024-02-11,McDonald's,Pizza,Chinese,5,116.27,Cash,12,2024-10-16,481,Inactive,5,2025-04-28,Cancelled
3610,Male,Teenager,Islamabad,2025-06-23,2024-02-11,McDonald's,Pasta,Italian,5,555.5,Card,5,2025-07-07,231,Inactive,3,2024-12-21,Delayed
3611,Other,Teenager,Karachi,2023-12-17,2024-02-11,Burger King,Pizza,Dessert,1,640.23,Card,37,2025-06-08,386,Inactive,1,2025-05-28,Delivered
3612,Other,Senior,Karachi,2025-05-07,2024-02-11,Subway,Sandwich,Fast Food,4,524.45,Wallet,32,2024-08-10,105,Inactive,5,2024-10-13,Cancelled
3613,Female,Senior,Multan,2024-04-22,2024-02-11,Pizza Hut,Pizza,Chinese,3,248.1,Card,38,2025-05-05,84,Active,1,2024-10-14,Cancelled
3614,Female,Senior,Peshawar,2024-10-30,2024-02-11,Pizza Hut,Pasta,Fast Food,1,634.62,Card,37,2024-10-27,282,Inactive,1,2024-10-10,Delayed
3615,Other,Teenager,Karachi,2025-06-21,2024-02-11,Subway,Sandwich,Italian,3,1400.99,Card,12,2024-11-19,485,Active,4,2024-08-28,Delivered
3616,Male,Senior,Multan,2024-06-18,2024-03-11,Pizza Hut,Pasta,Chinese,1,450.96,Card,14,2024-11-27,345,Inactive,3,2024-12-31,Cancelled
3617,Female,Adult,Islamabad,2025-07-15,2024-03-11,McDonald's,Sandwich,Dessert,5,1119.46,Card,49,2025-04-07,404,Inactive,3,2025-07-07,Cancelled
3618,Female,Senior,Lahore,2024-03-25,2024-03-11,McDonald's,Pasta,Continental,5,1170.5,Card,34,2024-02-10,138,Inactive,4,2024-10-11,Cancelled
3619,Male,Teenager,Islamabad,2024-02-23,2024-03-11,Burger King,Fries,Italian,2,360.93,Wallet,11,2025-03-02,410,Inactive,4,2024-10-10,Cancelled
3620,Male,Adult,Peshawar,2024-08-19,2024-03-11,McDonald's,Pizza,Fast Food,5,811.35,Cash,20,2025-02-26,481,Active,3,2025-04-18,Delayed
3621,Male,Teenager,Lahore,2024-05-04,2024-03-11,KFC,Fries,Fast Food,2,670.59,Cash,50,2025-07-15,247,Inactive,5,2024-08-26,Delayed
3622,Other,Senior,Multan,2025-08-03,2024-03-11,Pizza Hut,Burger,Italian,4,814.44,Card,36,2025-01-05,317,Active,5,2025-07-18,Cancelled
3623,Male,Teenager,Lahore,2025-01-21,2024-03-11,Burger King,Fries,Continental,2,721.87,Wallet,31,2025-05-04,151,Active,5,2025-04-19,Cancelled
3624,Male,Senior,Peshawar,2024-04-25,2024-03-11,KFC,Fries,Continental,2,219.83,Card,20,2025-04-23,364,Active,2,2024-12-31,Delayed
3625,Other,Teenager,Peshawar,2023-10-27,2024-04-11,Pizza Hut,Burger,Fast Food,3,956.69,Wallet,10,2024-12-25,281,Inactive,3,2024-12-22,Delivered
3626,Female,Senior,Karachi,2025-02-21,2024-04-11,KFC,Fries,Chinese,4,1071.31,Card,19,2025-01-05,129,Inactive,4,2024-08-23,Delivered
3627,Other,Teenager,Peshawar,2025-04-23,2024-04-11,Pizza Hut,Pizza,Continental,5,421.87,Card,18,2025-11-04,496,Inactive,1,2025-04-19,Cancelled
3628,Other,Senior,Peshawar,2024-11-24,2024-04-11,Burger King,Pasta,Dessert,3,672.88,Wallet,30,2024-12-19,199,Inactive,2,2025-11-07,Delivered
3629,Female,Senior,Islamabad,2024-03-31,2024-04-11,Burger King,Pasta,Continental,2,651.59,Wallet,49,2024-10-30,337,Inactive,1,2025-01-27,Delivered
3630,Male,Teenager,Peshawar,2024-08-15,2024-04-11,KFC,Pizza,Chinese,1,869.0,Card,28,2025-06-02,37,Active,3,2024-09-10,Cancelled
3631,Other,Senior,Karachi,2024-09-30,2024-04-11,McDonald's,Pizza,Dessert,4,174.11,Card,31,2025-11-03,343,Inactive,5,2024-11-16,Delivered
3632,Male,Adult,Islamabad,2024-12-08,2024-04-11,Subway,Fries,Fast Food,5,650.3,Cash,12,2024-12-14,440,Inactive,3,2025-08-21,Delivered
3633,Male,Adult,Multan,2024-12-13,2024-04-11,KFC,Pizza,Chinese,5,1167.94,Cash,14,2024-12-14,15,Active,4,2025-03-06,Delayed
3634,Other,Adult,Lahore,2025-01-30,2024-05-11,Subway,Pizza,Continental,1,400.11,Card,32,2025-07-27,53,Inactive,1,2025-06-15,Delivered
3635,Female,Adult,Multan,2024-02-17,2024-05-11,KFC,Burger,Continental,1,952.31,Cash,23,2025-08-17,70,Inactive,5,2025-04-03,Cancelled
3636,Male,Teenager,Peshawar,2025-09-06,2024-05-11,McDonald's,Burger,Italian,1,887.34,Cash,1,2024-01-10,89,Inactive,2,2024-09-13,Delivered
3637,Other,Adult,Peshawar,2024-04-10,2024-05-11,Burger King,Pasta,Dessert,3,1012.99,Wallet,1,2024-11-23,37,Active,1,2025-01-14,Cancelled
3638,Female,Adult,Islamabad,2024-08-07,2024-05-11,Subway,Fries,Italian,2,1393.02,Card,6,2024-08-27,31,Inactive,4,2025-06-25,Delivered
3639,Female,Senior,Peshawar,2025-07-04,2024-05-11,McDonald's,Burger,Chinese,5,349.86,Card,32,2025-01-05,153,Inactive,1,2024-10-14,Delayed
3640,Other,Teenager,Karachi,2024-12-14,2024-05-11,Subway,Burger,Chinese,5,591.48,Cash,18,2025-06-05,218,Active,5,2024-12-30,Delivered
3641,Other,Senior,Peshawar,2025-11-04,2024-06-11,Subway,Pizza,Italian,3,1027.09,Cash,17,2025-07-06,135,Inactive,4,2024-11-22,Delivered
3642,Male,Adult,Multan,2025-05-05,2024-06-11,Pizza Hut,Pizza,Chinese,2,554.06,Card,35,2025-06-15,487,Active,4,2024-11-09,Cancelled
3643,Other,Teenager,Peshawar,2025-04-23,2024-06-11,Burger King,Pizza,Fast Food,5,995.43,Wallet,26,2025-12-01,490,Active,4,2025-09-01,Cancelled
3644,Female,Senior,Islamabad,2025-11-02,2024-06-11,KFC,Sandwich,Italian,2,1391.72,Cash,18,2025-03-03,299,Inactive,4,2025-06-02,Cancelled
3645,Other,Adult,Multan,2023-12-29,2024-06-11,Subway,Pizza,Italian,5,1364.43,Cash,36,2025-07-22,448,Inactive,4,2024-09-11,Delayed
3646,Male,Senior,Lahore,2025-03-20,2024-06-11,Pizza Hut,Pizza,Italian,2,921.66,Wallet,38,2025-01-28,101,Inactive,1,2025-08-07,Cancelled
3647,Female,Senior,Multan,2024-09-18,2024-06-11,Pizza Hut,Sandwich,Fast Food,4,1296.23,Card,16,2025-04-06,483,Active,3,2025-01-01,Delivered
3648,Female,Senior,Peshawar,2023-10-13,2024-06-11,KFC,Burger,Chinese,2,861.8,Cash,35,2025-06-20,197,Inactive,5,2024-09-30,Cancelled
3649,Male,Adult,Lahore,2024-05-25,2024-07-11,McDonald's,Fries,Continental,4,1309.59,Cash,11,2025-06-07,174,Inactive,4,2025-06-17,Delayed
3650,Other,Teenager,Peshawar,2024-07-31,2024-07-11,McDonald's,Pasta,Chinese,3,847.29,Cash,31,2024-11-20,171,Active,5,2025-05-13,Delivered
3651,Male,Adult,Multan,2025-11-08,2024-07-11,Subway,Fries,Continental,1,1161.06,Wallet,50,2024-09-27,355,Active,2,2025-05-24,Cancelled
3652,Female,Senior,Multan,2025-02-27,2024-07-11,Pizza Hut,Pizza,Chinese,2,334.5,Card,7,2024-07-12,151,Inactive,1,2024-10-11,Delivered
3653,Female,Senior,Islamabad,2023-04-10,2024-07-11,Burger King,Sandwich,Italian,4,1466.81,Cash,7,2025-06-21,11,Inactive,1,2024-08-21,Delayed
3654,Male,Adult,Islamabad,2024-01-12,2024-07-11,Subway,Fries,Chinese,3,926.68,Wallet,43,2025-02-07,201,Inactive,3,2024-06-12,Cancelled
3655,Female,Senior,Karachi,2025-06-28,2024-07-11,KFC,Sandwich,Italian,1,352.75,Wallet,44,2025-08-14,487,Inactive,2,2024-12-10,Delivered
3656,Other,Senior,Karachi,2025-11-06,2024-07-11,Pizza Hut,Burger,Chinese,3,1409.97,Card,42,2024-11-23,315,Active,1,2024-08-28,Cancelled
3657,Male,Teenager,Multan,2023-10-09,2024-07-11,Burger King,Fries,Chinese,5,1367.94,Card,23,2024-08-25,418,Inactive,2,2025-02-26,Delivered
3658,Other,Teenager,Karachi,2025-02-20,2024-07-11,KFC,Pizza,Italian,2,1005.3,Wallet,45,2024-09-13,291,Active,5,2024-08-31,Delivered
3659,Female,Teenager,Karachi,2023-10-09,2024-07-11,Pizza Hut,Pasta,Fast Food,4,1164.42,Wallet,3,2025-09-01,236,Inactive,5,2024-12-17,Delivered
3660,Female,Senior,Peshawar,2025-03-31,2024-08-11,Pizza Hut,Pasta,Continental,1,935.89,Wallet,18,2025-05-19,350,Inactive,3,2024-10-21,Cancelled
3661,Female,Adult,Islamabad,2024-04-19,2024-08-11,Pizza Hut,Burger,Italian,4,1409.75,Cash,9,2024-11-29,136,Inactive,4,2024-12-31,Delivered
3662,Other,Adult,Multan,2024-08-25,2024-08-11,KFC,Pizza,Continental,1,784.4,Wallet,36,2025-07-17,172,Inactive,1,2025-05-07,Cancelled
3663,Female,Teenager,Karachi,2024-08-22,2024-08-11,Subway,Fries,Dessert,5,383.11,Card,39,2025-02-08,369,Active,3,2025-02-24,Delivered
3664,Female,Teenager,Peshawar,2024-06-14,2024-08-11,Pizza Hut,Pasta,Italian,1,1210.1,Wallet,26,2025-04-17,89,Inactive,5,2024-09-30,Cancelled
3665,Other,Adult,Islamabad,2025-02-13,2024-08-11,Pizza Hut,Burger,Dessert,3,1343.28,Cash,48,2025-05-26,157,Inactive,5,2024-12-24,Delivered
3666,Male,Adult,Peshawar,2025-06-16,2024-08-11,Burger King,Pasta,Dessert,5,915.2,Wallet,39,2024-12-25,217,Active,2,2024-09-28,Delivered
3667,Female,Senior,Lahore,2024-02-21,2024-08-11,McDonald's,Pasta,Italian,2,190.18,Cash,25,2025-04-26,316,Inactive,4,2025-05-24,Delivered
3668,Male,Senior,Islamabad,2023-10-17,2024-08-11,Burger King,Fries,Dessert,2,1458.01,Cash,40,2024-09-16,375,Inactive,5,2025-02-02,Delayed
3669,Other,Senior,Islamabad,2023-10-14,2024-08-11,Burger King,Pizza,Chinese,3,995.93,Wallet,17,2024-08-30,244,Inactive,3,2024-09-20,Cancelled
3670,Male,Adult,Multan,2025-06-02,2024-09-11,Burger King,Pizza,Fast Food,1,438.87,Card,29,2025-08-17,450,Inactive,1,2024-12-16,Delayed
3671,Other,Senior,Multan,2025-05-27,2024-09-11,KFC,Burger,Italian,4,1046.88,Cash,35,2024-12-26,38,Inactive,1,2024-09-24,Delivered
3672,Other,Adult,Multan,2025-05-19,2024-09-11,Subway,Sandwich,Italian,5,321.03,Card,19,2025-07-28,485,Active,1,2024-12-21,Delayed
3673,Female,Senior,Lahore,2023-07-09,2024-10-11,McDonald's,Pasta,Italian,5,276.19,Card,28,2024-09-28,45,Inactive,5,2025-01-30,Delivered
3674,Female,Adult,Lahore,2024-09-17,2024-10-11,Burger King,Pizza,Dessert,4,978.28,Cash,24,2025-02-06,317,Inactive,2,2025-08-04,Delivered
3675,Female,Senior,Lahore,2024-12-30,2024-10-11,McDonald's,Sandwich,Chinese,1,270.97,Cash,41,2025-06-01,358,Inactive,3,2025-09-03,Delayed
3676,Male,Teenager,Peshawar,2025-07-08,2024-10-11,KFC,Fries,Continental,3,1109.72,Cash,50,2024-10-16,414,Inactive,1,2025-05-21,Delivered
3677,Other,Teenager,Peshawar,2025-08-13,2024-10-11,Subway,Sandwich,Dessert,2,861.59,Cash,23,2025-05-03,440,Inactive,1,2025-03-01,Delayed
3678,Other,Teenager,Islamabad,2025-04-19,2024-10-11,McDonald's,Fries,Continental,3,487.15,Wallet,35,2025-02-25,286,Active,5,2025-10-06,Cancelled
3679,Female,Adult,Lahore,2023-08-25,2024-10-11,McDonald's,Burger,Chinese,2,1013.78,Cash,20,2025-05-23,433,Inactive,5,2025-04-16,Delivered
3680,Male,Adult,Peshawar,2024-03-14,2024-11-11,Pizza Hut,Pasta,Chinese,3,1048.82,Wallet,16,2025-11-03,118,Active,4,2024-12-23,Cancelled
3681,Female,Senior,Multan,2025-04-17,2024-11-11,McDonald's,Sandwich,Italian,4,863.48,Card,37,2024-12-18,426,Inactive,3,2025-06-27,Delivered
3682,Other,Senior,Multan,2024-09-18,2024-11-11,Burger King,Burger,Italian,5,1334.61,Card,50,2025-04-13,245,Active,4,2024-12-20,Delivered
3683,Other,Adult,Lahore,2024-09-11,2024-11-11,Pizza Hut,Sandwich,Chinese,5,886.08,Cash,49,2025-03-05,246,Inactive,3,2025-06-26,Delivered
3684,Male,Adult,Islamabad,2024-07-10,2024-11-11,McDonald's,Pasta,Dessert,2,449.86,Wallet,28,2025-04-22,269,Inactive,4,2025-09-07,Delayed
3685,Other,Senior,Karachi,2025-05-14,2024-11-11,Subway,Pasta,Continental,3,1204.37,Cash,3,2025-08-07,214,Inactive,3,2025-01-17,Delayed
3686,Male,Adult,Karachi,2024-02-01,2024-11-11,Pizza Hut,Burger,Chinese,3,600.5,Wallet,42,2025-03-04,187,Active,2,2025-05-13,Cancelled
3687,Female,Teenager,Multan,2024-08-28,2024-11-11,Subway,Pizza,Dessert,4,1411.33,Cash,46,2025-06-06,302,Active,5,2025-05-13,Delivered
3688,Female,Senior,Lahore,2023-10-26,2024-12-11,Burger King,Pasta,Italian,4,740.26,Wallet,37,2025-01-14,46,Inactive,1,2024-12-23,Cancelled
3689,Female,Adult,Lahore,2024-08-26,2024-12-11,Burger King,Sandwich,Dessert,3,467.05,Cash,46,2024-10-12,99,Inactive,5,2024-07-10,Delayed
3690,Other,Adult,Lahore,2024-10-21,2024-12-11,Burger King,Fries,Italian,4,1435.91,Cash,29,2025-09-04,436,Active,1,2025-09-08,Delayed
3691,Female,Teenager,Peshawar,2023-08-29,2024-12-11,Burger King,Fries,Italian,3,1251.92,Card,36,2025-07-20,128,Inactive,1,2025-04-25,Cancelled
3692,Other,Adult,Karachi,2024-10-02,2024-12-11,Pizza Hut,Sandwich,Chinese,4,1074.15,Card,16,2025-07-25,411,Inactive,3,2025-06-21,Cancelled
3693,Other,Teenager,Peshawar,2023-12-22,2024-12-11,McDonald's,Sandwich,Fast Food,1,268.12,Wallet,46,2025-05-22,58,Active,4,2024-04-12,Cancelled
3694,Female,Teenager,Lahore,2024-07-21,2024-12-11,McDonald's,Pasta,Dessert,5,1244.15,Cash,28,2025-04-28,323,Inactive,2,2024-09-23,Delivered
3695,Male,Adult,Islamabad,2024-02-20,2024-12-11,Subway,Pizza,Fast Food,2,1163.14,Wallet,41,2025-03-04,366,Active,4,2025-04-02,Delayed
3696,Male,Teenager,Peshawar,2025-06-08,2024-12-11,KFC,Pizza,Dessert,3,760.32,Wallet,18,2025-02-08,334,Active,1,2024-09-13,Delivered
3697,Female,Adult,Multan,2025-05-27,2024-11-13,Burger King,Pasta,Chinese,4,1064.83,Cash,27,2025-08-14,250,Inactive,5,2025-02-02,Cancelled
3698,Female,Teenager,Karachi,2024-12-13,2024-11-13,KFC,Pasta,Continental,1,783.85,Wallet,11,2025-07-08,333,Inactive,5,2024-01-11,Delivered
3699,Other,Adult,Lahore,2025-06-27,2024-11-13,McDonald's,Sandwich,Chinese,4,1085.58,Wallet,1,2025-11-01,170,Inactive,5,2025-08-03,Cancelled
3700,Female,Senior,Multan,2025-12-05,2024-11-13,Subway,Pasta,Italian,1,136.79,Cash,16,2025-09-03,267,Inactive,4,2025-09-08,Delayed
3701,Female,Senior,Islamabad,2025-01-07,2024-11-13,KFC,Sandwich,Italian,1,333.02,Cash,28,2024-12-18,310,Active,5,2025-04-20,Cancelled
3702,Male,Adult,Islamabad,2023-10-21,2024-11-13,Subway,Fries,Fast Food,4,1273.26,Cash,50,2024-11-17,278,Active,5,2024-11-22,Delayed
3703,Male,Senior,Lahore,2025-02-04,2024-11-13,Subway,Sandwich,Dessert,5,849.62,Card,39,2025-03-25,220,Active,3,2025-08-21,Delayed
3704,Female,Teenager,Peshawar,2025-03-31,2024-11-13,Subway,Pasta,Fast Food,3,724.69,Wallet,46,2025-03-01,112,Inactive,1,2025-01-24,Cancelled
3705,Male,Senior,Karachi,2024-03-02,2024-11-14,Burger King,Fries,Italian,4,1350.06,Cash,5,2025-01-01,350,Active,3,2025-07-26,Delayed
3706,Female,Adult,Lahore,2024-01-10,2024-11-14,Burger King,Pizza,Fast Food,3,803.18,Card,41,2025-02-21,302,Inactive,1,2024-10-22,Delayed
3707,Male,Teenager,Islamabad,2024-11-25,2024-11-14,McDonald's,Pizza,Fast Food,5,1183.7,Card,2,2025-06-27,97,Inactive,2,2025-02-08,Delivered
3708,Male,Adult,Karachi,2025-06-01,2024-11-14,Subway,Pasta,Fast Food,3,718.93,Cash,9,2025-08-08,465,Inactive,2,2024-09-25,Delayed
3709,Other,Teenager,Multan,2023-08-25,2024-11-14,KFC,Burger,Continental,3,1048.74,Card,9,2024-11-26,388,Inactive,3,2024-12-20,Delivered
3710,Other,Adult,Multan,2025-03-08,2024-11-14,Burger King,Pasta,Italian,4,349.62,Cash,6,2024-08-23,278,Active,1,2024-04-11,Delayed
3711,Female,Teenager,Multan,2024-08-13,2024-11-14,Pizza Hut,Fries,Dessert,5,1161.99,Card,35,2025-03-03,311,Inactive,1,2025-03-16,Delivered
3712,Male,Senior,Peshawar,2023-12-12,2024-11-14,Burger King,Pasta,Fast Food,4,1492.65,Wallet,40,2025-05-01,421,Active,4,2025-02-08,Delivered
3713,Other,Teenager,Peshawar,2024-05-24,2024-11-14,KFC,Pizza,Fast Food,3,472.78,Wallet,31,2025-12-06,389,Active,4,2024-10-17,Cancelled
3714,Other,Senior,Multan,2025-04-06,2024-11-14,Pizza Hut,Pasta,Continental,5,1363.7,Wallet,24,2025-11-04,295,Inactive,4,2025-02-13,Delivered
3715,Other,Teenager,Multan,2024-03-01,2024-11-14,Subway,Burger,Fast Food,1,857.54,Card,28,2024-09-23,8,Active,2,2024-09-15,Delayed
3716,Female,Teenager,Islamabad,2025-08-06,2024-11-14,KFC,Pizza,Italian,3,1121.35,Cash,5,2025-04-04,133,Inactive,5,2025-07-19,Cancelled
3717,Female,Teenager,Islamabad,2024-04-30,2024-11-14,Pizza Hut,Sandwich,Chinese,2,591.55,Card,11,2025-06-03,355,Inactive,2,2025-05-27,Delayed
3718,Other,Senior,Karachi,2025-05-02,2024-11-15,KFC,Pizza,Dessert,4,1473.63,Cash,13,2025-06-25,391,Active,3,2024-12-29,Cancelled
3719,Other,Senior,Multan,2023-09-19,2024-11-15,McDonald's,Pasta,Dessert,3,819.64,Card,48,2025-05-04,160,Active,4,2025-01-21,Delivered
3720,Other,Senior,Multan,2024-07-23,2024-11-15,Subway,Fries,Fast Food,4,405.53,Cash,17,2025-09-07,398,Active,3,2024-10-15,Delayed
3721,Male,Adult,Islamabad,2025-02-18,2024-11-15,Pizza Hut,Sandwich,Chinese,4,1241.42,Wallet,45,2025-05-14,28,Active,2,2025-06-17,Cancelled
3722,Male,Adult,Islamabad,2024-07-31,2024-11-15,McDonald's,Burger,Continental,2,549.02,Wallet,37,2025-05-15,453,Inactive,4,2024-09-28,Cancelled
3723,Female,Adult,Peshawar,2024-05-27,2024-11-15,KFC,Pasta,Fast Food,1,812.25,Wallet,3,2025-03-31,41,Active,5,2025-12-02,Delivered
3724,Male,Adult,Islamabad,2024-11-18,2024-11-15,Subway,Pizza,Dessert,2,277.03,Cash,14,2025-01-31,443,Inactive,1,2024-11-13,Delayed
3725,Female,Teenager,Lahore,2024-03-23,2024-11-15,Burger King,Sandwich,Fast Food,5,1438.22,Wallet,19,2025-06-02,472,Inactive,1,2025-04-06,Delayed
3726,Male,Senior,Karachi,2023-02-10,2024-11-16,Pizza Hut,Burger,Dessert,3,1038.27,Card,20,2024-09-12,435,Inactive,2,2024-12-15,Delivered
3727,Male,Teenager,Islamabad,2024-09-19,2024-11-16,KFC,Pizza,Chinese,4,203.09,Wallet,44,2025-04-03,104,Active,4,2025-11-07,Delayed
3728,Male,Adult,Peshawar,2023-11-13,2024-11-16,Subway,Pizza,Continental,3,1286.63,Cash,46,2024-08-21,413,Inactive,1,2025-06-24,Delivered
3729,Male,Senior,Karachi,2024-05-03,2024-11-16,Burger King,Pizza,Dessert,5,348.1,Cash,4,2025-08-01,233,Inactive,2,2025-05-17,Cancelled
3730,Other,Adult,Peshawar,2023-08-27,2024-11-16,Burger King,Sandwich,Chinese,4,291.85,Wallet,22,2025-08-06,167,Active,1,2025-12-07,Delivered
3731,Other,Senior,Karachi,2025-07-13,2024-11-16,McDonald's,Pizza,Fast Food,4,1366.26,Cash,15,2025-06-14,426,Active,1,2025-01-31,Delayed
3732,Other,Adult,Islamabad,2025-05-08,2024-11-16,Subway,Pasta,Chinese,1,1296.47,Cash,37,2024-07-10,381,Inactive,1,2025-06-08,Delivered
3733,Other,Adult,Lahore,2024-11-19,2024-11-16,Subway,Pasta,Continental,4,389.67,Cash,39,2025-04-06,137,Inactive,5,2025-03-27,Delivered
3734,Male,Teenager,Multan,2024-07-09,2024-11-16,Pizza Hut,Pizza,Fast Food,5,180.74,Cash,7,2025-05-07,86,Inactive,3,2024-08-22,Cancelled
3735,Male,Adult,Lahore,2024-04-21,2024-11-16,McDonald's,Pasta,Fast Food,1,1477.18,Card,30,2025-10-01,63,Active,1,2024-12-17,Delayed
3736,Other,Adult,Islamabad,2025-10-05,2024-11-16,Subway,Fries,Dessert,4,299.61,Cash,48,2024-05-12,436,Inactive,2,2025-03-21,Delivered
3737,Female,Senior,Peshawar,2024-08-19,2024-11-17,Burger King,Pizza,Italian,2,1040.99,Card,7,2025-07-13,266,Active,1,2025-03-08,Cancelled
3738,Male,Teenager,Lahore,2025-03-28,2024-11-17,Pizza Hut,Fries,Chinese,1,1064.22,Card,38,2025-02-19,214,Inactive,3,2025-06-27,Cancelled
3739,Male,Teenager,Islamabad,2023-11-18,2024-11-17,KFC,Sandwich,Chinese,4,1279.27,Cash,36,2024-12-18,415,Inactive,1,2025-06-26,Delayed
3740,Male,Senior,Karachi,2024-08-01,2024-11-17,Burger King,Pizza,Italian,5,1001.84,Card,8,2025-06-29,450,Active,1,2024-11-10,Delivered
3741,Male,Teenager,Islamabad,2024-01-19,2024-11-17,McDonald's,Sandwich,Dessert,3,205.69,Wallet,47,2024-04-12,234,Inactive,1,2025-05-21,Delayed
3742,Other,Senior,Multan,2024-04-16,2024-11-17,KFC,Pizza,Dessert,3,140.33,Cash,5,2024-11-30,141,Inactive,5,2025-12-02,Delayed
3743,Male,Adult,Karachi,2025-06-29,2024-11-17,KFC,Fries,Italian,1,814.93,Card,45,2025-07-18,73,Active,4,2025-04-29,Delayed
3744,Female,Teenager,Multan,2023-09-14,2024-11-17,Subway,Pasta,Continental,3,1254.43,Card,8,2025-06-02,174,Inactive,5,2024-02-10,Delayed
3745,Female,Adult,Multan,2025-06-23,2024-11-18,KFC,Sandwich,Fast Food,4,894.49,Cash,43,2025-12-07,392,Active,4,2024-03-10,Delayed
3746,Other,Teenager,Multan,2024-08-26,2024-11-18,Burger King,Pizza,Chinese,5,147.72,Wallet,30,2024-12-12,157,Inactive,1,2024-02-11,Delayed
3747,Other,Senior,Lahore,2024-05-11,2024-11-18,Pizza Hut,Pizza,Chinese,2,351.31,Card,7,2024-12-27,439,Active,2,2024-04-12,Delayed
3748,Male,Teenager,Peshawar,2024-04-14,2024-11-18,Burger King,Pizza,Chinese,1,990.53,Cash,45,2025-11-05,215,Inactive,4,2024-11-22,Cancelled
3749,Male,Adult,Islamabad,2025-06-23,2024-11-18,Subway,Fries,Fast Food,2,1432.71,Wallet,23,2025-07-02,137,Active,4,2024-12-13,Delayed
3750,Male,Adult,Peshawar,2023-12-11,2024-11-18,McDonald's,Sandwich,Fast Food,2,1117.63,Wallet,49,2025-02-24,13,Inactive,3,2024-05-10,Cancelled
3751,Female,Teenager,Peshawar,2024-10-13,2024-11-18,McDonald's,Fries,Chinese,1,1037.69,Card,11,2025-01-14,1,Active,5,2025-09-01,Delayed
3752,Female,Adult,Karachi,2024-12-11,2024-11-18,Pizza Hut,Burger,Fast Food,1,512.75,Card,50,2024-09-16,443,Inactive,4,2025-04-13,Delayed
3753,Male,Teenager,Islamabad,2024-12-05,2024-11-18,Subway,Pasta,Dessert,5,169.76,Card,26,2025-06-24,115,Inactive,5,2025-03-13,Cancelled
3754,Female,Adult,Multan,2024-07-22,2024-11-19,Pizza Hut,Pasta,Fast Food,3,126.22,Wallet,34,2025-06-16,433,Active,4,2024-09-20,Cancelled
3755,Male,Adult,Multan,2024-06-07,2024-11-19,KFC,Pizza,Italian,1,1370.11,Wallet,3,2025-05-16,490,Active,3,2024-02-09,Delayed
3756,Other,Teenager,Islamabad,2024-12-01,2024-11-19,Pizza Hut,Pizza,Chinese,1,684.82,Cash,7,2025-06-19,439,Inactive,4,2024-11-26,Delivered
3757,Other,Senior,Islamabad,2024-09-13,2024-11-19,McDonald's,Pasta,Italian,4,723.37,Card,42,2024-11-12,283,Active,4,2025-01-16,Cancelled
3758,Female,Teenager,Lahore,2023-09-20,2024-11-19,Burger King,Pasta,Italian,2,1200.02,Wallet,10,2024-12-26,163,Active,3,2024-12-31,Delayed
3759,Male,Adult,Islamabad,2023-12-28,2024-11-19,Pizza Hut,Fries,Chinese,3,896.38,Cash,28,2024-10-19,392,Inactive,1,2025-11-02,Delayed
3760,Male,Adult,Karachi,2024-06-19,2024-11-19,Subway,Pizza,Dessert,5,735.35,Wallet,49,2025-01-18,103,Inactive,5,2025-08-17,Cancelled
3761,Male,Senior,Islamabad,2024-07-18,2024-11-20,McDonald's,Burger,Chinese,2,1194.42,Cash,12,2025-06-19,387,Active,3,2025-10-07,Delivered
3762,Other,Senior,Peshawar,2024-10-29,2024-11-20,KFC,Fries,Fast Food,1,1445.68,Card,25,2024-11-22,260,Inactive,1,2025-06-13,Delivered
3763,Other,Senior,Karachi,2025-01-03,2024-11-20,Burger King,Burger,Dessert,2,982.19,Cash,23,2024-11-30,400,Inactive,5,2025-06-14,Cancelled
3764,Male,Senior,Lahore,2025-01-07,2024-11-20,McDonald's,Pasta,Dessert,1,181.84,Card,6,2025-08-15,63,Active,2,2025-11-08,Delayed
3765,Other,Adult,Islamabad,2025-06-04,2024-11-20,Burger King,Fries,Dessert,4,1264.74,Wallet,6,2025-05-21,341,Inactive,4,2025-07-05,Delivered
3766,Other,Senior,Multan,2024-08-30,2024-11-20,Burger King,Burger,Dessert,5,445.2,Wallet,26,2025-05-07,250,Inactive,5,2024-06-12,Delivered
3767,Male,Senior,Multan,2024-11-10,2024-11-20,Subway,Sandwich,Italian,2,329.48,Wallet,26,2025-01-05,417,Inactive,5,2025-03-28,Delayed
3768,Male,Teenager,Peshawar,2024-11-28,2024-11-20,Burger King,Pizza,Italian,3,957.18,Cash,17,2025-07-08,400,Inactive,2,2025-10-04,Delivered
3769,Female,Senior,Lahore,2024-06-07,2024-11-20,Subway,Pizza,Italian,1,932.04,Cash,23,2025-03-26,299,Inactive,2,2024-08-23,Delivered
3770,Other,Adult,Peshawar,2024-12-09,2024-11-20,Subway,Fries,Dessert,1,958.15,Card,28,2025-03-02,195,Active,1,2025-04-02,Cancelled
3771,Female,Teenager,Islamabad,2025-06-27,2024-11-21,Pizza Hut,Pasta,Fast Food,4,293.94,Card,50,2024-10-16,368,Active,1,2025-07-13,Delayed
3772,Male,Adult,Multan,2024-06-22,2024-11-21,Burger King,Sandwich,Dessert,2,289.45,Wallet,48,2025-03-23,290,Inactive,5,2025-09-04,Cancelled
3773,Female,Adult,Multan,2024-02-27,2024-11-21,KFC,Burger,Italian,5,492.96,Wallet,16,2025-01-27,243,Active,2,2025-04-06,Cancelled
3774,Female,Senior,Multan,2025-03-20,2024-11-21,KFC,Burger,Chinese,5,1041.32,Card,24,2024-08-23,468,Inactive,5,2024-01-09,Delayed
3775,Female,Senior,Multan,2024-01-24,2024-11-21,Burger King,Sandwich,Fast Food,5,1097.32,Cash,28,2025-12-07,14,Active,1,2025-05-08,Cancelled
3776,Other,Senior,Multan,2024-03-05,2024-11-21,Subway,Burger,Fast Food,2,524.22,Cash,44,2025-11-03,351,Active,1,2024-10-22,Cancelled
3777,Male,Teenager,Lahore,2025-10-02,2024-11-21,Pizza Hut,Pasta,Italian,4,1330.56,Cash,26,2025-03-16,84,Inactive,1,2024-09-21,Cancelled
3778,Female,Adult,Lahore,2024-10-18,2024-11-21,KFC,Pasta,Dessert,5,122.48,Wallet,48,2024-12-30,343,Inactive,2,2025-03-16,Cancelled
3779,Male,Adult,Peshawar,2024-04-06,2024-11-22,Pizza Hut,Burger,Continental,3,1243.86,Card,7,2024-09-14,42,Inactive,5,2025-05-14,Cancelled
3780,Female,Teenager,Peshawar,2024-08-28,2024-11-22,KFC,Pasta,Chinese,2,1213.45,Card,42,2025-07-13,220,Active,3,2024-11-24,Delayed
3781,Female,Senior,Lahore,2025-04-30,2024-11-22,McDonald's,Pizza,Continental,4,227.75,Cash,41,2025-04-24,270,Active,4,2025-08-03,Cancelled
3782,Male,Senior,Islamabad,2025-08-17,2024-11-22,Pizza Hut,Fries,Italian,5,1033.02,Wallet,39,2024-06-09,194,Active,1,2025-03-02,Delayed
3783,Other,Senior,Islamabad,2024-08-14,2024-11-22,McDonald's,Sandwich,Fast Food,1,1339.7,Card,2,2025-08-01,254,Active,4,2025-04-02,Cancelled
3784,Male,Senior,Karachi,2024-09-11,2024-11-22,Burger King,Burger,Chinese,1,1282.69,Card,32,2025-06-25,98,Inactive,3,2025-02-24,Delayed
3785,Other,Senior,Multan,2024-07-24,2024-11-23,KFC,Pasta,Italian,3,498.08,Cash,49,2024-10-26,7,Inactive,5,2024-02-09,Delivered
3786,Other,Adult,Karachi,2025-05-31,2024-11-23,McDonald's,Sandwich,Fast Food,2,951.13,Card,2,2024-11-09,372,Active,3,2025-01-06,Delivered
3787,Female,Adult,Peshawar,2024-01-10,2024-11-23,Burger King,Sandwich,Chinese,4,475.64,Card,40,2025-05-05,102,Active,4,2025-01-24,Delivered
3788,Male,Senior,Karachi,2025-05-13,2024-11-23,KFC,Burger,Continental,1,973.73,Card,25,2025-04-20,147,Active,1,2025-05-16,Delayed
3789,Other,Teenager,Lahore,2024-08-16,2024-11-23,Subway,Pasta,Dessert,3,228.07,Cash,2,2025-06-01,423,Active,2,2024-12-30,Cancelled
3790,Male,Teenager,Peshawar,2025-03-18,2024-11-23,KFC,Sandwich,Italian,3,848.61,Card,37,2024-10-21,169,Inactive,2,2025-07-22,Delivered
3791,Male,Teenager,Islamabad,2025-04-18,2024-11-23,McDonald's,Pasta,Dessert,3,244.57,Cash,14,2024-09-22,463,Active,1,2025-06-22,Delayed
3792,Female,Senior,Islamabad,2025-05-15,2024-11-23,Pizza Hut,Pizza,Italian,2,1258.48,Card,5,2024-11-30,3,Inactive,2,2025-04-23,Delivered
3793,Male,Teenager,Lahore,2025-05-08,2024-11-24,Subway,Burger,Chinese,3,1316.11,Card,41,2025-01-19,104,Active,5,2025-06-15,Delivered
3794,Other,Adult,Multan,2024-04-12,2024-11-24,Pizza Hut,Pasta,Fast Food,5,1450.74,Wallet,41,2025-09-05,448,Inactive,4,2024-06-12,Delayed
3795,Male,Senior,Lahore,2024-11-22,2024-11-24,Pizza Hut,Pasta,Dessert,4,899.68,Wallet,25,2024-12-20,227,Active,4,2024-12-31,Delivered
3796,Male,Senior,Peshawar,2025-02-02,2024-11-24,Pizza Hut,Pizza,Chinese,1,649.02,Card,37,2024-11-09,179,Active,5,2024-11-24,Cancelled
3797,Male,Senior,Peshawar,2023-04-11,2024-11-24,KFC,Pizza,Italian,3,579.57,Card,13,2024-12-30,451,Inactive,3,2025-07-19,Delayed
3798,Other,Teenager,Karachi,2024-08-11,2024-11-24,Subway,Fries,Fast Food,1,525.89,Cash,35,2025-05-14,224,Inactive,4,2024-09-09,Delayed
3799,Female,Teenager,Multan,2024-05-17,2024-11-24,KFC,Sandwich,Chinese,2,1050.98,Card,32,2025-05-30,175,Active,3,2025-02-27,Delivered
3800,Male,Adult,Karachi,2024-07-02,2024-11-24,Burger King,Pizza,Chinese,5,522.31,Card,17,2025-11-08,188,Inactive,5,2025-08-20,Delivered
3801,Female,Adult,Karachi,2023-08-27,2024-11-24,Subway,Fries,Continental,2,726.74,Wallet,3,2025-04-04,385,Inactive,4,2024-06-11,Delayed
3802,Male,Adult,Multan,2024-05-26,2024-11-24,Pizza Hut,Burger,Fast Food,1,868.17,Card,5,2025-06-02,169,Inactive,4,2025-05-14,Delivered
3803,Other,Teenager,Karachi,2024-12-08,2024-11-24,KFC,Pasta,Dessert,2,179.09,Cash,16,2024-06-09,291,Active,2,2024-11-13,Delivered
3804,Male,Teenager,Karachi,2023-08-25,2024-11-25,Subway,Pasta,Chinese,2,838.32,Cash,44,2024-11-24,170,Inactive,2,2025-08-14,Delayed
3805,Other,Teenager,Karachi,2024-10-14,2024-11-25,McDonald's,Pizza,Dessert,2,220.91,Cash,10,2025-06-25,5,Inactive,4,2024-12-31,Cancelled
3806,Female,Senior,Karachi,2025-06-27,2024-11-25,Burger King,Pizza,Dessert,4,968.41,Wallet,18,2024-08-25,263,Inactive,3,2025-04-08,Cancelled
3807,Male,Adult,Islamabad,2024-05-29,2024-11-25,KFC,Pizza,Chinese,2,1412.68,Wallet,48,2025-07-24,220,Active,5,2025-10-07,Delayed
3808,Male,Teenager,Lahore,2024-12-15,2024-11-25,McDonald's,Burger,Italian,1,490.73,Wallet,18,2024-11-25,485,Inactive,5,2025-07-22,Cancelled
3809,Other,Teenager,Peshawar,2024-11-20,2024-11-25,Pizza Hut,Sandwich,Dessert,5,889.38,Card,36,2025-11-01,85,Inactive,4,2025-04-22,Cancelled
3810,Female,Teenager,Karachi,2025-08-14,2024-11-25,KFC,Pasta,Italian,5,777.72,Card,38,2025-08-18,150,Active,2,2025-06-07,Delayed
3811,Female,Teenager,Islamabad,2023-08-11,2024-11-25,KFC,Fries,Dessert,4,1010.52,Wallet,10,2024-11-09,135,Active,2,2025-04-17,Cancelled
3812,Male,Teenager,Peshawar,2024-06-25,2024-11-26,Subway,Pizza,Italian,3,440.85,Wallet,28,2025-07-13,278,Active,1,2024-12-25,Delivered
3813,Female,Teenager,Karachi,2023-10-13,2024-11-26,KFC,Fries,Chinese,4,1078.46,Card,6,2025-06-05,475,Inactive,5,2025-03-02,Cancelled
3814,Male,Teenager,Karachi,2023-11-09,2024-11-26,Subway,Pizza,Chinese,1,406.4,Card,36,2024-09-20,202,Inactive,3,2025-09-04,Delayed
3815,Male,Adult,Peshawar,2025-05-25,2024-11-26,McDonald's,Sandwich,Chinese,4,530.11,Wallet,50,2025-04-24,220,Active,2,2025-05-21,Cancelled
3816,Male,Adult,Lahore,2025-07-01,2024-11-26,KFC,Pizza,Continental,3,590.16,Cash,43,2025-06-16,135,Active,3,2024-07-11,Delivered
3817,Other,Adult,Karachi,2024-06-13,2024-11-26,Burger King,Pizza,Continental,1,415.59,Card,35,2025-11-03,363,Inactive,3,2025-04-05,Cancelled
3818,Other,Senior,Multan,2025-05-25,2024-11-26,McDonald's,Fries,Italian,2,302.13,Card,23,2024-01-12,122,Active,2,2025-03-23,Delivered
3819,Female,Teenager,Karachi,2024-01-25,2024-11-27,Subway,Fries,Continental,2,802.35,Card,50,2024-05-11,430,Inactive,5,2024-10-16,Delivered
3820,Male,Senior,Peshawar,2024-05-18,2024-11-27,Subway,Sandwich,Continental,1,179.6,Wallet,19,2024-09-20,416,Active,2,2025-07-15,Cancelled
3821,Other,Senior,Lahore,2025-06-14,2024-11-27,Pizza Hut,Pasta,Continental,2,440.33,Cash,44,2024-09-14,107,Active,3,2025-01-07,Delayed
3822,Other,Teenager,Islamabad,2023-06-12,2024-11-27,Burger King,Pasta,Fast Food,5,942.59,Card,42,2025-01-03,457,Inactive,3,2025-09-03,Delayed
3823,Female,Adult,Karachi,2024-12-03,2024-11-27,Pizza Hut,Fries,Dessert,5,1080.45,Wallet,47,2024-09-27,132,Active,2,2024-11-16,Cancelled
3824,Male,Adult,Islamabad,2024-03-19,2024-11-27,Burger King,Pizza,Dessert,4,186.49,Wallet,24,2024-12-15,293,Inactive,2,2024-08-25,Delayed
3825,Female,Teenager,Lahore,2024-09-22,2024-11-28,Pizza Hut,Pizza,Chinese,3,1276.64,Cash,34,2025-03-19,421,Active,3,2025-10-01,Delivered
3826,Other,Teenager,Karachi,2024-04-02,2024-11-28,KFC,Sandwich,Chinese,2,730.95,Wallet,39,2025-02-19,180,Active,1,2025-01-06,Delayed
3827,Other,Adult,Karachi,2025-06-29,2024-11-28,McDonald's,Pasta,Fast Food,1,1179.22,Cash,38,2025-04-01,116,Active,4,2024-09-25,Delivered
3828,Female,Adult,Peshawar,2023-11-24,2024-11-28,McDonald's,Pizza,Chinese,4,1006.48,Wallet,9,2025-07-07,486,Active,5,2024-09-22,Delayed
3829,Male,Adult,Peshawar,2023-09-15,2024-11-28,KFC,Sandwich,Dessert,1,1298.99,Cash,41,2025-01-01,121,Inactive,3,2025-03-31,Cancelled
3830,Other,Teenager,Multan,2025-02-18,2024-11-28,McDonald's,Fries,Chinese,3,1176.35,Wallet,16,2025-01-03,107,Active,2,2025-04-07,Cancelled
3831,Male,Teenager,Karachi,2024-11-28,2024-11-28,Pizza Hut,Sandwich,Continental,3,555.44,Cash,29,2025-05-20,13,Inactive,4,2024-12-18,Cancelled
3832,Female,Teenager,Islamabad,2023-08-23,2024-11-28,Burger King,Burger,Continental,1,230.9,Cash,26,2025-06-21,456,Inactive,2,2025-04-22,Delivered
3833,Male,Adult,Karachi,2023-10-09,2024-11-28,Pizza Hut,Fries,Italian,5,967.5,Card,1,2024-09-30,469,Active,1,2024-08-21,Delayed
3834,Male,Adult,Peshawar,2024-12-11,2024-11-28,McDonald's,Sandwich,Fast Food,2,1408.57,Wallet,11,2025-11-01,442,Inactive,5,2025-02-15,Delivered
3835,Other,Adult,Karachi,2023-09-30,2024-11-29,KFC,Pizza,Dessert,4,110.77,Card,18,2025-11-08,370,Active,1,2024-10-20,Delayed
3836,Male,Teenager,Multan,2025-02-18,2024-11-29,McDonald's,Burger,Dessert,5,847.57,Cash,48,2025-06-26,71,Inactive,2,2025-03-18,Cancelled
3837,Female,Teenager,Multan,2023-09-15,2024-11-29,Pizza Hut,Pasta,Dessert,2,398.9,Card,46,2025-07-07,181,Inactive,5,2025-05-15,Cancelled
3838,Male,Senior,Multan,2025-05-23,2024-11-29,Burger King,Fries,Italian,4,1324.72,Cash,32,2025-10-08,298,Active,5,2025-06-25,Cancelled
3839,Other,Adult,Multan,2024-08-25,2024-11-29,McDonald's,Pasta,Italian,5,310.1,Cash,45,2025-03-05,352,Inactive,3,2025-07-14,Delivered
3840,Other,Teenager,Karachi,2025-03-14,2024-11-29,McDonald's,Pasta,Chinese,3,330.17,Cash,37,2025-01-01,121,Active,2,2024-10-18,Delivered
3841,Male,Adult,Islamabad,2024-08-29,2024-11-29,Pizza Hut,Pasta,Chinese,3,200.9,Cash,22,2025-07-07,116,Active,3,2024-09-19,Delivered
3842,Male,Adult,Peshawar,2024-01-04,2024-11-30,Pizza Hut,Pizza,Dessert,4,1362.98,Cash,25,2025-08-13,65,Active,3,2025-01-16,Delayed
3843,Female,Senior,Islamabad,2024-08-11,2024-11-30,Burger King,Fries,Continental,5,116.33,Wallet,25,2025-06-08,383,Inactive,2,2025-08-14,Cancelled
3844,Female,Adult,Islamabad,2025-04-05,2024-11-30,McDonald's,Sandwich,Italian,5,1438.65,Card,29,2024-08-29,255,Active,4,2024-12-09,Delivered
3845,Other,Senior,Peshawar,2025-12-06,2024-11-30,Burger King,Pasta,Fast Food,5,186.09,Wallet,15,2025-03-02,308,Inactive,4,2024-02-12,Delayed
3846,Female,Teenager,Islamabad,2025-08-05,2024-11-30,Subway,Fries,Chinese,2,417.65,Wallet,43,2025-09-07,286,Inactive,1,2025-09-02,Cancelled
3847,Female,Teenager,Karachi,2024-09-18,2024-11-30,KFC,Sandwich,Dessert,5,1231.59,Cash,27,2025-04-21,130,Inactive,5,2025-07-16,Delivered
3848,Female,Adult,Peshawar,2024-08-08,2024-11-30,Burger King,Pizza,Continental,3,824.45,Wallet,1,2025-04-21,252,Active,5,2025-01-18,Cancelled
3849,Other,Adult,Lahore,2025-06-27,2024-11-30,Subway,Fries,Dessert,2,794.81,Card,44,2025-09-02,122,Active,4,2025-03-25,Cancelled
3850,Male,Senior,Karachi,2024-02-09,2024-11-30,KFC,Pizza,Chinese,5,241.62,Card,35,2024-01-11,111,Inactive,2,2025-01-04,Delivered
3851,Female,Teenager,Islamabad,2024-02-14,2024-11-30,KFC,Sandwich,Dessert,2,428.87,Card,31,2025-06-24,58,Inactive,1,2024-11-16,Cancelled
3852,Other,Senior,Islamabad,2025-01-08,2024-11-30,McDonald's,Fries,Fast Food,5,105.49,Wallet,25,2024-11-14,162,Active,1,2024-11-10,Delivered
3853,Male,Senior,Lahore,2023-02-09,2024-11-30,McDonald's,Sandwich,Fast Food,3,155.05,Card,39,2024-08-24,465,Inactive,5,2024-12-20,Delayed
3854,Female,Senior,Lahore,2024-04-03,2024-01-12,Pizza Hut,Pasta,Chinese,3,636.54,Wallet,34,2025-07-01,350,Active,4,2025-10-05,Delivered
3855,Other,Senior,Islamabad,2024-04-19,2024-01-12,KFC,Pasta,Dessert,2,925.66,Cash,12,2024-10-10,139,Inactive,3,2024-10-19,Delayed
3856,Female,Adult,Lahore,2024-11-19,2024-01-12,McDonald's,Burger,Continental,3,1302.66,Cash,8,2025-01-18,252,Active,4,2025-01-20,Delayed
3857,Female,Senior,Peshawar,2024-03-16,2024-01-12,Subway,Burger,Continental,4,278.33,Wallet,34,2025-11-05,94,Active,1,2024-05-11,Delivered
3858,Male,Teenager,Karachi,2024-01-31,2024-01-12,Burger King,Pizza,Continental,1,1355.24,Card,39,2025-06-19,377,Active,5,2024-10-31,Delivered
3859,Female,Senior,Lahore,2025-05-15,2024-02-12,Pizza Hut,Pizza,Chinese,1,809.79,Cash,1,2024-10-12,273,Inactive,3,2024-12-24,Cancelled
3860,Male,Teenager,Peshawar,2024-11-25,2024-02-12,Pizza Hut,Pasta,Continental,1,303.5,Cash,17,2025-06-23,226,Active,1,2024-09-17,Delivered
3861,Male,Senior,Multan,2025-03-29,2024-02-12,Subway,Fries,Italian,2,268.89,Card,12,2024-08-21,247,Active,2,2024-10-31,Delivered
3862,Male,Adult,Islamabad,2024-12-07,2024-02-12,Burger King,Fries,Italian,3,1292.29,Cash,42,2025-05-30,226,Inactive,5,2025-01-17,Delivered
3863,Other,Adult,Multan,2024-07-30,2024-02-12,Pizza Hut,Sandwich,Italian,1,596.37,Cash,14,2024-11-24,485,Inactive,2,2024-07-12,Delayed
3864,Other,Senior,Peshawar,2024-04-27,2024-02-12,McDonald's,Burger,Dessert,1,1160.73,Card,21,2025-08-18,494,Inactive,4,2024-01-12,Delayed
3865,Female,Adult,Multan,2024-07-21,2024-02-12,KFC,Burger,Dessert,2,997.28,Card,26,2024-12-16,176,Active,1,2025-11-05,Delivered
3866,Male,Teenager,Multan,2024-03-24,2024-02-12,Pizza Hut,Pizza,Chinese,1,1232.45,Wallet,12,2025-07-19,285,Inactive,5,2024-12-16,Cancelled
3867,Female,Adult,Islamabad,2025-02-08,2024-02-12,Burger King,Pizza,Chinese,4,1472.53,Card,1,2025-07-06,266,Active,3,2024-10-29,Delayed
3868,Other,Senior,Peshawar,2023-07-09,2024-03-12,Subway,Burger,Fast Food,4,1498.99,Card,17,2025-07-20,307,Active,5,2025-08-05,Delayed
3869,Male,Teenager,Multan,2025-06-04,2024-03-12,McDonald's,Burger,Italian,2,1156.48,Cash,15,2025-03-30,374,Inactive,4,2024-12-18,Delayed
3870,Male,Teenager,Lahore,2024-11-04,2024-03-12,Subway,Burger,Continental,4,966.96,Card,11,2024-09-21,360,Inactive,4,2025-07-21,Cancelled
3871,Male,Teenager,Karachi,2023-09-14,2024-03-12,KFC,Pizza,Continental,5,1463.8,Card,35,2025-12-05,290,Inactive,3,2024-10-20,Delayed
3872,Female,Senior,Karachi,2024-02-03,2024-03-12,KFC,Pizza,Continental,4,410.46,Wallet,10,2025-04-24,131,Inactive,5,2025-07-24,Cancelled
3873,Male,Adult,Lahore,2025-06-07,2024-03-12,McDonald's,Pasta,Chinese,1,399.13,Cash,12,2025-01-22,150,Inactive,2,2024-11-28,Delivered
3874,Female,Teenager,Karachi,2024-05-13,2024-03-12,Subway,Sandwich,Italian,3,1213.06,Card,25,2025-08-20,140,Inactive,3,2024-12-15,Delayed
3875,Male,Senior,Karachi,2024-02-28,2024-04-12,KFC,Pizza,Dessert,1,496.14,Card,8,2025-04-14,59,Active,1,2025-07-22,Delayed
3876,Male,Teenager,Islamabad,2025-06-29,2024-04-12,Subway,Pizza,Italian,4,667.42,Cash,36,2024-04-12,351,Active,1,2024-12-17,Delivered
3877,Other,Senior,Lahore,2024-02-03,2024-04-12,KFC,Burger,Chinese,5,1261.11,Wallet,45,2024-10-28,324,Active,1,2025-02-25,Delayed
3878,Male,Adult,Karachi,2024-12-14,2024-04-12,Subway,Pizza,Italian,4,532.24,Card,32,2025-04-03,264,Active,3,2025-12-06,Delivered
3879,Other,Adult,Islamabad,2023-08-10,2024-04-12,Subway,Burger,Fast Food,2,1073.14,Cash,21,2025-03-14,497,Active,3,2024-09-11,Delayed
3880,Male,Adult,Peshawar,2025-05-13,2024-04-12,Subway,Fries,Chinese,5,1210.42,Card,30,2025-08-04,206,Inactive,5,2024-10-21,Delayed
3881,Male,Senior,Multan,2023-01-12,2024-04-12,Burger King,Pasta,Italian,3,213.01,Cash,7,2025-07-16,384,Inactive,5,2024-12-26,Delivered
3882,Other,Adult,Karachi,2025-05-03,2024-05-12,KFC,Sandwich,Italian,1,1156.35,Wallet,8,2024-10-24,380,Inactive,5,2024-10-26,Delayed
3883,Female,Teenager,Lahore,2023-11-09,2024-05-12,Subway,Burger,Fast Food,5,273.97,Card,31,2025-11-06,43,Active,3,2025-05-31,Delayed
3884,Female,Senior,Peshawar,2024-02-09,2024-05-12,KFC,Fries,Dessert,3,897.8,Cash,46,2024-08-24,478,Active,5,2024-02-10,Delayed
3885,Female,Adult,Karachi,2025-04-28,2024-05-12,KFC,Pasta,Continental,1,1305.69,Wallet,46,2025-03-22,389,Inactive,1,2024-08-30,Delivered
3886,Male,Senior,Karachi,2024-12-11,2024-05-12,Subway,Burger,Dessert,4,776.97,Wallet,50,2025-02-26,498,Active,4,2024-08-22,Delivered
3887,Female,Teenager,Karachi,2024-08-21,2024-06-12,Burger King,Fries,Dessert,4,1394.75,Card,45,2025-04-29,444,Active,3,2025-06-26,Delayed
3888,Other,Adult,Islamabad,2024-03-10,2024-06-12,Pizza Hut,Pizza,Chinese,1,1228.93,Wallet,47,2025-05-25,285,Active,4,2024-11-19,Cancelled
3889,Other,Senior,Lahore,2024-12-19,2024-06-12,Subway,Sandwich,Chinese,4,750.19,Wallet,46,2024-09-29,314,Inactive,4,2024-04-11,Delayed
3890,Other,Teenager,Islamabad,2024-04-29,2024-06-12,KFC,Sandwich,Italian,3,1351.9,Cash,47,2024-09-30,320,Active,4,2025-04-07,Delivered
3891,Other,Adult,Peshawar,2024-02-24,2024-06-12,Pizza Hut,Sandwich,Continental,4,325.51,Card,32,2025-08-15,395,Active,5,2024-10-28,Delivered
3892,Male,Adult,Multan,2024-12-26,2024-06-12,KFC,Pizza,Fast Food,1,861.48,Wallet,12,2024-10-28,84,Inactive,2,2025-03-04,Delivered
3893,Male,Teenager,Multan,2025-04-14,2024-06-12,Pizza Hut,Burger,Fast Food,5,514.24,Cash,5,2025-07-17,272,Active,1,2025-06-01,Delivered
3894,Other,Teenager,Lahore,2025-04-08,2024-07-12,Subway,Pizza,Italian,5,916.03,Cash,50,2025-02-21,58,Inactive,5,2025-05-27,Delivered
3895,Male,Adult,Lahore,2023-11-19,2024-07-12,Pizza Hut,Burger,Chinese,4,1102.32,Cash,27,2024-10-17,112,Active,3,2025-02-05,Cancelled
3896,Other,Teenager,Lahore,2023-12-27,2024-07-12,Burger King,Fries,Continental,4,1467.33,Card,22,2025-06-02,483,Inactive,4,2025-03-31,Cancelled
3897,Female,Teenager,Multan,2024-04-16,2024-07-12,Burger King,Fries,Fast Food,2,554.07,Cash,4,2025-07-25,242,Active,3,2024-12-10,Cancelled
3898,Female,Senior,Islamabad,2024-09-28,2024-07-12,McDonald's,Pizza,Chinese,2,288.54,Card,17,2025-03-15,183,Inactive,2,2025-05-20,Cancelled
3899,Male,Senior,Islamabad,2025-03-19,2024-07-12,McDonald's,Fries,Fast Food,5,754.32,Card,25,2025-02-19,273,Active,2,2025-01-13,Cancelled
3900,Female,Teenager,Lahore,2025-07-07,2024-07-12,KFC,Pasta,Continental,5,387.26,Card,48,2025-01-06,415,Active,3,2025-02-18,Delayed
3901,Female,Senior,Lahore,2024-02-17,2024-08-12,McDonald's,Pizza,Italian,3,252.33,Wallet,42,2025-01-28,50,Inactive,3,2025-08-13,Delivered
3902,Male,Senior,Karachi,2024-05-25,2024-08-12,Pizza Hut,Pizza,Fast Food,3,1309.52,Card,40,2025-08-02,61,Active,1,2024-11-15,Cancelled
3903,Other,Adult,Lahore,2025-01-01,2024-08-12,Pizza Hut,Pasta,Continental,4,344.17,Wallet,24,2025-06-17,5,Inactive,3,2025-04-08,Delayed
3904,Other,Adult,Multan,2024-09-16,2024-09-12,Subway,Pasta,Chinese,1,464.51,Card,49,2024-10-19,32,Inactive,5,2025-05-15,Delivered
3905,Male,Adult,Multan,2024-02-04,2024-09-12,Burger King,Sandwich,Italian,5,458.21,Wallet,14,2024-06-10,325,Active,3,2025-02-13,Delivered
3906,Male,Teenager,Multan,2025-01-17,2024-09-12,Subway,Fries,Continental,4,1252.65,Cash,18,2024-08-21,109,Active,5,2025-04-16,Delayed
3907,Male,Teenager,Lahore,2025-03-29,2024-09-12,Pizza Hut,Pizza,Fast Food,3,1425.05,Cash,29,2025-06-07,302,Active,1,2024-10-17,Delivered
3908,Female,Senior,Lahore,2023-10-11,2024-09-12,Pizza Hut,Pasta,Fast Food,1,374.06,Wallet,38,2024-07-09,269,Active,2,2025-03-22,Cancelled
3909,Female,Adult,Peshawar,2024-03-16,2024-09-12,Burger King,Pizza,Chinese,4,915.05,Cash,41,2024-11-30,43,Inactive,5,2025-01-04,Cancelled
3910,Male,Senior,Islamabad,2023-09-20,2024-09-12,KFC,Pasta,Continental,2,399.48,Cash,34,2024-09-12,8,Active,1,2024-04-12,Delivered
3911,Male,Adult,Karachi,2025-09-01,2024-09-12,Subway,Pasta,Chinese,2,340.71,Card,32,2024-10-18,203,Active,3,2025-09-05,Cancelled
3912,Male,Teenager,Islamabad,2024-05-02,2024-09-12,Pizza Hut,Pizza,Continental,4,771.85,Card,47,2025-07-28,4,Active,2,2025-07-03,Cancelled
3913,Male,Senior,Peshawar,2023-02-11,2024-09-12,McDonald's,Pizza,Italian,5,368.79,Cash,48,2024-05-12,416,Active,1,2025-02-24,Delivered
3914,Other,Adult,Lahore,2025-03-04,2024-09-12,McDonald's,Pizza,Chinese,3,845.0,Wallet,42,2025-07-26,381,Active,5,2024-09-30,Cancelled
3915,Female,Adult,Islamabad,2024-02-26,2024-09-12,Subway,Sandwich,Italian,5,584.62,Card,49,2024-10-13,95,Active,2,2025-10-06,Delayed
3916,Male,Adult,Lahore,2024-07-14,2024-10-12,KFC,Pasta,Chinese,3,118.44,Wallet,6,2024-09-14,461,Inactive,1,2025-04-24,Delivered
3917,Male,Senior,Peshawar,2025-02-06,2024-10-12,McDonald's,Pizza,Continental,3,755.84,Card,48,2025-02-14,305,Active,3,2024-03-09,Cancelled
3918,Male,Senior,Multan,2024-04-01,2024-10-12,Burger King,Sandwich,Chinese,5,802.75,Cash,21,2025-01-23,429,Active,1,2024-10-24,Delivered
3919,Male,Teenager,Islamabad,2025-05-21,2024-10-12,KFC,Fries,Italian,2,609.76,Card,39,2025-03-14,34,Inactive,4,2024-08-21,Cancelled
3920,Male,Senior,Multan,2024-02-06,2024-10-12,Subway,Pasta,Dessert,2,108.36,Cash,11,2025-03-28,141,Active,3,2024-09-20,Delivered
3921,Female,Adult,Multan,2024-08-31,2024-10-12,Pizza Hut,Sandwich,Chinese,5,1371.51,Card,43,2024-08-09,194,Active,1,2025-01-28,Delayed
3922,Other,Senior,Peshawar,2025-02-23,2024-10-12,Burger King,Burger,Italian,1,350.03,Cash,13,2024-08-29,398,Active,2,2025-03-25,Delivered
3923,Male,Senior,Multan,2023-07-12,2024-10-12,McDonald's,Sandwich,Italian,1,1358.81,Cash,34,2025-03-19,113,Inactive,4,2024-10-29,Delayed
3924,Female,Teenager,Karachi,2024-10-18,2024-10-12,McDonald's,Fries,Chinese,3,1164.62,Wallet,2,2024-12-09,425,Inactive,1,2025-07-29,Cancelled
3925,Female,Senior,Peshawar,2025-01-14,2024-10-12,McDonald's,Sandwich,Continental,4,1194.79,Card,21,2024-10-13,313,Active,5,2024-12-29,Delivered
3926,Other,Teenager,Islamabad,2024-09-22,2024-10-12,Burger King,Pasta,Italian,5,305.79,Card,6,2025-05-03,414,Active,4,2024-12-21,Delivered
3927,Male,Teenager,Multan,2024-08-04,2024-11-12,Subway,Pasta,Fast Food,2,1280.51,Cash,30,2025-06-19,373,Active,5,2024-03-10,Cancelled
3928,Male,Adult,Karachi,2024-10-08,2024-11-12,McDonald's,Fries,Italian,5,117.4,Card,32,2024-09-21,278,Active,5,2025-06-16,Delivered
3929,Female,Senior,Islamabad,2023-11-20,2024-11-12,Subway,Fries,Chinese,1,628.78,Cash,3,2025-04-05,404,Inactive,4,2025-09-08,Delayed
3930,Other,Senior,Islamabad,2024-08-15,2024-12-12,McDonald's,Fries,Chinese,3,177.31,Wallet,26,2024-08-22,120,Inactive,4,2025-02-20,Delivered
3931,Male,Adult,Islamabad,2025-02-19,2024-12-12,Burger King,Fries,Chinese,5,1402.21,Card,46,2025-05-02,172,Active,3,2025-04-13,Cancelled
3932,Other,Senior,Multan,2023-11-30,2024-12-12,Subway,Pizza,Italian,2,463.5,Cash,4,2025-09-01,377,Inactive,1,2025-04-16,Cancelled
3933,Other,Senior,Lahore,2023-11-14,2024-12-12,KFC,Fries,Fast Food,3,1351.4,Card,23,2024-12-25,62,Inactive,3,2025-03-23,Delivered
3934,Male,Teenager,Peshawar,2024-01-04,2024-12-12,McDonald's,Pasta,Chinese,3,1110.2,Wallet,9,2025-01-27,165,Active,1,2024-10-30,Delayed
3935,Female,Teenager,Lahore,2024-12-19,2024-12-12,Burger King,Pizza,Italian,3,1363.45,Card,39,2024-08-21,427,Inactive,5,2025-08-08,Delayed
3936,Other,Teenager,Lahore,2024-02-21,2024-12-12,McDonald's,Sandwich,Fast Food,2,265.32,Card,26,2024-11-11,489,Inactive,5,2025-02-03,Delayed
3937,Male,Senior,Karachi,2023-10-18,2024-12-13,Burger King,Pasta,Fast Food,3,831.01,Card,5,2025-03-14,204,Inactive,5,2024-08-22,Cancelled
3938,Female,Senior,Peshawar,2024-03-12,2024-12-13,KFC,Pizza,Dessert,2,286.63,Cash,45,2025-01-05,239,Inactive,4,2025-07-24,Delayed
3939,Female,Adult,Peshawar,2025-08-15,2024-12-13,KFC,Pasta,Fast Food,3,312.05,Cash,37,2025-12-02,99,Inactive,4,2025-04-06,Delivered
3940,Male,Teenager,Peshawar,2024-01-24,2024-12-13,Subway,Pizza,Italian,4,1251.89,Wallet,34,2025-01-24,37,Active,5,2024-08-25,Cancelled
3941,Other,Teenager,Lahore,2025-02-28,2024-12-13,Burger King,Pizza,Italian,1,628.89,Card,2,2025-06-16,29,Inactive,3,2025-07-13,Delayed
3942,Female,Teenager,Multan,2024-10-22,2024-12-13,McDonald's,Pizza,Chinese,3,125.64,Cash,6,2024-10-29,216,Active,1,2025-01-16,Delayed
3943,Other,Senior,Peshawar,2025-07-29,2024-12-13,KFC,Pasta,Continental,5,515.36,Wallet,7,2025-05-30,351,Active,2,2025-04-03,Cancelled
3944,Female,Adult,Islamabad,2024-02-18,2024-12-13,Burger King,Pizza,Fast Food,1,411.33,Cash,40,2025-02-27,397,Inactive,2,2024-11-18,Cancelled
3945,Female,Senior,Multan,2025-09-06,2024-12-13,Subway,Pizza,Fast Food,5,801.8,Wallet,42,2025-07-18,27,Active,1,2025-06-13,Delivered
3946,Female,Teenager,Lahore,2024-12-21,2024-12-14,Subway,Sandwich,Chinese,4,735.36,Cash,33,2024-08-29,463,Inactive,4,2024-09-29,Delivered
3947,Other,Teenager,Islamabad,2024-09-03,2024-12-14,Burger King,Fries,Chinese,5,613.37,Wallet,22,2025-05-17,234,Active,3,2024-09-20,Cancelled
3948,Other,Teenager,Karachi,2025-06-17,2024-12-14,KFC,Pasta,Fast Food,2,1393.42,Cash,33,2024-07-10,311,Inactive,1,2024-09-15,Delayed
3949,Female,Adult,Islamabad,2025-07-21,2024-12-14,McDonald's,Pasta,Italian,4,1251.02,Card,28,2024-12-12,227,Active,1,2025-03-24,Cancelled
3950,Female,Teenager,Islamabad,2024-01-21,2024-12-14,KFC,Pizza,Italian,1,1427.28,Card,50,2025-06-29,112,Active,1,2025-04-22,Delivered
3951,Female,Adult,Karachi,2023-10-21,2024-12-14,Burger King,Fries,Continental,2,544.11,Cash,24,2024-12-14,353,Inactive,4,2024-12-12,Delayed
3952,Female,Senior,Karachi,2023-10-22,2024-12-15,KFC,Pizza,Italian,5,221.48,Card,18,2024-10-30,354,Active,4,2024-09-10,Delivered
3953,Other,Adult,Islamabad,2024-03-03,2024-12-15,Subway,Sandwich,Chinese,2,480.81,Wallet,3,2025-05-13,43,Active,3,2025-08-02,Cancelled
3954,Male,Senior,Multan,2023-08-11,2024-12-15,Pizza Hut,Sandwich,Italian,5,461.78,Wallet,31,2025-05-26,333,Inactive,2,2025-09-06,Delayed
3955,Female,Teenager,Peshawar,2024-08-20,2024-12-15,McDonald's,Pasta,Fast Food,4,773.36,Cash,4,2024-09-15,499,Active,4,2025-01-28,Cancelled
3956,Male,Teenager,Karachi,2023-12-17,2024-12-15,KFC,Sandwich,Chinese,4,946.6,Cash,28,2025-03-16,301,Inactive,4,2025-03-03,Delivered
3957,Male,Adult,Peshawar,2025-09-08,2024-12-15,Subway,Pizza,Italian,2,1326.49,Card,32,2025-07-13,476,Inactive,3,2025-04-13,Cancelled
3958,Female,Adult,Multan,2025-05-29,2024-12-15,McDonald's,Fries,Fast Food,2,443.87,Card,3,2025-02-24,302,Active,3,2025-11-08,Cancelled
3959,Other,Teenager,Peshawar,2023-10-18,2024-12-15,McDonald's,Pizza,Fast Food,3,616.99,Card,13,2024-10-25,236,Active,4,2025-07-20,Cancelled
3960,Male,Teenager,Multan,2023-06-09,2024-12-16,McDonald's,Burger,Italian,4,837.89,Cash,34,2024-09-13,275,Inactive,3,2025-02-21,Delayed
3961,Male,Adult,Multan,2024-05-19,2024-12-16,Subway,Burger,Fast Food,4,861.44,Cash,5,2024-09-13,245,Active,1,2024-10-28,Delivered
3962,Other,Adult,Lahore,2025-09-02,2024-12-16,Pizza Hut,Pasta,Fast Food,5,1237.16,Wallet,7,2024-08-11,79,Inactive,2,2024-09-25,Cancelled
3963,Male,Teenager,Lahore,2025-05-05,2024-12-16,Subway,Pizza,Chinese,1,571.64,Cash,37,2024-12-15,304,Active,4,2025-12-01,Cancelled
3964,Female,Teenager,Multan,2025-09-07,2024-12-16,Pizza Hut,Pasta,Dessert,3,632.18,Cash,31,2025-07-03,497,Inactive,4,2025-01-15,Delayed
3965,Other,Teenager,Lahore,2024-10-15,2024-12-16,Burger King,Pasta,Chinese,4,1488.93,Cash,45,2024-10-20,461,Active,3,2025-05-14,Cancelled
3966,Other,Teenager,Multan,2024-07-31,2024-12-16,Burger King,Burger,Fast Food,2,228.4,Wallet,39,2025-11-08,196,Inactive,3,2025-07-17,Delayed
3967,Female,Senior,Peshawar,2025-10-06,2024-12-17,Subway,Sandwich,Continental,5,964.53,Card,38,2025-01-17,280,Inactive,4,2024-07-11,Delayed
3968,Female,Adult,Peshawar,2025-11-04,2024-12-17,Pizza Hut,Pasta,Continental,1,1310.78,Card,50,2025-10-07,148,Inactive,5,2025-11-08,Cancelled
3969,Male,Senior,Peshawar,2023-10-25,2024-12-17,Pizza Hut,Sandwich,Chinese,3,212.07,Cash,14,2025-08-13,237,Inactive,2,2025-12-02,Delayed
3970,Male,Teenager,Islamabad,2024-01-25,2024-12-17,Pizza Hut,Fries,Chinese,2,154.04,Card,49,2024-07-11,58,Active,4,2024-11-26,Delayed
3971,Female,Teenager,Peshawar,2025-01-30,2024-12-18,Pizza Hut,Sandwich,Fast Food,3,923.52,Wallet,9,2025-05-22,95,Active,2,2025-02-08,Delivered
3972,Female,Adult,Lahore,2023-10-11,2024-12-18,Pizza Hut,Pasta,Chinese,5,1101.28,Wallet,24,2025-07-27,355,Inactive,3,2024-08-25,Delivered
3973,Male,Adult,Multan,2024-05-22,2024-12-18,Subway,Burger,Italian,4,568.33,Wallet,18,2024-10-12,21,Active,3,2024-09-24,Cancelled
3974,Other,Senior,Islamabad,2023-09-10,2024-12-18,KFC,Fries,Fast Food,1,1323.48,Card,41,2025-08-04,65,Active,4,2024-07-10,Cancelled
3975,Female,Senior,Lahore,2024-09-30,2024-12-18,McDonald's,Sandwich,Italian,5,270.04,Card,17,2024-12-20,352,Active,1,2025-11-05,Delivered
3976,Female,Adult,Lahore,2025-08-07,2024-12-18,KFC,Fries,Continental,2,964.05,Wallet,45,2025-04-28,213,Inactive,5,2025-12-08,Cancelled
3977,Female,Adult,Lahore,2024-12-04,2024-12-18,KFC,Pasta,Chinese,1,1093.13,Wallet,36,2024-08-28,16,Inactive,1,2024-12-14,Delivered
3978,Other,Adult,Lahore,2025-11-01,2024-12-18,Burger King,Sandwich,Chinese,1,1486.2,Wallet,8,2025-03-08,96,Active,5,2025-09-01,Delayed
3979,Female,Teenager,Peshawar,2025-12-03,2024-12-19,Burger King,Pizza,Chinese,4,1060.01,Wallet,6,2025-11-01,73,Active,5,2025-01-22,Cancelled
3980,Male,Adult,Lahore,2023-03-09,2024-12-19,Pizza Hut,Pasta,Chinese,5,1096.76,Wallet,20,2025-09-08,192,Inactive,5,2024-08-24,Cancelled
3981,Female,Teenager,Karachi,2023-09-16,2024-12-19,Pizza Hut,Pasta,Dessert,2,1011.91,Wallet,40,2024-11-24,45,Active,2,2025-03-05,Cancelled
3982,Female,Senior,Islamabad,2024-02-01,2024-12-19,Pizza Hut,Pasta,Fast Food,4,1368.99,Wallet,24,2025-08-19,182,Inactive,2,2024-10-24,Delivered
3983,Female,Adult,Islamabad,2024-10-04,2024-12-19,KFC,Pizza,Italian,2,993.55,Wallet,24,2025-06-18,302,Inactive,1,2024-08-25,Cancelled
3984,Female,Adult,Multan,2024-05-01,2024-12-19,KFC,Burger,Continental,2,1401.99,Cash,29,2025-06-08,110,Active,3,2025-03-13,Delayed
3985,Female,Teenager,Peshawar,2025-02-27,2024-12-19,Subway,Pasta,Italian,5,1209.66,Wallet,25,2025-03-24,445,Active,5,2024-11-30,Delayed
3986,Other,Senior,Peshawar,2024-02-18,2024-12-20,KFC,Burger,Italian,4,541.53,Cash,9,2024-09-15,19,Inactive,2,2025-10-08,Delayed
3987,Female,Senior,Lahore,2025-06-21,2024-12-20,Pizza Hut,Sandwich,Dessert,4,479.83,Wallet,8,2025-06-17,286,Active,2,2024-09-25,Cancelled
3988,Female,Senior,Karachi,2023-11-20,2024-12-20,KFC,Pasta,Italian,5,1153.27,Cash,39,2025-05-14,346,Inactive,3,2024-01-09,Delivered
3989,Female,Senior,Multan,2025-07-24,2024-12-20,Burger King,Burger,Italian,4,978.12,Wallet,5,2025-02-01,274,Inactive,5,2025-12-04,Delayed
3990,Male,Senior,Lahore,2023-11-26,2024-12-20,McDonald's,Fries,Chinese,1,495.45,Card,49,2025-07-28,491,Active,1,2024-10-14,Delayed
3991,Other,Teenager,Peshawar,2024-12-19,2024-12-20,Pizza Hut,Sandwich,Chinese,5,1435.95,Cash,8,2025-04-05,180,Inactive,2,2025-12-02,Cancelled
3992,Female,Senior,Lahore,2024-04-21,2024-12-20,Pizza Hut,Pasta,Fast Food,1,726.23,Cash,34,2024-01-10,350,Inactive,4,2025-01-15,Cancelled
3993,Female,Adult,Lahore,2024-07-25,2024-12-20,Subway,Sandwich,Continental,3,945.09,Card,49,2025-06-28,101,Active,4,2025-03-29,Delayed
3994,Female,Senior,Multan,2025-06-22,2024-12-20,KFC,Sandwich,Italian,2,584.19,Wallet,46,2025-06-01,199,Active,4,2025-02-04,Cancelled
3995,Male,Senior,Lahore,2024-01-10,2024-12-20,Pizza Hut,Pasta,Italian,3,1246.23,Card,17,2025-02-04,473,Active,4,2024-11-10,Cancelled
3996,Female,Teenager,Lahore,2025-12-03,2024-12-21,McDonald's,Pizza,Fast Food,1,212.99,Card,27,2024-12-28,116,Active,2,2025-04-30,Delivered
3997,Male,Teenager,Peshawar,2025-01-23,2024-12-21,Burger King,Fries,Italian,5,1381.65,Wallet,18,2024-09-27,63,Inactive,5,2025-06-04,Delivered
3998,Male,Adult,Karachi,2025-01-05,2024-12-21,Subway,Pizza,Dessert,1,1187.27,Card,46,2024-11-18,453,Active,4,2025-07-18,Cancelled
3999,Other,Adult,Multan,2023-01-09,2024-12-21,McDonald's,Burger,Continental,1,238.71,Card,37,2025-04-29,385,Inactive,2,2025-07-29,Delivered
4000,Female,Adult,Karachi,2023-12-27,2024-12-21,McDonald's,Pasta,Italian,2,1289.39,Wallet,31,2025-08-21,236,Inactive,2,2025-04-01,Delivered
4001,Other,Teenager,Islamabad,2023-07-11,2024-12-21,KFC,Fries,Continental,5,385.95,Cash,50,2025-07-07,214,Active,5,2024-10-16,Delivered
4002,Male,Adult,Islamabad,2023-11-18,2024-12-22,KFC,Fries,Dessert,3,868.86,Card,9,2025-01-04,55,Inactive,3,2024-11-25,Delivered
4003,Female,Adult,Karachi,2025-01-07,2024-12-22,McDonald's,Fries,Fast Food,3,1203.69,Wallet,24,2025-05-17,430,Active,5,2024-10-19,Delayed
4004,Other,Teenager,Peshawar,2024-12-04,2024-12-22,Subway,Pasta,Italian,4,834.37,Cash,41,2025-08-16,291,Inactive,4,2025-04-08,Cancelled
4005,Male,Teenager,Peshawar,2025-12-04,2024-12-23,Burger King,Pizza,Dessert,1,1062.27,Card,14,2024-10-14,54,Inactive,4,2025-05-06,Delivered
4006,Male,Adult,Multan,2023-12-23,2024-12-23,KFC,Sandwich,Italian,3,238.59,Wallet,24,2024-10-25,360,Inactive,5,2024-11-30,Delivered
4007,Male,Teenager,Peshawar,2024-08-19,2024-12-23,Burger King,Pasta,Dessert,3,736.18,Wallet,25,2025-06-04,263,Inactive,3,2025-06-19,Cancelled
4008,Other,Senior,Peshawar,2025-01-26,2024-12-23,McDonald's,Burger,Fast Food,1,1188.32,Wallet,4,2024-12-12,390,Active,2,2024-10-22,Delayed
4009,Female,Senior,Lahore,2024-04-23,2024-12-23,Burger King,Fries,Continental,4,1342.3,Card,32,2025-03-15,7,Inactive,4,2024-02-12,Cancelled
4010,Female,Teenager,Islamabad,2023-12-10,2024-12-23,KFC,Pizza,Dessert,3,590.85,Wallet,9,2024-12-23,97,Inactive,5,2025-06-02,Cancelled
4011,Female,Teenager,Karachi,2025-03-04,2024-12-23,Pizza Hut,Pasta,Italian,5,1462.54,Cash,40,2025-01-27,273,Inactive,4,2025-03-31,Delayed
4012,Male,Teenager,Karachi,2025-03-22,2024-12-23,Pizza Hut,Fries,Continental,5,321.76,Card,22,2024-10-16,105,Active,1,2025-05-15,Delivered
4013,Other,Teenager,Multan,2023-11-15,2024-12-23,Pizza Hut,Fries,Continental,3,223.19,Wallet,40,2025-04-19,326,Inactive,1,2024-10-31,Cancelled
4014,Male,Teenager,Peshawar,2023-12-21,2024-12-23,McDonald's,Pizza,Fast Food,4,672.27,Wallet,8,2024-10-27,407,Inactive,1,2024-10-19,Delayed
4015,Other,Teenager,Islamabad,2024-06-01,2024-12-24,Subway,Fries,Continental,2,579.05,Card,37,2024-12-09,12,Active,1,2025-05-29,Delayed
4016,Other,Senior,Islamabad,2025-03-25,2024-12-24,Burger King,Fries,Fast Food,1,1153.41,Cash,34,2025-04-05,276,Active,3,2025-07-05,Cancelled
4017,Other,Adult,Lahore,2025-01-25,2024-12-24,Pizza Hut,Sandwich,Dessert,4,651.99,Card,30,2025-01-13,316,Active,1,2025-03-01,Delivered
4018,Other,Adult,Peshawar,2024-03-17,2024-12-24,McDonald's,Fries,Continental,5,1084.68,Cash,20,2025-10-06,268,Active,1,2025-01-16,Delayed
4019,Female,Senior,Islamabad,2023-10-21,2024-12-24,KFC,Pasta,Italian,5,1398.47,Card,28,2025-08-21,37,Active,4,2025-03-03,Delayed
4020,Female,Senior,Peshawar,2023-08-10,2024-12-24,McDonald's,Burger,Chinese,3,210.49,Wallet,33,2025-04-02,154,Inactive,4,2024-10-18,Delivered
4021,Other,Senior,Multan,2024-12-12,2024-12-24,McDonald's,Pizza,Continental,1,448.59,Card,46,2024-10-23,147,Inactive,1,2024-12-27,Delivered
4022,Male,Adult,Islamabad,2025-02-24,2024-12-24,KFC,Burger,Dessert,3,1472.87,Cash,10,2025-05-15,400,Active,4,2025-02-21,Delayed
4023,Female,Adult,Islamabad,2025-05-13,2024-12-24,Burger King,Sandwich,Dessert,5,118.28,Card,11,2024-03-11,33,Active,4,2024-12-10,Delayed
4024,Other,Teenager,Karachi,2024-06-01,2024-12-24,Subway,Fries,Italian,4,257.61,Wallet,43,2025-07-02,432,Active,5,2024-10-26,Cancelled
4025,Male,Teenager,Karachi,2024-07-06,2024-12-24,Pizza Hut,Burger,Chinese,5,757.75,Wallet,32,2025-04-21,90,Inactive,4,2024-10-09,Delivered
4026,Female,Adult,Karachi,2025-11-02,2024-12-24,KFC,Pizza,Italian,2,267.38,Card,22,2024-09-14,248,Inactive,3,2025-08-03,Delayed
4027,Other,Adult,Lahore,2024-09-18,2024-12-25,Burger King,Pizza,Continental,3,1174.61,Cash,7,2025-10-02,477,Inactive,1,2024-11-30,Cancelled
4028,Other,Teenager,Karachi,2024-12-30,2024-12-25,Pizza Hut,Burger,Dessert,4,706.89,Wallet,21,2024-06-12,263,Inactive,5,2024-09-11,Cancelled
4029,Other,Adult,Lahore,2023-09-26,2024-12-25,KFC,Sandwich,Chinese,1,1063.33,Card,18,2025-04-26,490,Active,2,2025-04-13,Delivered
4030,Female,Teenager,Islamabad,2025-01-21,2024-12-25,Subway,Burger,Dessert,4,824.77,Cash,13,2024-12-14,488,Inactive,3,2024-04-10,Cancelled
4031,Male,Senior,Lahore,2024-03-10,2024-12-25,Burger King,Fries,Dessert,3,1012.9,Card,14,2025-08-14,276,Inactive,5,2025-05-17,Cancelled
4032,Male,Senior,Lahore,2024-10-29,2024-12-25,Burger King,Fries,Continental,3,589.86,Card,50,2025-06-02,436,Inactive,3,2025-06-08,Cancelled
4033,Female,Adult,Islamabad,2025-04-28,2024-12-25,Pizza Hut,Fries,Dessert,2,1249.82,Cash,17,2025-01-01,105,Inactive,1,2025-07-21,Delayed
4034,Female,Adult,Lahore,2024-04-18,2024-12-25,KFC,Sandwich,Dessert,5,645.75,Card,7,2025-02-18,5,Inactive,5,2025-04-26,Cancelled
4035,Male,Senior,Multan,2024-04-10,2024-12-25,KFC,Sandwich,Italian,3,1280.94,Card,32,2025-01-21,249,Inactive,1,2025-04-19,Delivered
4036,Female,Adult,Multan,2024-06-08,2024-12-26,Subway,Pizza,Chinese,1,806.63,Card,25,2025-01-02,92,Inactive,4,2024-09-22,Cancelled
4037,Other,Adult,Peshawar,2025-02-18,2024-12-26,Burger King,Pizza,Fast Food,3,811.44,Cash,11,2025-07-23,47,Inactive,1,2025-06-04,Delivered
4038,Male,Adult,Peshawar,2023-12-09,2024-12-26,Subway,Burger,Dessert,2,1344.36,Wallet,24,2025-07-15,27,Active,1,2025-08-07,Delivered
4039,Female,Teenager,Lahore,2025-01-02,2024-12-26,Subway,Pasta,Dessert,3,1002.68,Cash,20,2025-05-21,116,Active,3,2024-10-31,Cancelled
4040,Male,Adult,Karachi,2024-01-22,2024-12-26,Burger King,Sandwich,Chinese,3,954.87,Wallet,2,2025-06-25,495,Active,1,2024-12-18,Delayed
4041,Male,Senior,Multan,2023-10-30,2024-12-26,Subway,Fries,Fast Food,2,1439.3,Card,36,2024-10-10,318,Inactive,2,2025-09-06,Delayed
4042,Male,Adult,Multan,2025-01-28,2024-12-26,Subway,Pizza,Continental,5,1110.75,Card,40,2025-03-01,383,Inactive,1,2024-06-10,Delayed
4043,Other,Adult,Multan,2024-05-24,2024-12-26,McDonald's,Pasta,Italian,5,537.92,Wallet,44,2024-11-22,308,Active,2,2025-01-24,Cancelled
4044,Female,Teenager,Lahore,2025-07-31,2024-12-26,Pizza Hut,Sandwich,Chinese,5,688.77,Cash,5,2024-11-14,199,Active,2,2024-05-11,Delayed
4045,Female,Senior,Lahore,2023-12-20,2024-12-27,Pizza Hut,Pizza,Continental,1,638.0,Wallet,1,2025-10-08,103,Inactive,3,2024-10-19,Delayed
4046,Male,Senior,Lahore,2024-02-03,2024-12-27,Subway,Burger,Italian,2,234.56,Card,42,2024-07-10,456,Inactive,2,2025-08-19,Delivered
4047,Other,Teenager,Islamabad,2025-03-21,2024-12-27,Subway,Fries,Italian,2,1427.73,Cash,27,2024-09-30,56,Active,5,2024-12-16,Cancelled
4048,Male,Adult,Lahore,2023-09-29,2024-12-27,Subway,Sandwich,Fast Food,4,459.72,Wallet,29,2024-11-16,137,Active,3,2024-11-21,Delivered
4049,Female,Senior,Islamabad,2023-12-27,2024-12-27,Subway,Pizza,Continental,2,497.91,Wallet,31,2025-03-29,228,Active,3,2025-04-22,Cancelled
4050,Male,Adult,Peshawar,2023-07-09,2024-12-27,Pizza Hut,Pasta,Chinese,2,895.92,Cash,47,2025-01-18,454,Active,4,2025-04-03,Delayed
4051,Female,Adult,Peshawar,2025-07-18,2024-12-27,Burger King,Pizza,Chinese,4,772.47,Card,45,2025-03-03,15,Inactive,2,2025-04-07,Delayed
4052,Female,Teenager,Islamabad,2024-12-05,2024-12-27,McDonald's,Sandwich,Dessert,3,265.94,Cash,4,2024-01-12,348,Active,4,2025-10-05,Delivered
4053,Male,Teenager,Karachi,2025-03-17,2024-12-27,McDonald's,Sandwich,Fast Food,5,1045.73,Wallet,1,2025-07-16,430,Inactive,2,2025-07-18,Delayed
4054,Female,Senior,Multan,2023-05-12,2024-12-27,McDonald's,Sandwich,Fast Food,2,232.48,Wallet,24,2024-08-24,7,Inactive,2,2024-10-31,Delayed
4055,Female,Teenager,Multan,2025-02-03,2024-12-27,KFC,Fries,Italian,5,1013.38,Cash,12,2024-10-28,69,Active,3,2024-11-21,Cancelled
4056,Female,Teenager,Islamabad,2025-05-02,2024-12-27,KFC,Pizza,Dessert,4,1366.76,Cash,3,2025-05-30,11,Active,1,2025-01-26,Delivered
4057,Other,Senior,Lahore,2024-06-03,2024-12-28,McDonald's,Fries,Italian,1,243.67,Card,6,2024-10-20,246,Inactive,1,2025-12-04,Delivered
4058,Female,Senior,Karachi,2024-07-20,2024-12-28,McDonald's,Pasta,Fast Food,3,1039.66,Wallet,19,2025-08-15,56,Inactive,2,2025-05-21,Cancelled
4059,Male,Teenager,Lahore,2024-11-03,2024-12-28,Pizza Hut,Burger,Chinese,1,382.86,Wallet,34,2025-05-14,279,Inactive,1,2025-01-05,Delayed
4060,Female,Teenager,Peshawar,2025-07-03,2024-12-28,KFC,Burger,Italian,4,1227.77,Cash,35,2024-12-24,138,Active,2,2024-10-10,Delayed
4061,Male,Adult,Peshawar,2023-12-23,2024-12-28,Subway,Pasta,Continental,5,209.82,Card,19,2025-12-04,347,Active,3,2025-06-18,Delayed
4062,Other,Teenager,Lahore,2023-08-26,2024-12-28,Subway,Pasta,Chinese,2,245.95,Wallet,4,2024-11-19,373,Inactive,4,2024-09-17,Delayed
4063,Male,Adult,Islamabad,2025-01-03,2024-12-28,McDonald's,Fries,Italian,4,1372.54,Card,15,2024-12-18,337,Inactive,1,2024-11-11,Cancelled
4064,Female,Adult,Lahore,2023-09-14,2024-12-29,Subway,Burger,Chinese,1,239.45,Wallet,24,2024-02-12,420,Active,4,2024-10-11,Delayed
4065,Other,Adult,Karachi,2025-12-02,2024-12-29,McDonald's,Pasta,Chinese,1,699.04,Wallet,34,2024-12-18,497,Inactive,5,2025-07-07,Cancelled
4066,Male,Senior,Islamabad,2025-02-05,2024-12-29,McDonald's,Pasta,Chinese,1,634.2,Wallet,10,2025-08-04,482,Inactive,4,2024-09-26,Delayed
4067,Male,Teenager,Karachi,2024-07-06,2024-12-29,Subway,Sandwich,Chinese,5,785.38,Card,38,2025-09-07,124,Inactive,2,2024-09-15,Delayed
4068,Other,Adult,Lahore,2024-08-15,2024-12-29,McDonald's,Burger,Continental,5,146.62,Wallet,48,2025-05-04,150,Inactive,3,2024-11-30,Cancelled
4069,Other,Senior,Multan,2025-10-08,2024-12-29,Subway,Fries,Continental,2,1142.88,Card,20,2025-01-21,349,Inactive,5,2024-12-15,Delayed
4070,Female,Adult,Multan,2024-12-14,2024-12-29,Burger King,Fries,Fast Food,1,911.65,Card,40,2025-03-25,7,Active,1,2024-09-28,Cancelled
4071,Female,Adult,Peshawar,2024-11-03,2024-12-29,Subway,Pizza,Dessert,1,252.51,Cash,15,2025-05-28,214,Inactive,3,2024-09-24,Delivered
4072,Female,Adult,Peshawar,2024-03-03,2024-12-29,McDonald's,Burger,Continental,1,1238.37,Wallet,6,2025-10-07,40,Inactive,5,2025-06-28,Cancelled
4073,Male,Teenager,Peshawar,2024-02-17,2024-12-29,Subway,Pizza,Continental,4,1102.03,Wallet,10,2024-10-10,356,Inactive,3,2024-09-26,Delivered
4074,Other,Adult,Peshawar,2024-05-26,2024-12-29,McDonald's,Fries,Continental,3,325.32,Cash,22,2025-02-07,23,Active,2,2025-07-28,Delivered
4075,Male,Senior,Islamabad,2023-09-09,2024-12-29,KFC,Pizza,Italian,3,318.08,Wallet,35,2025-04-08,447,Active,5,2024-11-18,Delayed
4076,Female,Adult,Peshawar,2024-11-17,2024-12-29,KFC,Fries,Dessert,5,273.41,Cash,21,2025-04-21,222,Inactive,2,2025-08-02,Delayed
4077,Female,Senior,Peshawar,2023-05-10,2024-12-30,Pizza Hut,Sandwich,Fast Food,2,772.85,Wallet,28,2025-01-06,393,Active,3,2025-10-06,Cancelled
4078,Other,Adult,Islamabad,2023-08-09,2024-12-30,KFC,Pasta,Italian,2,1288.61,Cash,6,2024-11-26,290,Inactive,1,2024-08-12,Cancelled
4079,Male,Senior,Karachi,2024-10-08,2024-12-30,KFC,Sandwich,Fast Food,4,1393.04,Wallet,36,2025-02-03,6,Active,3,2024-04-10,Delayed
4080,Other,Teenager,Lahore,2025-06-07,2024-12-30,Subway,Sandwich,Chinese,1,941.57,Wallet,18,2024-09-11,439,Inactive,4,2024-01-11,Cancelled
4081,Male,Senior,Lahore,2024-01-24,2024-12-30,Subway,Burger,Chinese,1,931.82,Cash,28,2025-08-04,207,Inactive,2,2024-10-15,Delivered
4082,Female,Senior,Multan,2025-11-01,2024-12-30,Burger King,Burger,Italian,3,716.72,Wallet,14,2024-10-10,271,Inactive,1,2024-07-09,Cancelled
4083,Male,Senior,Peshawar,2024-06-25,2024-12-30,Pizza Hut,Sandwich,Chinese,4,884.34,Cash,48,2024-12-15,149,Inactive,1,2025-12-04,Delivered
4084,Female,Adult,Karachi,2024-01-05,2024-12-30,KFC,Sandwich,Continental,2,195.73,Card,30,2025-07-30,465,Inactive,2,2025-07-01,Delivered
4085,Other,Adult,Karachi,2023-12-27,2024-12-31,Subway,Fries,Italian,4,970.04,Wallet,19,2025-01-23,404,Active,5,2024-12-15,Cancelled
4086,Female,Senior,Karachi,2024-11-05,2024-12-31,McDonald's,Sandwich,Italian,1,1238.3,Wallet,22,2024-10-29,97,Active,3,2024-09-26,Delivered
4087,Female,Teenager,Islamabad,2024-08-05,2024-12-31,KFC,Sandwich,Fast Food,5,1116.82,Cash,43,2024-10-23,332,Active,3,2024-11-26,Delayed
4088,Male,Senior,Multan,2023-08-10,2024-12-31,McDonald's,Pasta,Dessert,4,812.5,Cash,44,2024-10-13,89,Inactive,1,2025-08-06,Cancelled
4089,Other,Senior,Lahore,2024-01-09,2024-12-31,KFC,Fries,Chinese,5,510.96,Cash,3,2024-01-10,308,Inactive,2,2025-04-28,Delayed
4090,Female,Teenager,Peshawar,2024-01-06,2024-12-31,McDonald's,Sandwich,Italian,4,347.34,Wallet,9,2025-03-28,52,Active,5,2025-06-16,Delayed
4091,Male,Adult,Multan,2025-04-27,2024-12-31,Subway,Fries,Fast Food,2,1274.51,Wallet,14,2025-02-01,428,Inactive,5,2024-10-12,Cancelled
4092,Other,Senior,Peshawar,2025-05-20,2024-12-31,KFC,Burger,Italian,1,1379.87,Card,29,2025-01-05,55,Active,3,2025-04-20,Delayed
